Date,Open,High,Low,Close,Volume,MA_5,MA_10,MA_20,MA_60,MA_120,MACD,MACD_Signal,MACD_Hist,BB_Middle,BB_Upper,BB_Lower,RSI,Stochastic,Returns
2021-06-25,14271.144651783763,14290.849373429306,14088.8759765625,14088.8759765625,1737410,14180.503125,14077.053125,13895.769580078126,13975.139176432293,14116.210205078125,106.78602858225713,62.22317047543741,44.56285810681972,13895.769580078126,14349.075361735882,13442.46379842037,63.939413235423096,66.85396671840802,-0.007633588311338313
2021-06-28,14162.769353476875,14207.104979279064,14108.581366385311,14152.9169921875,1369981,14174.591796875,14096.75791015625,13913.7501953125,13976.212923177083,14108.941813151041,107.66247766507331,71.3110319133646,36.35144575170871,13913.7501953125,14378.331231778924,13449.169158846074,63.82981543856689,74.15740496428539,0.0045455021203633095
2021-06-29,14187.399109920498,14325.332156822504,14172.620569180997,14251.439453125,2420098,14194.2962890625,14133.704296875,13936.410595703124,13978.847395833332,14102.413142903646,114.98157308776172,80.04514014824403,34.93643293951769,13936.410595703124,14421.045757596918,13451.775433809331,74.19356488986517,85.39321536277009,0.006961283033871002
2021-06-30,14241.587103679782,14423.85577294168,14231.734743179139,14359.8154296875,2544550,14210.0599609375,14184.4439453125,13973.11064453125,13984.832926432291,14097.844563802084,128.0509528388684,89.64630268636891,38.404650152499485,13973.11064453125,14469.73126827587,13476.490020786632,71.0145260641721,90.57970786605804,0.0076045635192827366
2021-07-01,14330.258754470367,14482.970346559945,14320.406393690395,14463.265625,2581848,14263.2626953125,14238.1392578125,14006.362353515626,13993.762223307293,14093.487638346354,145.08366249399478,100.7337746478941,44.349887846100685,14006.362353515626,14541.261823895788,13471.462883135464,72.78914133326141,97.33333141893986,0.007204145193860034
2021-07-02,14468.190966249364,14527.305127500636,14399.224444789543,14497.748046875,2906227,14345.037109375,14262.7701171875,14047.003271484375,14002.859684244791,14088.523714192708,159.52573747314818,112.4921672129449,47.03357026020328,14047.003271484375,14602.201692686656,13491.804850282093,70.37037037037037,96.22640869817891,0.0023841380480074115
2021-07-05,14537.157692463512,14773.614340799075,14537.157692463512,14724.3525390625,4418432,14459.32421875,14316.9580078125,14101.437548828126,14012.563004557293,14085.488810221354,187.09950798775026,127.41363536790598,59.685872619844275,14101.437548828126,14698.713434553036,13504.161663103216,78.40537578604341,95.21530573464048,0.015630323513336597
2021-07-06,14680.017749683277,14729.279554212415,14547.010877454602,14581.494140625,2623304,14525.33515625,14359.81572265625,14145.28056640625,14018.665771484375,14081.62928873698,195.17458976357557,140.9658262470399,54.20876351653567,14145.28056640625,14748.615980004191,13541.94515280831,72.83956962404818,81.33977265086261,-0.0097021854141639
2021-07-07,14581.493877400606,14699.722206136286,14542.084434488714,14620.9033203125,2105129,14577.552734375,14393.80634765625,14200.70009765625,14023.392757161459,14078.098177083333,202.4207611611455,153.25681322986102,49.16394793128447,14200.70009765625,14761.425199203035,13639.974996109466,72.23979142915927,82.18396967248655,0.0027026846019642115
2021-07-08,14615.976536440516,14665.238338046314,14349.962807769201,14399.224609375,2108278,14564.74453125,14414.00361328125,14231.242431640625,14020.034602864584,14074.183227539062,188.1073998603988,160.22693055596858,27.88046930443022,14231.242431640625,14763.211122032626,13699.273741248624,55.06756892512567,45.323681134547265,-0.01516176573232153
2021-07-09,14330.257771614404,14394.298112291952,14147.989109685997,14354.888671875,4066334,14536.17265625,14440.6048828125,14258.82900390625,14015.612320963543,14072.378605143229,171.21278388562132,162.42410122189912,8.788682663722199,14258.82900390625,14753.222164399636,13764.435843412864,56.01370918462233,38.848808421751215,-0.0030790503449146245
2021-07-12,14418.929192185891,14463.264813207305,14310.553229689107,14364.7412109375,2306003,14464.250390625,14461.7873046875,14279.272607421875,14011.679443359375,14074.030240885417,156.81107609400715,161.30149619632073,-4.490420102313578,14279.272607421875,14754.355034568618,13804.190180275133,57.4912415454666,40.28768487107719,0.000686354264927358
2021-07-13,14389.373273410927,14571.641952327807,14369.66855136586,14482.970703125,3358051,14444.545703125,14484.9404296875,14309.32236328125,14007.684456380208,14074.71581217448,153.1720784705867,159.67561265117394,-6.5035341805872235,14309.32236328125,14753.626424444881,13865.018302117618,57.192988313624184,57.55405964464722,0.008230534086996144
2021-07-14,14423.856714182528,14507.60178390285,14354.890186177558,14492.8232421875,4257878,14418.9296875,14498.2412109375,14341.342578125,14001.251920572917,14072.75977376302,149.36141873676206,157.61277386829158,-8.251355131529522,14341.342578125,14736.599969327479,13946.085186922523,61.11112334809848,58.99293609397319,0.0006802844018993781
2021-07-15,14502.67530231777,14748.984325794634,14492.822941378694,14665.2392578125,2180875,14472.1326171875,14518.43857421875,14378.288916015625,13998.66865234375,14072.240535481771,158.42771883861496,157.77576286235626,0.651955976258705,14378.288916015625,14747.482455580892,14009.095376450357,70.6713795770149,83.70380309606315,0.011896647930067283
2021-07-16,14581.494097807756,14694.796247892073,14517.453752107926,14606.125,2548011,14522.3798828125,14529.27626953125,14396.023193359375,13998.352327473958,14071.594547526041,159.00983403492683,158.02257709687038,0.9872569380564471,14396.023193359375,14773.541902255423,14018.504484463327,66.3120385399744,73.22848688485803,-0.004030909879701339
2021-07-19,14512.527529198233,14670.165302767256,14512.527529198233,14630.755859375,3159419,14575.5828125,14519.9166015625,14418.4373046875,13997.958707682292,14067.251188151042,159.61868419260827,158.34179851601797,1.2768856765902967,14418.4373046875,14795.802113772126,14041.072495602875,64.41948594432375,77.16548592998575,0.0016863377093514487
2021-07-20,14512.527081261636,14655.38630914914,14453.412917997843,14551.9365234375,2339130,14589.3759765625,14516.96083984375,14438.38828125,13996.1701171875,14063.633186848958,151.98910484885346,157.07125978258506,-5.082154933731601,14438.38828125,14798.440944542563,14078.335617957437,57.47125912963166,64.56699532926797,-0.0053872360864387625
2021-07-21,14630.75598826142,14650.460710131134,14507.601476575719,14556.86328125,3770767,14602.183984375,14510.5568359375,14452.181591796874,13993.975797526042,14061.519718424479,144.67246234122285,154.59150029431262,-9.91903795308977,14452.181591796874,14807.957791605006,14096.405391988743,53.94191349210005,65.35448879460256,0.00033856372343055163
2021-07-22,14630.755689538044,14739.131657608696,14601.198607336957,14729.279296875,2895347,14614.9919921875,14543.5623046875,14478.782958984375,13998.069889322916,14063.078938802084,151.04534524303745,153.8822692840576,-2.836924041020154,14478.782958984375,14833.860625336076,14123.705292632674,58.73607536913722,92.91348211049666,0.011844310981959927
2021-07-23,14729.278279554464,14891.84222043249,14719.425919501251,14753.9091796875,2574864,14644.548828125,14583.46435546875,14512.034619140624,14009.810595703126,14068.827335611979,156.28180716832867,154.36217686091183,1.9196303074168384,14512.034619140624,14836.618314530831,14187.450923750417,51.31576888097478,81.45695181585407,0.0016721716192675817
2021-07-26,14817.950715488216,14827.80307633628,14576.567874710649,14630.755859375,2379892,14644.548828125,14610.0658203125,14535.9265625,14022.618668619793,14068.671175130208,148.7792625302427,153.245593994778,-4.466331464535301,14535.9265625,14816.582559644328,14255.270565355673,52.232138116090304,64.9008174751763,-0.008347165406308199
2021-07-27,14660.313652317322,14729.280181595695,14556.86385839976,14561.7900390625,1719051,14646.51953125,14617.94775390625,14551.444091796875,14035.262548828125,14067.940299479167,135.70416340105476,149.73730787603336,-14.033144474978599,14551.444091796875,14798.134661322805,14304.753522270945,47.39134332114593,55.629387495769556,-0.004713756484994502
2021-07-28,14507.601017473004,14596.272263080647,14300.701444388498,14369.66796875,4837443,14609.08046875,14605.6322265625,14551.93671875,14051.272639973959,14064.998616536459,108.58767655524025,141.50738161187473,-32.919705056634484,14551.93671875,14797.050349685233,14306.823087814766,48.66073483027538,29.801429322724342,-0.013193575089128884
2021-07-29,14433.70889801233,14507.601605681335,14404.15181494473,14482.970703125,2479442,14559.81875,14587.40537109375,14552.92197265625,14067.36484375,14064.423958333333,95.1434941440748,132.23460411831476,-37.09110997423997,14552.92197265625,14796.689601988119,14309.15434332438,55.46223876991762,30.833477595011548,0.007884854028736177
2021-07-30,14443.560706368946,14453.41306701449,14216.95641152141,14236.6611328125,2865600,14456.369140625,14550.458984375,14539.867626953124,14079.844482421875,14061.552807617187,63.87741976117468,118.56316724688675,-54.68574748571207,14539.867626953124,14821.152670307521,14258.582583598727,45.4545706597759,2.919711902504311,-0.017006840334169437
2021-08-02,14310.55508700284,14463.266690340908,14280.998002485796,14414.0048828125,3970251,14413.0189453125,14528.78388671875,14524.350244140625,14092.40625,14061.175821940104,52.8003396063541,105.41060171878021,-52.61026211242611,14524.350244140625,14796.888806684994,14251.811681596257,47.651032606345645,29.197305483282364,0.012456835794964594
2021-08-03,14394.298429214421,14522.379113389497,14295.774826002822,14399.224609375,3562976,14380.505859375,14513.5126953125,14515.236767578124,14099.467106119791,14061.651334635417,42.34094912985711,92.7966712009956,-50.455722071138496,14515.236767578124,14791.888520478788,14238.585014677461,46.822707439794044,27.00726485087556,-0.0010254106029286003
2021-08-04,14428.782898690537,14601.19921875,14374.594912386134,14601.19921875,2789775,14426.812109375,14517.9462890625,14514.2515625,14115.723518880208,14063.240836588542,49.77568669379798,84.19247429955608,-34.4167876057581,14514.2515625,14789.45545777655,14239.047667223449,47.86886865481697,56.93449205111608,0.014026769833390906
2021-08-05,14601.198336693547,14748.983744959678,14601.198336693547,14660.3125,4119583,14462.28046875,14511.049609375,14527.30595703125,14135.920849609374,14063.493587239584,59.74896862629976,79.30377316490483,-19.55480453860507,14527.30595703125,14804.299545051164,14250.312369011337,51.80325865686348,65.69349697750187,0.0040485223415136495
2021-08-06,14684.943275790914,14778.540700225678,14635.681473456829,14734.205078125,1385259,14561.7892578125,14509.07919921875,14546.27177734375,14160.880159505208,14066.354077148437,72.77645821157967,77.99831017423979,-5.221851962660125,14546.27177734375,14825.493008762358,14267.050545925144,53.33330816014177,76.64239783588927,0.005040313985462452
2021-08-09,14630.75560546875,14778.541015625,14581.493802083334,14778.541015625,2694014,14634.696484375,14523.85771484375,14566.961767578125,14181.159586588541,14070.193815104167,85.6905894170086,79.53676602279356,6.153823394215038,14566.961767578125,14850.831824933837,14283.091710222412,57.467523899693695,83.21179623108378,0.0030090484871709844
2021-08-10,14734.205871026605,14788.393856510154,14591.346636569979,14615.9775390625,2632189,14678.0470703125,14529.27646484375,14573.612109375,14198.975944010417,14074.304956054688,81.86394092719456,80.00220100367376,1.8617399235208012,14573.612109375,14855.421675898893,14291.802542851108,51.76470656830123,59.12424328271253,-0.01099996788523483
2021-08-11,14571.641828891292,14739.131964855558,14517.453843726382,14665.2392578125,2404713,14690.855078125,14558.83359375,14582.23291015625,14214.411311848959,14078.420092773438,81.86264185765503,80.37428917447002,1.4883526831850133,14582.23291015625,14864.185250333012,14300.280569979488,47.936520722899,66.42351052163747,0.0033704019192930534
2021-08-12,14660.313564143627,14719.427731740981,14606.125577179388,14611.0517578125,1762633,14681.0029296875,14571.64169921875,14579.52353515625,14229.107763671875,14084.60410970052,76.60606689596352,79.62064471876872,-3.014577822805194,14579.52353515625,14859.149220330732,14299.897849981768,45.482931070897905,64.51624752842491,-0.0036949618787250893
2021-08-13,14586.419912238962,14620.903174442838,14305.627634293127,14478.0439453125,3996591,14629.770703125,14595.77998046875,14573.119482421875,14242.983170572918,14092.403434244792,61.00435426904369,75.89738662882371,-14.893032359780022,14573.119482421875,14856.027397322483,14290.211567521266,45.201242950405344,45.689608911826255,-0.009103233271956723
2021-08-17,14478.04364769991,14507.600728981364,14172.620474458196,14192.3251953125,3630283,14512.5275390625,14573.61201171875,14551.19794921875,14256.365966796875,14101.195922851562,25.293205011270402,65.77655030531305,-40.48334529404265,14551.19794921875,14879.590039730603,14222.805858706895,39.78201311075868,3.1999955549624244,-0.019734623757134417
2021-08-18,14138.13766955186,14448.487033029827,14074.0973247072,14379.5205078125,4223594,14465.2361328125,14571.6416015625,14542.5771484375,14268.517220052083,14106.344864908855,11.95910211687442,55.013060667625325,-43.053958550750906,14542.5771484375,14879.820686411489,14205.333610463511,50.27322818737783,42.75859807612143,0.013189897351127966
2021-08-19,14271.144738555373,14409.077790912828,14039.6142578125,14039.6142578125,5224120,14340.1111328125,14515.48310546875,14516.714697265625,14275.249674479166,14112.238671875,-25.739159149299667,38.86261670424033,-64.60177585354,14516.714697265625,14921.845726542128,14111.583667989122,39.07768893918639,0.0,-0.023638218660721466
2021-08-20,14133.211898384543,14241.587869721057,13734.191276645559,13808.083984375,10010660,14179.517578125,14430.26025390625,14470.654931640625,14275.988606770834,14113.357389322917,-73.45116162180784,16.399861039030696,-89.85102266083854,14470.654931640625,14972.056484080587,13969.253379200663,39.36433647882115,7.009346129558142,-0.01649121330442982
2021-08-23,13926.312596538437,14226.809614008846,13901.681693467091,14202.1787109375,4094890,14124.34453125,14377.0576171875,14443.068408203126,14283.624202473959,14117.069132486979,-78.55755390016384,-2.5916219488082106,-75.96593195135563,14443.068408203126,14939.538663057661,13946.59815334859,45.25385975353592,44.39255255399305,0.02854086975488057
2021-08-24,14320.40674625319,14482.970703125,14271.14494114052,14482.970703125,3455339,14182.4736328125,14347.5005859375,14435.679150390624,14295.118636067707,14123.852555338543,-59.26368461154925,-13.926034481356421,-45.33765013019283,14435.679150390624,14924.731183459122,13946.627117322127,51.67654865111304,71.0280396558711,0.01977105047771688
2021-08-25,14517.452685166567,14547.009765625,14349.962562568786,14547.009765625,4375739,14215.971484375,14340.60380859375,14434.94013671875,14307.598274739583,14131.047672526041,-38.363506426891036,-18.813528870463344,-19.54997755642769,14434.94013671875,14923.233859649132,13946.646413788367,48.851742561882574,77.10268448440353,0.0044216800415251
2021-08-26,14566.71537866763,14635.681903963994,14458.339410344774,14596.2724609375,5722469,14327.303125,14333.70712890625,14446.270361328125,14323.772574869792,14141.620947265625,-17.621744332194794,-18.575171962809634,0.9534276306148399,14446.270361328125,14938.685738495189,13953.85498416106,48.63732309637297,81.77566634324393,0.0033864482189946976
2021-08-27,14527.30558023456,14670.164807710587,14482.969957914414,14576.5673828125,3235421,14480.9998046875,14330.25869140625,14450.9501953125,14336.744840494792,14152.761751302083,-2.742173489257766,-15.408572268099261,12.666398778841495,14450.9501953125,14946.60259350949,13955.29779711551,46.56652606994953,79.90647359970777,-0.0013500075569111702
2021-08-30,14680.017179113553,14817.950226434083,14635.681556760524,14684.943359375,2693276,14577.552734375,14350.9486328125,14473.364306640626,14353.411735026042,14165.3341796875,17.592236822751147,-8.80841044992918,26.400647272680327,14473.364306640626,14968.758636553312,13977.96997672794,48.01669679572499,87.72726471278169,0.007434944985078351
2021-08-31,14675.090968030563,14817.9501953125,14537.157920999729,14817.9501953125,4597048,14644.5486328125,14413.5111328125,14493.561572265626,14373.116455078125,14176.250626627605,43.933505468792646,1.7399727338151845,42.19353273497746,14493.561572265626,15011.204230501437,13975.918914029815,54.334020953845034,99.99999712836673,0.009057361181620482
2021-09-01,14739.131716325519,14926.326571011472,14739.131716325519,14921.400390625,5170414,14719.4267578125,14467.69912109375,14519.670361328124,14393.3958984375,14186.403068033855,72.32302206291388,15.856582599634924,56.46643946327895,14519.670361328124,15068.984640526307,13970.356082129942,55.371893040944165,99.58677673501042,0.006981410650524822
2021-09-02,14872.138849990171,14936.179196147797,14822.877045253537,14881.9912109375,1874702,14776.5705078125,14551.93681640625,14533.7099609375,14416.220540364584,14196.755574544271,90.59757460958281,30.8047810016245,59.7927936079583,14533.7099609375,15105.68375103404,13961.73617084096,55.71724252193201,95.49180284334825,-0.0026411180355605524
2021-09-03,14891.843841060028,14990.367452314147,14862.286757683793,14950.9580078125,1388557,14851.4486328125,14666.22421875,14548.242236328126,14435.596875,14204.796484375,109.38441781299116,46.52070836389784,62.86370944909332,14548.242236328126,15147.860635647488,13948.623837008763,60.25642328989014,96.86274542815049,0.004634245236236456
2021-09-06,14946.031029413278,15044.55463540809,14886.916865816389,14960.8095703125,2252617,14906.621875,14742.0873046875,14559.5724609375,14454.891080729167,14212.878841145834,123.64278806850416,61.9451243048191,61.69766376368506,14559.5724609375,15182.111863970087,13937.033057904911,68.93204817793037,93.60901962531393,0.000658925166858948
2021-09-07,14941.104765253222,15010.0712890625,14896.769142804398,15010.0712890625,819776,14945.04609375,14794.79736328125,14571.148974609376,14472.461116536459,14221.127791341145,137.3345510115014,77.02300964615557,60.31154136534582,14571.148974609376,15218.93213640984,13923.365812808912,66.66666666666666,97.3684134164011,0.003292717450782412
2021-09-08,14946.032268765703,14955.88463018216,14680.018510521357,14704.6494140625,2127099,14901.6958984375,14810.561328125,14575.582568359376,14486.172347005207,14226.95352376302,122.13251142539957,86.04491000200437,36.0876014233952,14575.582568359376,15225.866554817021,13925.29858190173,67.90455056947849,74.06023153252796,-0.020347796430690734
2021-09-09,14630.755681040473,14773.614911596087,14591.346238128579,14620.9033203125,1037093,14849.4783203125,14813.0244140625,14573.365771484376,14498.980419921874,14231.349625651043,102.14965798699632,89.26585959900277,12.88379838799355,14573.365771484376,15222.664399443665,13924.067143525086,73.77521482122178,62.931022378036,-0.005695211860672567
2021-09-10,14596.27141883608,14778.540079820534,14596.27141883608,14753.9091796875,1302158,14810.0685546875,14830.75859375,14580.508642578125,14512.773697916668,14237.545206705729,95.93963159095983,90.60061399739419,5.339017593565643,14580.508642578125,15234.677724344809,13926.33956081144,69.04758693884376,62.42024662028118,0.009096965930293743
2021-09-13,14684.944288493169,14709.575191358806,14571.642135311235,14601.19921875,1972054,14738.146484375,14822.3841796875,14586.66640625,14518.60302734375,14241.614493815105,77.79890597408303,88.04027239273196,-10.241366418648937,14586.66640625,15239.090608824768,13934.242203675232,54.47763070882567,36.17038921193363,-0.010350474513408536
2021-09-14,14620.903202995009,14857.35985856905,14611.050842346089,14803.171875,1632992,14696.7666015625,14820.90634765625,14617.208740234375,14528.947998046875,14247.244938151041,78.81126838565797,86.19447159131717,-7.3832032056592,14617.208740234375,15248.762431672114,13985.655048796636,58.78382632060447,58.82352588470916,0.01383260739231873
2021-09-15,14788.392865500535,14975.587711899276,14778.540505163759,14965.7353515625,2275725,14748.9837890625,14825.33984375,14646.519482421874,14542.494970703125,14254.473990885417,91.67432232693864,87.29044173844146,4.383880588497178,14646.519482421874,15285.989331984183,14007.049632859565,61.755497581971234,85.96484430498404,0.010981665141444497
2021-09-16,15010.071637581503,15014.997817967977,14832.729143668495,14921.400390625,1341859,14809.083203125,14829.28076171875,14690.6087890625,14553.168359375,14261.821411132812,97.1707999289174,89.26651337653665,7.9042865523807535,14690.6087890625,15272.931948251402,14108.285629873599,60.80251691311033,75.72821398209251,-0.002962431173345048
2021-09-17,14936.179777328352,15024.851029304575,14837.656164021437,14995.2939453125,1374075,14857.36015625,14833.71435546875,14749.969287109376,14566.469059244791,14269.662654622396,106.26444002030985,92.66609870529129,13.598341315018558,14749.969287109376,15174.043729975914,14325.894844242837,59.93697598546157,90.29148421801864,0.004952186306449224
2021-09-23,14965.735488505748,15088.889993842366,14847.507163382596,15000.21875,2074212,14937.1640625,14837.6552734375,14789.8712890625,14581.65810546875,14278.398640950521,112.57095795849455,96.64707055593195,15.923887402562599,14789.8712890625,15140.792712363967,14438.949865761031,56.35740985355439,82.85710759747325,0.0003284233510501
2021-09-24,15059.33335582737,15064.259536185835,14881.99086292263,14970.662109375,1841196,14970.662109375,14833.71435546875,14814.255859375,14595.287190755209,14285.750056966146,113.87130742762747,100.09191793027107,13.779389497356405,14814.255859375,15142.423971299886,14486.087747450114,51.81159992817381,77.14289532234962,-0.001970413973129581
2021-09-27,14941.105197680316,14980.514640997639,14813.024506899013,14872.138671875,1885683,14951.9427734375,14850.46328125,14830.5123046875,14605.632177734375,14292.239786783854,105.73300151395597,101.22013464700805,4.512866866947917,14830.5123046875,15134.240880219542,14526.783729155457,49.65276989061684,58.095269338979726,-0.006581100874509915
2021-09-28,14827.802564798263,14837.654925306435,14468.19140625,14468.19140625,3226954,14861.3009765625,14835.19208984375,14824.108251953125,14607.438444010417,14296.135685221354,65.92818792473736,94.16174530255392,-28.233557377816567,14824.108251953125,15152.991647476118,14495.224856430132,36.235878879810315,0.0,-0.02716134340442322
2021-09-29,14271.144404484676,14389.372732309195,14182.473158616287,14345.037109375,4237751,14731.249609375,14794.3048828125,14812.53173828125,14605.46796875,14299.615096028645,24.166487636321108,80.16269376930737,-55.99620613298626,14812.53173828125,15190.708174873957,14434.355301688543,33.509186248741386,17.934789430313952,-0.008512072685311511
2021-09-30,14325.33182481674,15029.775583739984,14246.512942699454,14448.486328125,3491337,14620.903125,14779.03359375,14800.70888671875,14604.646940104167,14303.75331217448,-0.5758354544468602,64.01498792455652,-64.59082337900338,14800.70888671875,15209.246046405622,14392.171727031879,35.3845575157588,29.347774574637498,0.007211498859239107
2021-10-01,14310.553647219012,14354.889269533976,14064.2446343581,14118.4326171875,5772808,14450.4572265625,14710.55966796875,14765.7330078125,14594.548274739584,14303.555639648437,-46.28335515357503,41.955319308930214,-88.23867446250524,14765.7330078125,15275.330331744168,14256.135683880831,34.93663351628277,5.288462230158816,-0.022843480171000796
2021-10-05,13975.573717930858,14083.949686134762,13798.231224506286,13813.009765625,5432908,14238.6314453125,14595.287109375,14710.3134765625,14581.740201822917,14300.202986653645,-105.93086039686932,12.378083367770305,-118.30894376463962,14710.3134765625,15368.14845153406,14052.47850159094,31.363579635896386,1.1450386012033487,-0.021632914916538515
2021-10-06,13881.97635272521,13970.647599832753,12906.592634542247,13438.6201171875,9334834,14032.7171875,14447.00908203125,14638.144921875,14562.035481770834,14292.714119466145,-181.32188790845794,-26.361910887475346,-154.9599770209826,14638.144921875,15501.322930959046,13774.966912790955,22.699344470975518,24.379238712724234,-0.027104132610490494
2021-10-07,13620.888378906251,13827.787949218751,13615.962198660714,13793.3046875,7186677,13922.370703125,14326.81015625,14580.262255859376,14551.93681640625,14285.985709635417,-210.0286601172993,-63.09526073344014,-146.93339938385915,14580.262255859376,15507.965389225634,13652.559122493118,34.52825700234746,40.63204536168844,0.02639293076369298
2021-10-08,13862.271741143588,13886.902643313353,13660.298343351516,13714.486328125,3375532,13775.570703125,14198.2369140625,14517.94609375,14541.263444010418,14278.43788248698,-236.41373641206155,-97.75895586916442,-138.65478054289713,14517.94609375,15503.6430536594,13532.249133840602,28.118780476889967,37.020330439379336,-0.00571424768470663
2021-10-12,13630.740843613188,13670.150285878784,13433.693632285205,13502.66015625,4131125,13652.4162109375,14051.43671875,14442.575537109375,14526.895426432291,14269.287434895834,-271.2894453804711,-132.46505377142574,-138.82439160904534,14442.575537109375,15497.897565341023,13387.253508877726,21.165017300731705,27.31376268076121,-0.015445432428671912
2021-10-13,13492.809257347806,13768.675383091317,13492.809257347806,13665.2255859375,2286671,13622.859375,13930.74541015625,14390.604345703125,14513.266341145832,14260.475398763021,-282.5539187523809,-162.48282676761679,-120.07109198476414,14390.604345703125,15492.914542318355,13288.294149087895,26.34509467861497,34.7630421749011,0.012039511311573214
2021-10-14,13817.935929008152,14177.547095788042,13758.821764605978,14162.7685546875,4185100,13767.6890625,13900.203125,14367.697607421875,14507.7654296875,14254.508675130208,-248.46933578162862,-179.68012857041916,-68.78920721120946,14367.697607421875,15468.89734189399,13266.49787294976,36.47997051464879,57.56208771421139,0.036409422268301794
2021-10-15,14261.291760270884,14285.922661411249,14039.613650007606,14167.6943359375,3280471,13842.5669921875,13882.46884765625,14338.386865234375,14499.473014322917,14249.070833333333,-218.54039123723123,-187.45218110378158,-31.08821013344965,14338.386865234375,15427.442815670625,13249.330914798125,36.47999066212926,58.44746936770535,0.00034779790624828166
2021-10-18,14172.62105105504,14290.849380990849,14064.245081947216,14197.251953125,2686835,13939.1201171875,13857.34541015625,14318.189501953126,14492.658463541668,14245.505395507813,-190.24342657652596,-188.01043019833045,-2.2329963781955087,14318.189501953126,15401.69197669766,13234.68702720859,37.439996904293835,60.78888863865642,0.0020862686959954857
2021-10-19,14266.218317159712,14433.70844933631,14231.735054652765,14404.1513671875,4364389,14119.418359375,13885.91728515625,14298.2384765625,14488.881722005208,14243.42021484375,-149.40062719831985,-180.28846959832833,30.88784240000848,14298.2384765625,15358.587409450947,13237.889543674051,42.65841762081495,70.53366424269369,0.014573201542497083
2021-10-20,14448.487744728916,14492.823370266782,14285.923784423409,14310.5546875,2224087,14248.4841796875,13935.67177734375,14265.479443359374,14484.85869140625,14240.514404296875,-123.16511350444489,-168.86379837955164,45.69868487510675,14265.479443359374,15278.422093401992,13252.536793316756,47.260289782656216,66.12534513279944,-0.006497896148239035
2021-10-21,14315.479646309794,14354.889087868802,14098.727717735248,14108.580078125,2506412,14237.646484375,14002.6677734375,14224.838427734376,14477.3873046875,14235.68155110677,-117.31856747215716,-158.55475219807275,41.23618472591559,14224.838427734376,15191.122916412687,13258.553939056064,45.9999920704252,56.61252338320325,-0.014113681390101607
2021-10-22,14108.580173200628,14340.11064392005,14083.949272060263,14167.6943359375,2958826,14237.646484375,14040.10673828125,14183.458447265624,14468.027555338542,14233.04872233073,-106.68530921712045,-148.1808636018823,41.495554384761846,14183.458447265624,15079.12283742234,13287.79405710891,45.17766906108019,79.50304284194982,0.00418995090116514
2021-10-25,14147.988956889081,14216.955476873916,14079.022436904246,14212.029296875,1857358,14240.601953125,14089.86103515625,14144.048974609375,14458.996223958333,14234.40340983073,-93.60192983463094,-137.26507684843205,43.66314701380111,14144.048974609375,14953.62021846225,13334.4777307565,51.78235030046466,82.29803098201063,0.003129299650758366
2021-10-26,14300.702024208122,14522.380147215137,14276.071121651787,14482.970703125,2844536,14256.3658203125,14187.89208984375,14119.664404296875,14456.533138020834,14239.575903320312,-60.671170790403266,-121.9462956368263,61.27512484642304,14119.664404296875,14849.893368066107,13389.435440527643,62.92775952000483,97.56097607011799,0.01906423077171504
2021-10-27,14482.970746379899,14507.601649009795,14389.373316386287,14458.33984375,2224930,14285.9228515625,14267.203515625,14098.974462890625,14454.808968098958,14245.035758463542,-36.14416407295539,-104.78586932405213,68.64170525109674,14098.974462890625,14759.561947701119,13438.38697808013,72.74725111939794,94.11765438563746,-0.0017006772905840961
2021-10-28,14423.854954663213,14478.042934342617,14261.291015625,14261.291015625,1897001,14316.4650390625,14277.05576171875,14088.629443359376,14453.002685546875,14252.137662760417,-32.234943799197936,-90.2756842190813,58.04074041988336,14088.629443359376,14731.103328573497,13446.155558145254,61.22927863499092,76.01796954314797,-0.013628731255074134
2021-10-29,14345.037676455211,14349.963856975972,14113.507191979457,14133.2119140625,2413026,14309.5685546875,14273.60751953125,14078.03818359375,14447.173372395833,14257.269108072916,-39.02195090253008,-80.02493755577106,41.00298665324098,14078.03818359375,14709.605907586416,13446.470459601083,59.815239322214545,64.25341658818249,-0.00898089110040412
2021-11-01,14226.809043022557,14399.225357602123,14197.251960523201,14305.6279296875,3197576,14328.28828125,14284.4451171875,14070.895263671875,14448.322819010416,14264.083650716146,-30.14072786066572,-70.04809561674999,39.90736775608427,14070.895263671875,14687.885298751216,13453.905228592534,69.17646784444055,78.9473245931062,0.012199351193018293
2021-11-02,14305.627676060838,14532.231971205052,14295.775315402394,14453.4130859375,2978171,14322.3767578125,14289.3712890625,14087.644287109375,14448.979622395833,14270.692936197916,-11.049891328029844,-58.248454759005966,47.19856343097612,14087.644287109375,14727.819235194267,13447.469339024483,68.95731747418661,89.80891581271685,0.010330560600091632
2021-11-03,14468.19287109375,14591.347389914772,14364.74307528409,14414.0048828125,2043564,14313.509765625,14299.71630859375,14117.69404296875,14449.225960286458,14274.346533203125,0.8895671457212302,-46.42085037806053,47.31041752378176,14117.69404296875,14760.007491819842,13475.380594117656,57.75079687396436,67.8572299870384,-0.0027265672745035996
2021-11-04,14581.49323343579,14675.09065621798,14349.962766553534,14423.85546875,3053572,14346.02265625,14331.24384765625,14166.955810546875,14446.270231119792,14280.996875,11.019507937597155,-34.93277871492899,45.95228665252615,14166.955810546875,14737.043556017175,13596.868065076575,57.878789153054726,58.870916308445295,0.0006834038157741418
2021-11-05,14537.158516548776,14591.346501530828,14414.00400522593,14581.494140625,2271015,14435.6791015625,14372.623828125,14206.365283203126,14444.956591796876,14290.438720703125,31.405657506018542,-21.665091470739487,53.070748976758026,14206.365283203126,14776.66804913532,13636.062517270931,60.955068693312434,84.2976839629631,0.01092902464369061
2021-11-08,14527.306284486418,14620.903713921902,14280.997259656197,14507.6015625,4423633,14476.073828125,14402.1810546875,14246.021044921876,14441.179866536459,14301.030013020832,41.12524814360404,-9.10702354787078,50.23227169147482,14246.021044921876,14781.550633019502,13710.49145682425,53.1915047459974,71.90101933117415,-0.005067558743457656
2021-11-09,14463.265330486367,14680.017263232075,14448.486789617342,14635.681640625,2891981,14512.5275390625,14417.4521484375,14302.672119140625,14438.798876953126,14309.979231770832,58.488862446341955,4.412153650971767,54.07670879537019,14302.672119140625,14737.310456041052,13868.033782240198,59.821407500058996,92.62296101981893,0.008828480543335848
2021-11-10,14537.159537659008,14566.71662245262,14221.883966527128,14231.736328125,6408119,14476.073828125,14394.791796875,14330.99765625,14432.394856770834,14315.685400390625,39.202736330864354,11.370270186950286,27.83246614391407,14330.99765625,14648.876110759229,14013.11920174077,53.315703845640144,25.410184003389702,-0.027600034109702687
2021-11-11,14177.546895052617,14399.2250084221,14128.285092081622,14394.298828125,4677358,14470.1625,14408.092578125,14342.574169921874,14427.879182942708,14321.145247395832,36.613717450294644,16.41895963961916,20.194757810675483,14342.574169921874,14651.391123239533,14033.757216604216,55.77891574756596,52.45908573741658,0.011422534556007946
2021-11-12,14438.634211670415,14660.312321368527,14394.298589730792,14650.4599609375,2251904,14483.9556640625,14459.8173828125,14366.712451171876,14428.535986328125,14328.821875,54.60253983431721,24.05567567855877,30.546864155758442,14366.712451171876,14692.95264268686,14040.472259656892,60.0907407648818,94.78256366577546,0.017796013259915533
2021-11-15,14709.574292464926,15014.997469334592,14684.943391104469,15010.0712890625,3697302,14584.449609375,14530.26171875,14407.35341796875,14437.403108723958,14340.193139648438,96.76103893337495,38.596748329522015,58.16429060385293,14407.35341796875,14832.290594107755,13982.416241829746,61.65579082801635,99.45355148071647,0.02454607767154271
2021-11-16,14946.029813335508,15108.59375,14916.472733941964,15108.59375,3697947,14679.03203125,14595.77978515625,14442.575537109375,14452.674251302084,14354.52010904948,136.5478537560448,58.18696941482657,78.36088434121822,14442.575537109375,14970.656654086415,13914.494420132334,63.92405486812863,100.0,0.006563757029541373
2021-11-17,15138.152732697943,15157.857454771094,14906.622248338424,14916.474609375,2666679,14815.9796875,14646.0267578125,14472.871533203124,14461.623486328124,14365.070353190104,150.83801536205647,76.71717860427256,74.1208367577839,14472.871533203124,15037.33211266453,13908.410953741719,64.05929771826752,76.88679229601979,-0.01271588499922438
2021-11-18,14936.17906733778,15000.219412943121,14773.61511310884,14955.8837890625,2352375,14928.2966796875,14699.22958984375,14515.23671875,14476.894645182292,14376.07215983073,163.45881140608617,94.06550516463528,69.39330624145089,14515.23671875,15091.635920423549,13938.837517076452,68.35172246727512,80.38276152042447,0.0026419901967138504
2021-11-19,14950.956564931857,15113.5205078125,14857.359143273306,15113.5205078125,3065244,15020.9087890625,14752.4322265625,14562.52802734375,14498.651920572916,14387.320263671874,184.0591299003445,112.06423011177714,71.99489978856735,14562.52802734375,15173.058360321966,13951.997694365533,68.14165579707921,95.69365412618728,0.010540113909234927
2021-11-22,15098.742892635099,15207.118861195611,14896.769496681416,15029.7763671875,3588270,15024.8498046875,14804.64970703125,14603.415380859375,14512.44521484375,14398.034708658854,191.420996364217,127.9355833622651,63.48541300195188,14603.415380859375,15224.549446062036,13982.281315656714,63.32581314653888,83.56164785667056,-0.005541008170909634
2021-11-23,14921.399915336076,14921.399915336076,14611.05056087382,14625.8291015625,5558931,14928.296875,14803.664453125,14610.55830078125,14514.826188151043,14404.972412109375,162.78369110668973,134.90520491115004,27.878486195539693,14610.55830078125,15229.140853910092,13991.975747652406,54.19101837410715,46.11869073114894,-0.02687646547468825
2021-11-24,14625.829820226532,14773.615234375,14517.453849850992,14773.615234375,4758296,14899.725,14857.85234375,14626.3220703125,14518.602945963541,14413.100610351563,150.28117831040436,137.98039959100092,12.30077871940344,14626.3220703125,15244.640325574468,14008.003815050533,56.56195745136163,59.817384361574675,0.010104461893152505
2021-11-25,14739.132454273433,14808.098983137012,14581.494674013824,14611.0517578125,3392888,14830.75859375,14879.52763671875,14643.810107421876,14518.849267578125,14421.310921223958,125.80512966091555,135.54534560498385,-9.740215944068296,14643.810107421876,15237.97061036474,14049.649604479011,50.55351727704685,44.748939044368115,-0.011003635466574901
2021-11-26,14606.124590998112,14729.279098510742,14423.855919879416,14502.6748046875,7213030,14708.589453125,14864.74912109375,14662.283251953126,14517.617724609376,14427.181282552083,96.54960662743179,127.74619780947344,-31.196591182041658,14662.283251953126,15210.823968229335,14113.742535676916,49.90891440047982,34.70318813929528,-0.007417464185427436
2021-11-29,14364.741798071196,14615.976994127997,14364.741798071196,14478.0439453125,3718875,14598.24296875,14811.54638671875,14670.904052734375,14514.169401041667,14433.790568033854,70.56347750145505,116.30965374786977,-45.74617624641472,14670.904052734375,15200.951736150379,14140.856369318371,46.96969071212766,32.42008762092455,-0.0016983666604065695
2021-11-30,14537.158948058237,14704.649088428952,14128.285958329727,14226.8095703125,4529476,14518.4390625,14723.36796875,14659.573876953125,14504.317057291666,14438.716756184896,29.358343827239878,98.9193917637438,-69.56104793650393,14659.573876953125,15218.118080135184,14101.029673771067,49.899384339855565,9.13249854162362,-0.017352784391937215
2021-12-01,14325.332651353738,14394.299177185563,13990.35238302772,14305.6279296875,5879144,14424.8416015625,14662.28330078125,14654.155029296875,14494.054182942707,14443.725040690104,3.0280558693557396,79.7411245848662,-76.71306871551046,14654.155029296875,15224.704450989117,14083.605607604633,48.12500335562016,25.910932978240474,0.005540128936530664
2021-12-02,14187.398973492724,14246.513135882276,14005.130306124935,14216.9560546875,5893137,14346.0224609375,14588.39052734375,14643.81005859375,14482.970263671876,14449.595402018229,-24.7091347628284,58.85107271532728,-83.56020747815568,14643.81005859375,15238.915752833345,14048.704364354155,40.13450961462387,18.623431506839406,-0.006198390971429157
2021-12-03,14216.956090415397,14586.419606278581,14192.32518935785,14542.083984375,3627803,14353.904296875,14531.246875,14641.83955078125,14476.155696614584,14455.876285807291,-20.22283520028941,43.03629113220394,-63.25912633249335,14641.83955078125,15238.073962873772,14045.605138688727,39.179928931750005,45.34408296471418,0.022869025439542057
2021-12-06,14438.634493111502,14463.26539466918,14256.365821584675,14369.66796875,4144814,14332.2291015625,14465.23603515625,14634.94287109375,14466.303336588542,14460.597208658854,-30.231452627640465,28.382742380235065,-58.61419500787553,14634.94287109375,15240.828000215053,14029.057741972447,33.480179096813416,31.174066061831535,-0.011856348499311054
2021-12-07,14428.782717501064,14517.45396670387,14369.66855136586,14482.970703125,2008994,14383.461328125,14450.9501953125,14627.30732421875,14457.518326822918,14464.989721679687,-28.69004926442358,16.96818405130334,-45.65823331572692,14627.30732421875,15236.990367596156,14017.624280841343,39.95433252619431,40.48585566221584,0.007884854028736177
2021-12-08,14601.198336693547,14773.614646337366,14601.198336693547,14660.3125,2071136,14454.3982421875,14439.619921875,14648.7361328125,14456.779378255209,14471.475862630208,-13.008520961171598,10.972843048808354,-23.981364009979952,14648.7361328125,15229.310760226808,14068.161505398193,43.562217609870785,55.06069808736442,0.012244849520874457
2021-12-09,14620.902645819564,14975.587615664243,14601.197925272636,14906.62109375,2882344,14592.33125,14469.17685546875,14674.35224609375,14461.541341145834,14480.260880533855,19.074370754609845,12.593148589968653,6.481222164641192,14674.35224609375,15252.864015769834,14095.840476417665,45.661158971170515,75.30357937719678,0.01680104661820825
2021-12-10,14867.213150734366,14867.213150734366,14591.347035280049,14611.0517578125,1434382,14606.1248046875,14480.01455078125,14672.3818359375,14459.160384114582,14485.967041015625,20.41498708672225,14.157516289319375,6.257470797402874,14672.3818359375,15251.504372113579,14093.259299761421,41.93549357847309,63.00011958806704,-0.019828057215556694
2021-12-13,14655.387560397043,14704.649367322747,14487.897416849648,14512.5283203125,1739535,14634.696875,14483.46298828125,14647.5046875,14457.682535807291,14488.142781575521,13.373258576704757,14.000664746796453,-0.627406170091696,14647.5046875,15207.99514208354,14087.014232916461,47.52690940840228,53.00012829295794,-0.0067430763461172605
2021-12-14,14438.634324725484,14551.936470569459,14409.07724320097,14468.19140625,2151246,14631.741015625,14507.601171875,14615.4845703125,14452.099527994791,14490.523763020834,4.1669851627139,12.033928829979944,-7.866943667266044,14615.4845703125,15136.870321467002,14094.098819157996,43.017998710550806,48.499993442537196,-0.0030550785558464133
2021-12-15,14418.93079984301,14576.568581050724,14394.299896529305,14561.7900390625,1400716,14612.0365234375,14533.2173828125,14597.750341796875,14445.367106119791,14493.931038411458,4.37316347966771,10.501775759917498,-6.128612280249788,14597.750341796875,15099.799358906479,14095.70132468727,48.83721144661187,58.000123940512495,0.00646926973692552
2021-12-16,14729.279510961213,14793.319856661044,14571.64173693086,14606.125,3024221,14551.9373046875,14572.13427734375,14580.26240234375,14440.112516276042,14496.640437825521,8.021554617826041,10.005731531499206,-1.9841769136731653,14580.26240234375,15053.314481891635,14107.210322795863,52.51799723986068,62.50006055147374,0.0030446092697786753
2021-12-17,14478.043312101485,14532.231293194754,14320.405548921068,14389.3720703125,3249578,14507.6013671875,14556.8630859375,14544.05498046875,14430.013818359375,14498.241438802082,-6.5022650024802715,6.7041322247033115,-13.206397227183583,14544.05498046875,14951.564010699973,14136.545950237529,48.02630148896859,40.49994093461207,-0.014839865446002909
2021-12-20,14354.890269276204,14527.306590286727,14335.185546875,14335.185546875,2521194,14472.1328125,14553.41484375,14509.325439453125,14418.929931640625,14500.294018554687,-22.129797742720257,0.9373462312185978,-23.067143973938855,14509.325439453125,14856.45820657943,14162.19267232682,52.64423225840885,35.00008448992372,-0.0037657323177635593
2021-12-21,14433.707787728008,14497.748129448304,14266.217663228776,14448.486328125,2373699,14468.191796875,14549.96640625,14500.45830078125,14410.227001953124,14502.757096354168,-25.083160812791903,-4.266755177583502,-20.8164056352084,14500.45830078125,14844.103243549498,14156.813358013003,53.42787902987323,45.685267929048194,0.007903684321316495
2021-12-22,14576.567594168051,14576.567594168051,14423.856003962168,14453.4130859375,2290538,14446.51640625,14529.27646484375,14484.448193359374,14403.2482421875,14504.440209960938,-26.718183554297866,-8.757040852926377,-17.96114270137149,14484.448193359374,14803.462577742066,14165.433808976682,55.91134496208059,33.33338710128787,0.0003409878170359537
2021-12-23,14512.5283203125,14601.199572778767,14468.192694079366,14512.5283203125,3416182,14427.7970703125,14489.8671875,14479.522021484376,14403.987190755208,14505.712817382813,-22.97895836112548,-11.601424354566198,-11.37753400655928,14479.522021484376,14793.304725534637,14165.739317434114,49.14776775129517,35.61662074710232,0.00409005361041781
2021-12-24,14547.010164586509,14640.607588605182,14507.600722894436,14542.083984375,2933078,14458.339453125,14482.97041015625,14481.49248046875,14407.271305338541,14506.36963704427,-17.429780710650448,-12.76709562578305,-4.662685084867398,14481.49248046875,14796.380371671383,14166.604589266119,55.417953996153045,38.888921105143744,0.0020365620249045424
2021-12-27,14542.085450690955,14729.280317603643,14502.676005025125,14704.6494140625,2988496,14532.2322265625,14502.18251953125,14492.82275390625,14411.540690104166,14508.093815104166,0.08467800152357086,-10.196740900321727,10.281418901845297,14492.82275390625,14823.118617072198,14162.526890740302,56.75677928213518,61.80579672545541,0.011178963748398774
2021-12-28,14970.661163854707,15187.4130859375,14798.24486219794,15187.4130859375,7465691,14680.017578125,14574.1046875,14540.8529296875,14429.35703125,14511.952652994793,52.31692941560323,2.3059931628632633,50.01093625273997,14540.8529296875,14972.1929974105,14109.5128619645,63.54430201868068,100.0,0.032830682206766326
2021-12-29,15177.561857584258,15202.192759657584,14803.172146069683,14872.138671875,8168263,14763.7626953125,14605.13955078125,14569.178466796875,14447.0091796875,14514.374690755209,67.49333348243817,15.343461226778246,52.14987225565993,14569.178466796875,15009.783416457683,14128.573517136067,49.14427383237364,64.73687291019836,-0.020758927954255935
2021-12-30,14896.769616788322,14941.10524064781,14689.870038777373,14847.5078125,6366147,14830.75859375,14629.27783203125,14600.7060546875,14470.490641276041,14516.263061523438,76.64966887260925,27.604702755944448,49.04496611666481,14600.7060546875,15025.133160581892,14176.278948793108,56.77965010172373,62.10530082361417,-0.0016561746712044911
2022-01-04,14813.02344806457,14827.801988252197,14512.526464249493,14571.640625,4464559,14836.669921875,14647.5046875,14602.18388671875,14483.462906901043,14517.699861653646,60.94343612846751,34.27244943044906,26.670986698018453,14602.18388671875,15025.956869976213,14178.410903461288,51.53841344489633,32.63152651566892,-0.01858003316002632
2022-01-05,14482.970330329357,14547.010675327412,14236.661311106069,14246.513671875,3318920,14745.0427734375,14638.6375,14596.026171875,14492.330029296874,14516.796736653645,22.00741779042619,31.819443102444488,-9.8120253120183,14596.026171875,15037.244848278897,14154.807495471105,44.96644563181199,1.020408064772173,-0.022312309333733626
2022-01-06,14093.801864809177,14177.546930066694,13768.67396439764,13803.1572265625,9444840,14468.1916015625,14574.10458984375,14562.035498046875,14497.338313802084,14512.116870117188,-44.1162721892706,16.63230004410147,-60.74857223337207,14562.035498046875,15127.246856597956,13996.824139495793,35.13509376195944,2.405497735982405,-0.031120346740533433
2022-01-07,13941.0908203125,14054.392971855676,13881.976654289974,13941.0908203125,12886450,14281.98203125,14522.87236328125,14526.0744140625,14501.936067708333,14507.601204427083,-84.41658281792843,-3.5774765283045102,-80.83910628962391,14526.0744140625,15153.098020045416,13899.050808079583,37.43015934835696,12.027526704565831,0.00999290173153744
2022-01-10,13822.861535306543,13877.049517091424,13650.445229627381,13699.70703125,3889016,14052.421875,14441.590234375,14465.7287109375,14494.218375651042,14500.991902669271,-134.28457479900862,-29.718896182445334,-104.56567861656329,14465.7287109375,15166.516021554162,13764.941400320837,37.084862953248766,3.1746015810742088,-0.017314555379755348
2022-01-11,13744.044614641854,13813.011146758336,13527.292656561482,13591.3330078125,5431512,13856.3603515625,14346.51513671875,14414.7427734375,14484.612353515626,14492.042683919271,-180.46985158491043,-59.86908726293836,-120.60076432197206,14414.7427734375,15212.66062980351,13616.82491707149,36.34719516195236,3.823532587563752,-0.007910681826282184
2022-01-12,13739.117377301036,14010.05730406746,13724.33883584105,13965.7216796875,4563630,13800.201953125,14272.62236328125,14387.40244140625,14480.753515625,14486.705989583334,-184.73249801591555,-84.8417694135338,-99.89072860238176,14387.40244140625,15208.35238609548,13566.45249671702,41.91420156766197,26.17642821297636,0.027546133382192695
2022-01-13,13936.164180373053,13980.499803428324,13724.338425775655,13753.8955078125,3491417,13790.349609375,14129.27060546875,14351.687646484375,14469.91591796875,14479.39881998698,-202.86477889615162,-108.44637131005737,-94.41840758609425,14351.687646484375,15218.69673428347,13484.67855868528,39.04320090651724,13.529335321678962,-0.01516757792639467
2022-01-14,13546.996136441256,13596.25794057377,13473.103430242485,13522.365234375,2813301,13706.6044921875,13994.29326171875,14299.71640625,14456.779427083333,14470.819059244792,-233.22878397515342,-133.4028538430766,-99.82593013207682,14299.71640625,15235.576275841308,13363.856536658692,35.28547507972392,2.84900284181262,-0.016833796163856718
2022-01-17,13546.99590603219,13551.922086361656,13364.727233841939,13428.767578125,3078051,13652.4166015625,13852.41923828125,14240.84853515625,14445.44921875,14461.41826171875,-261.8268484646851,-159.0876527673983,-102.73919569728679,14240.84853515625,15241.434380772465,13240.262689540035,33.76436167758408,3.4852541929805088,-0.00692169266453968
2022-01-18,13443.545833454344,13625.814501771607,13187.384461765218,13251.4248046875,5795532,13584.4349609375,13720.39765625,14183.951171875,14430.178059895834,14449.102807617188,-295.3959595672859,-186.34931412737583,-109.04664543991007,14183.951171875,15274.361142345106,13093.541201404894,28.898383965232355,3.1784831832027494,-0.013206183844181263
2022-01-19,13069.156827327264,13226.79460285477,12990.337939563513,13074.0830078125,5910132,13406.1072265625,13603.15458984375,14120.896044921876,14411.212288411458,14435.104256184895,-332.4771334346515,-215.57487798883096,-116.90225544582051,14120.896044921876,15315.369068326296,12926.423021517456,16.326526801535877,3.7861919095316283,-0.013382847466505532
2022-01-20,13069.156199543675,13443.5458984375,13054.377658797866,13443.5458984375,6974948,13344.0373046875,13567.19345703125,14070.6490234375,14393.888541666667,14425.21083984375,-328.26759879729434,-238.11342215052366,-90.15417664677068,14070.6490234375,15291.35892312931,12849.93912374569,27.62343691444042,23.23229216637371,0.02825918195595256
2022-01-21,13285.908329837808,13374.579575643176,13098.713477582029,13212.015625,3380238,13281.9673828125,13494.2859375,14008.579150390626,14373.116471354168,14413.962719726562,-339.6982404946939,-258.4303858193577,-81.2678546753362,14008.579150390626,15272.809287151316,12744.349013629935,25.94201066470535,12.064327767103174,-0.017222411050376918
2022-01-24,13157.828383403137,13157.828383403137,12857.331366784794,12901.6669921875,6567664,13176.547265625,13414.48193359375,13928.036083984374,14350.456070963543,14401.729378255208,-369.53982232818635,-280.65227312112347,-88.88754920706288,13928.036083984374,15260.49449909429,12595.577668874459,25.681487416341938,2.6239076952978806,-0.02348987782191636
2022-01-25,12990.337180918319,13014.96808190603,12566.685683929705,12601.1689453125,9863440,13046.49609375,13315.46552734375,13830.99033203125,14324.922021484375,14386.047696940104,-412.6800531754725,-307.0578291319933,-105.6222240434792,13830.99033203125,15254.738521125393,12407.242142937106,25.86703235914331,2.140672355579304,-0.02329141242422117
2022-01-26,12665.210079508983,12768.659870123407,12359.786888171153,12374.5654296875,13838080,12906.592578125,13156.34990234375,13714.4861328125,14292.737646484375,14370.530232747396,-459.8531064740546,-337.61688460040557,-122.23622187364901,13714.4861328125,15216.411811757007,12212.560453867995,27.623445365143013,0.8720930284998528,-0.017982737681593752
2022-01-27,12458.310656961705,12458.310656961705,11822.833363664726,11842.5380859375,13334520,12586.391015625,12965.21416015625,13547.2423828125,14249.223063151041,14349.101342773438,-534.0124878307888,-376.8960052464822,-157.1164825843066,13547.2423828125,15102.554149275866,11991.930616349133,20.741731534727577,0.9009009964085337,-0.04299361838385263
2022-01-28,11916.431023494502,12231.706585918499,11684.90053233938,12152.8876953125,18270740,12374.5654296875,12828.26640625,13411.279833984376,14211.537776692709,14330.381868489583,-561.2717210481096,-413.7711484068077,-147.50057264130191,13411.279833984376,14954.303748652344,11868.255919316407,28.840964085251528,20.127122982133695,0.026206342519052184
2022-02-03,12374.564988333996,12537.128939215772,12354.860267014992,12404.1220703125,8416028,12275.0564453125,12725.80185546875,13289.110546875,14177.875553385416,14312.072892252605,-556.1909226166845,-442.2551032487831,-113.93581936790139,13289.110546875,14737.339415547947,11840.881678202051,34.37091500747191,30.93217398148115,0.02067281302178947
2022-02-04,12394.270993220382,12556.8349609375,12349.935365661167,12556.8349609375,5003893,12266.1896484375,12656.34287109375,13188.370263671875,14144.131233723958,14294.543912760417,-533.6896570992812,-460.54201401888275,-73.1476430803985,13188.370263671875,14537.90153555791,11838.83899178584,30.303038577482624,37.98286746207705,0.012311463057147476
2022-02-07,12527.276844963893,12542.05538626743,12276.041642803784,12364.712890625,3647169,12264.219140625,12585.405859375,13094.280224609374,14108.416422526041,14274.79814453125,-525.3045041735459,-473.4945120498154,-51.80999212373047,13094.280224609374,14394.689058490976,11793.871390727772,30.470917169746926,35.02537304548769,-0.015300198729231052
2022-02-08,12394.269117923346,12517.423620287449,12172.591013667961,12290.8193359375,4187711,12353.875390625,12470.133203125,13018.663330078125,14069.335384114584,14254.067130533855,-518.6432063387256,-482.52425090759743,-36.11895543112814,13018.663330078125,14321.39199620316,11715.93466395309,31.884051308910458,31.218220546651487,-0.005976164213527868
2022-02-09,12399.195815716912,12561.759765625,12364.712553615196,12561.759765625,2615770,12435.6498046875,12405.1076171875,12949.69677734375,14041.50244140625,14236.948649088541,-485.90029533821325,-483.1994597937206,-2.7008355444926337,12949.69677734375,14191.426901246194,11707.966653441306,37.878791188567,45.17764553686667,0.022044130849380394
2022-02-10,12596.243363849604,12615.948085576392,12212.001290177226,12256.3369140625,4420326,12406.0927734375,12340.574609375,12877.528271484374,14005.869742838542,14216.874462890624,-479.0739082648706,-482.37434948795067,3.3004412230800426,12877.528271484374,14103.395245650443,11651.661297318306,36.569158611439455,32.49298538175196,-0.024313699454616478
2022-02-11,12029.73201043603,12162.73887541628,11921.356046378047,11926.2822265625,4838095,12279.9822265625,12273.0859375,12794.275732421875,13960.466780598957,14194.501383463541,-494.59521644655433,-484.81852287967143,-9.776693566882898,12794.275732421875,14041.993131543428,11546.558333300321,35.12132592902783,13.72543315874254,-0.026929309288267533
2022-02-15,11773.572405074638,11901.653109062898,11581.451349092249,11591.3037109375,5575662,12125.300390625,12194.759765625,12675.554833984375,13903.487320963543,14170.44521484375,-527.8413056821009,-493.4230794401573,-34.418226241943614,12675.554833984375,13905.681648664675,11445.428019304076,25.773222476038853,0.54945104869616,-0.028087421483195096
2022-02-16,11822.833333333334,12192.296875,11812.980972222222,12192.296875,4833125,12105.5958984375,12229.73564453125,12597.47490234375,13854.882373046876,14153.77831217448,-499.9310513325199,-494.72467381862987,-5.206377513890061,12597.47490234375,13734.094733016045,11460.855071671456,37.83784539292842,38.74996353107755,0.051848625404872006
2022-02-17,12167.665831970564,12335.155968928862,11886.873543540474,12049.4375,6356649,12003.1314453125,12219.390625,12523.828515625,13807.098421223958,14134.360953776042,-483.76301243945636,-492.5323415427952,8.769329103338862,12523.828515625,13597.238634929136,11450.418396320865,39.41248392794186,32.646019414727256,-0.011717183108699514
2022-02-18,11881.94649486371,12152.886402499491,11832.684693475387,12108.55078125,5311502,11973.57421875,12189.83349609375,12457.81767578125,13759.64287109375,14118.268758138021,-460.86718731025394,-486.199310696287,25.33212338603306,12457.81767578125,13456.699826815273,11458.935524747229,43.489580174001475,44.39821841069126,0.0049058955034209095
2022-02-21,11891.799771778573,12147.96115874315,11812.980883481781,12133.1826171875,3319681,12014.954296875,12147.46826171875,12401.90556640625,13709.970572916667,14104.311246744792,-435.7118822788525,-476.10182501280013,40.389942733947635,12401.90556640625,13336.890929317891,11466.92020349461,46.62998740758152,53.3333019464492,0.002034251363560502
2022-02-22,11906.577684075784,12034.658370789053,11862.24206175196,11936.134765625,4311687,12083.9205078125,12104.61044921875,12345.008154296875,13658.409879557292,14085.427547200521,-426.7568493187355,-466.2328298739872,39.47598055525174,12345.008154296875,13245.629267822704,11444.387040771046,51.44156591513257,34.28560033337404,-0.016240409279208223
2022-02-23,12064.215557590558,12143.034442409442,11970.618131868132,12103.625,4079055,12066.1861328125,12085.891015625,12278.012109375,13616.37314453125,14065.599666341146,-401.5164275984898,-453.28954941888776,51.77312182039793,12278.012109375,13019.919126429331,11536.10509232067,49.20633522122078,50.47610422459316,0.014032200344902046
2022-02-24,11970.61818744094,11970.61818744094,11714.45681059035,11729.2353515625,5545055,12002.145703125,12002.63857421875,12203.873095703126,13565.633479817709,14042.118212890626,-407.03132353235924,-444.0379042415821,37.006580709222874,12203.873095703126,12841.860902884793,11565.885288521458,39.541991894893904,14.285593879446342,-0.030932026433196702
2022-02-25,11965.692786948193,12182.4447353326,11965.692786948193,12177.5185546875,6385257,12015.9392578125,11994.75673828125,12167.665673828125,13525.074593098958,14021.961930338543,-370.95309390325565,-429.42094217391684,58.46784827066119,12167.665673828125,12714.608140141176,11620.723207515075,44.615379923332725,57.61905132935018,0.038219303278391736
2022-02-28,12054.363165273375,12241.55801622572,12049.436984985156,12236.6318359375,3724445,12036.6291015625,12025.79169921875,12149.438818359375,13487.307210286459,14002.462467447916,-333.743699605202,-410.28549366017387,76.54179405497189,12149.438818359375,12658.54136657364,11640.33627014511,48.110459629920655,63.33325797352997,0.004854296134678915
2022-03-02,12192.296274663719,12497.719454069436,12182.443914037727,12428.7529296875,4359415,12135.152734375,12109.53662109375,12152.148193359375,13453.152360026043,13983.660880533855,-285.4617940343014,-385.32075373499936,99.85895970069794,12152.148193359375,12666.84140586416,11637.45498085459,51.966300425045205,81.90471276641271,0.015700488200173224
2022-03-03,12512.498282218618,12739.102581817851,12482.941199662195,12714.4716796875,4505061,12257.3220703125,12161.7541015625,12195.744873046875,13427.946728515624,13966.131892903646,-221.5885854641183,-352.57432008082316,130.98573461670486,12195.744873046875,12746.467673566105,11645.022072527645,52.16783748032509,97.8723382799533,0.0229885292286669
2022-03-04,12620.875179036459,12620.875179036459,11724.310275607639,12413.9755859375,5069638,12394.2701171875,12198.20791015625,12208.799267578124,13396.419189453125,13945.236686197917,-192.99144565313145,-320.65774519528486,127.66629954215341,12208.799267578124,12767.563633005539,11650.03490215071,52.24091027973966,71.91494409634373,-0.023634178542398243
2022-03-07,12202.148700527161,12330.229389349814,12074.06801170451,12162.7392578125,2870908,12391.3142578125,12203.6267578125,12196.730126953125,13362.182242838542,13922.576253255209,-188.42859082938776,-294.2119143221055,105.78332349271773,12196.730126953125,12748.109434825703,11645.350819080548,53.43840208849996,50.212697251801174,-0.020238184486974453
2022-03-08,11950.913536227989,12221.853455639588,11921.35645411036,12029.732421875,3647560,12349.934375,12193.28173828125,12170.375,13320.309716796875,13898.232706705729,-193.31660212968018,-274.0328518836204,80.71624975394025,12170.375,12699.209230950912,11641.540769049088,56.773189844718615,30.769229731652203,-0.010935598726418916
2022-03-10,12359.786186163896,12502.645412707838,12335.15528503563,12443.53125,1958302,12352.8900390625,12244.02138671875,12174.31591796875,13288.207438151041,13877.255387369793,-161.9336092851263,-251.61300336392162,89.67939407879533,12174.31591796875,12710.373321152521,11638.258514784979,54.119532808751984,71.15380357606276,0.034398007670772834
2022-03-11,12482.942116970487,12591.318094308037,12374.566139632938,12413.9755859375,4431229,12292.7908203125,12275.0564453125,12180.47373046875,13253.724186197916,13855.621256510416,-137.85811391292373,-228.86202547372204,91.00391156079831,12180.47373046875,12724.929740894297,11636.017720043203,56.20806747587783,68.26932731192974,-0.0023751830142669794
2022-03-14,12428.75385746154,12458.310941545871,12078.99502913028,12128.2568359375,4171368,12235.6470703125,12314.95859375,12158.798583984375,13211.523258463541,13834.151318359374,-140.21689259381492,-211.13299889774063,70.91610630392572,12158.798583984375,12673.018478292826,11644.578689675924,50.31154749821754,40.38469068695095,-0.023015894305742024
2022-03-15,12074.068316431698,12177.518106168567,11980.47088762215,12098.69921875,5221435,12222.8390625,12307.07666015625,12150.91669921875,13164.724560546874,13813.132950846355,-142.82489785911275,-197.4713786900151,54.646480830902334,12150.91669921875,12663.672042398137,11638.161356039362,49.455674406631,37.5000238081631,-0.0024370870098922026
2022-03-16,12290.819663004751,12453.383610451307,12246.484040973872,12443.53125,5902348,12305.598828125,12327.7666015625,12176.779150390625,13128.59921875,13793.879801432291,-115.73260435916927,-181.12362382384595,65.39101946467667,12176.779150390625,12693.987446151079,11659.57085463017,57.65230408325935,71.15380357606276,0.028501578972687902
2022-03-17,12670.13592877263,12877.0355045924,12655.357387642647,12788.3642578125,4453297,12374.5654296875,12363.727734375,12236.632177734375,13099.863151041667,13778.77284342448,-65.67951219771203,-158.03480149861917,92.35528930090715,12236.632177734375,12745.553256610166,11727.711098858583,59.80254355882941,92.37288217671875,0.02771182881165668
2022-03-18,12783.438262240577,12906.5927734375,12689.840833730916,12906.5927734375,4550492,12473.0888671875,12382.93984375,12272.34697265625,13073.836507161459,13762.968017578125,-16.28430755186855,-129.68470270926906,113.40039515740051,12272.34697265625,12862.016604638444,11682.677340674058,68.18874435153715,100.0,0.009245006886066331
2022-03-21,12970.63188289126,12970.63188289126,12704.6181640625,12704.6181640625,3932929,12588.3611328125,12412.0041015625,12305.106005859376,13042.883642578125,13744.125374348958,6.489280611418508,-102.44990604513156,108.93918665655006,12305.106005859376,12915.081064966651,11695.1309467521,58.81381051850517,78.6560934774659,-0.015648948790781936
2022-03-22,12660.283652509908,12773.585801929257,12611.021848414539,12739.1025390625,3098086,12716.441796875,12469.6404296875,12336.63359375,13011.7666015625,13725.93955891927,27.00877383779698,-76.55817006854585,103.56694390634283,12336.63359375,12968.617892193937,11704.649295306064,58.471760469135276,81.42298565027828,0.0027143180971425096
2022-03-23,12852.40447528186,12946.001901510437,12793.290311348022,12862.2568359375,3416746,12800.1869140625,12552.89287109375,12373.0873046875,12986.314680989582,13708.164249674479,52.60178196999732,-50.72617966083722,103.32796163083454,12373.0873046875,13038.864217074291,11707.31039230071,57.482989527712014,91.30440760070219,0.009667423313170387
2022-03-24,12739.102234332917,12867.182921917083,12640.57862849894,12803.142578125,2955362,12803.142578125,12588.85400390625,12416.4376953125,12960.780631510417,13689.855281575521,67.33816627120723,-27.11331047442833,94.45147674563556,12416.4376953125,13075.290709914958,11757.58468071004,51.660509182095126,86.5613093933831,-0.0045959475515473525
2022-03-25,12877.035683999711,12901.666586226183,12783.438255539117,12798.216796875,3916801,12781.4673828125,12627.278125,12451.16728515625,12933.276139322918,13671.75157063802,77.72344018216972,-6.145960343108719,83.86940052527845,12451.16728515625,13113.808771516622,11788.52579879588,58.091261561721254,83.56817654478185,-0.00038473220304646727
2022-03-28,12724.324033283265,12798.21673963218,12591.317161855217,12606.095703125,3052647,12761.762890625,12675.06201171875,12495.010302734376,12902.487516276042,13652.867879231771,69.64841436959614,9.012914599432253,60.63549977016389,12495.010302734376,13066.263432452894,11923.757173015858,59.57446898252247,65.25829446041666,-0.015011551749686824
2022-03-29,12704.619283664446,12847.478515625,12694.76692283958,12847.478515625,2645242,12783.4380859375,12749.93994140625,12528.50830078125,12874.736686197917,13639.361938476562,81.78372204499101,23.567076088544006,58.216645956447,12528.50830078125,13099.943920412365,11957.072681150135,66.86991558716281,87.56228857179032,0.01914810248824006
2022-03-30,12926.296018589497,12950.926918015164,12842.550960542234,12852.4033203125,3177202,12781.4673828125,12790.8271484375,12559.296875,12846.575341796875,13626.923323567707,90.7522954176493,37.004119954365066,53.74817546328423,12559.296875,13130.87199452207,11987.72175547793,60.146677698272015,88.05966270700976,0.0003833285015040211
2022-03-31,12803.1435130367,12975.55983583635,12803.1435130367,12936.150390625,3541277,12808.0689453125,12805.60576171875,12584.666748046875,12817.100358072918,13614.320524088542,103.42541924830766,50.28837981315359,53.13703943515407,12584.666748046875,13176.527382137108,11992.806113956642,62.619020085856356,96.03960577774738,0.006516063044811338
2022-04-01,12857.331676000096,12886.88876031274,12778.512784499711,12837.626953125,2236427,12815.9509765625,12798.7091796875,12590.82451171875,12777.937255859375,13603.647143554688,104.31644809855607,61.09399347023408,43.222454628321984,12590.82451171875,13190.877401034737,11990.771622402764,68.84814322196488,86.13863786158153,-0.007616132661181885
2022-04-04,12808.06912202381,12936.149813244048,12763.733498139882,12931.2236328125,3578940,12880.9765625,12821.3697265625,12616.6869140625,12745.588671875,13596.29892578125,111.29215799221492,71.13362637463025,40.15853161758467,12616.6869140625,13229.105797950904,12004.268030174097,71.39238651311415,93.9188485838825,0.007290808498272794
2022-04-05,12975.55873056489,13083.93469566452,12965.706370101287,13010.0419921875,3399303,12913.4892578125,12848.463671875,12659.05205078125,12714.964241536458,13592.72744140625,121.77667551725062,81.26223620315433,40.51443931409629,12659.05205078125,13256.288470700038,12061.815630862464,66.86215406259356,84.9999850988607,0.006095197300199917
2022-04-06,12842.552865487558,12891.814671645929,12739.103072554977,12768.66015625,3482402,12896.740625,12839.10400390625,12695.9984375,12684.914567057293,13584.188736979168,109.3477416456426,86.87933729165199,22.468404353990607,12695.9984375,13215.705622809091,12176.29125219091,49.37501974648915,36.000138489474494,-0.018553501678353457
2022-04-07,12655.358132791278,12709.546120125146,12601.17014545741,12694.767578125,3495564,12848.4640625,12828.26650390625,12708.56025390625,12659.052132161458,13575.691080729166,92.46928019614461,87.99732587255053,4.471954323594076,12708.56025390625,13214.537110526177,12202.583397286322,43.086834551772014,21.00014903444944,-0.0057870267687272214
2022-04-08,12739.102454045887,12808.068979319145,12650.431207265985,12788.3642578125,3473631,12838.6115234375,12827.28125,12727.2796875,12642.138916015625,13569.738614908854,85.65803521566704,87.52946774117385,-1.8714325255068047,12727.2796875,13214.730621251438,12239.828753748563,52.941216820593866,40.00001673378555,0.007372854927157668
2022-04-11,12699.693980823864,12724.324884588068,12458.31112393466,12463.2373046875,4066765,12745.0142578125,12812.99541015625,12744.0287109375,12617.508024088542,13559.722045898438,53.40937653192486,80.70544949932406,-27.296072967399198,12744.0287109375,13163.029871186362,12325.02755068864,41.95402888148338,0.7874033165373076,-0.02542365439163785
2022-04-12,12354.860487077534,12418.900832504969,12246.484517892644,12389.34375,4714964,12620.874609375,12767.18193359375,12758.5609375,12595.668636067709,13544.943505859375,21.640037000852317,68.89236699962971,-47.2523299987774,12758.5609375,13095.434152516216,12421.687722483784,35.79879730699052,17.058833575920612,-0.005928921425551903
2022-04-13,12433.67956395207,12635.652964158899,12349.934495573629,12615.9482421875,4647690,12590.3322265625,12743.53642578125,12767.181787109375,12579.412223307292,13532.012288411459,14.579630340456788,58.02981966779513,-43.45018932733834,12767.181787109375,13077.92121767906,12456.44235653969,44.892478991663815,44.11769608525878,0.018290274025813513
2022-04-14,12615.947706702544,12704.618951810176,12546.981182729942,12586.390625,4244150,12568.6568359375,12708.56044921875,12757.08310546875,12556.423372395833,13518.588444010416,6.5239504708843015,47.728645828412965,-41.204695357528664,12757.08310546875,13077.888768872088,12436.277442065411,44.29706479329456,40.58821839547655,-0.002342877175784519
2022-04-15,12482.940786759998,12522.350228865002,12354.860099918735,12502.6455078125,3821195,12511.5130859375,12675.0623046875,12736.8857421875,12535.569205729167,13502.742561848958,-6.5423488090782485,36.87444690091472,-43.41679570999297,12736.8857421875,13068.731927404633,12405.039556970367,47.04223842015945,30.588206524882327,-0.0066536245125873306
2022-04-18,12458.309473703814,12458.309473703814,12330.22879109555,12399.1953125,2680645,12498.7046875,12621.85947265625,12721.614599609375,12516.84970703125,13486.814567057292,-24.957358425896018,24.508085835552574,-49.465444261448596,12721.614599609375,13086.20765446908,12357.021544749668,36.0855885348465,18.235209527766617,-0.008274264454499414
2022-04-19,12487.867422163117,12709.545542083173,12482.94124172045,12689.8408203125,3558966,12558.8041015625,12589.83935546875,12719.151513671875,12504.534261067709,13474.991739908854,-15.915261537495098,16.423416360943044,-32.33867789843814,12719.151513671875,13083.912679519355,12354.390347824396,45.71432543568862,52.941215392592255,0.02344067501860314
2022-04-20,12670.13551000049,12679.987870428173,12576.5380859375,12576.5380859375,2860306,12550.9220703125,12570.6271484375,12704.865576171875,12493.286149088543,13461.732104492188,-17.68802185669665,9.601128717415104,-27.289150574111755,12704.865576171875,13068.406223237946,12341.324929105804,40.664928311877674,39.41172583221581,-0.008928617464896593
2022-04-21,12645.504027937646,12744.027627687843,12561.75896814998,12571.611328125,2806754,12547.9662109375,12558.3115234375,12693.289013671874,12484.91162109375,13448.061954752604,-19.268381455281997,3.8272266828756845,-23.09560813815768,12693.289013671874,13058.395068733342,12328.182958610407,42.74188391277471,38.82342124487806,-0.0003917419705513625
2022-04-22,12413.9755859375,12463.237393818205,12305.59960859995,12413.9755859375,3323791,12530.2322265625,12520.87265625,12674.076953125,12467.752115885416,13430.820328776043,-32.861903236022044,-3.5105993009038614,-29.35130393511818,12674.076953125,13055.986458848065,12292.167447401936,36.36365040657104,20.00012328977984,-0.012539024479291672
2022-04-25,12251.410270647322,12266.188811383929,12069.1416015625,12069.1416015625,4122629,12464.221484375,12481.4630859375,12647.229248046875,12448.704215494792,13410.910343424479,-70.64572784929624,-16.937625010582337,-53.7081028387139,12647.229248046875,13115.084371602517,12179.374124491233,28.246020764995734,0.0,-0.027777884851459378
2022-04-26,12177.517193762525,12345.007316977706,12177.517193762525,12290.8193359375,7113904,12384.4171875,12471.61064453125,12619.3962890625,12438.523421223957,13394.48974609375,-81.75966601098662,-29.9020332106632,-51.85763280032342,12619.3962890625,13103.056622940847,12135.735955184155,38.85054998840187,29.999935182805793,0.01836731572909045
2022-04-27,12014.954767871253,12118.404562920576,11955.84059927164,12078.9951171875,4501762,12284.90859375,12417.91533203125,12580.72587890625,12429.820524088542,13377.371272786459,-106.43309180990582,-45.208244930511725,-61.22484687939409,12580.72587890625,13107.680965520027,12053.770792292475,36.501080468461325,14.45088204044499,-0.017234344835794668
2022-04-28,12148.35682430698,12158.265761357803,11994.76830001925,12064.130859375,6331196,12183.4125,12365.68935546875,12537.12490234375,12424.646614583333,13358.692130533855,-125.73696345153985,-61.31398863471735,-64.4229748168225,12537.12490234375,13084.176488142526,11990.073316544975,33.55576359271802,13.73915786472159,-0.0012305872854728728
2022-04-29,12074.039517627562,12371.307622288066,12054.221643983527,12331.671875,5110948,12166.9517578125,12348.5919921875,12511.8271484375,12432.798844401043,13341.010953776042,-118.08587630094917,-72.66836616796371,-45.417510132985456,12511.8271484375,13047.03409613658,11976.62020073842,46.93249592093885,47.68300697406326,0.022176567772977496
2022-05-03,12262.309806102237,12425.8072701836,12237.537463059607,12311.8544921875,4426762,12215.4943359375,12339.85791015625,12480.85869140625,12435.448291015626,13323.493033854167,-112.32660065175878,-80.60001306472273,-31.72658758703605,12480.85869140625,12984.641332638743,11977.076050173759,48.146568457304205,45.168707436259226,-0.0016070313103834222
2022-05-04,12341.581687791228,12405.989781705835,12202.856562436691,12227.62890625,3949520,12202.85625,12293.63671875,12441.738037109375,12432.50673828125,13305.191145833332,-113.25312258941085,-87.13063496966035,-26.1224876197505,12441.738037109375,12891.069085399085,11992.406988819665,40.03311608526364,34.48271757586475,-0.006841015380010029
2022-05-06,12078.99514388722,12118.630894974627,11940.270015081296,11960.087890625,4464841,12179.0748046875,12231.99169921875,12401.309423828125,12422.560953776041,13283.34609375,-134.0306994554976,-96.5106478668278,-37.5200515886698,12401.309423828125,12871.79331655191,11930.82553110434,35.67489064085886,2.465653230883306,-0.02188004049487058
2022-05-10,11469.594824468722,11682.636974556048,11330.869703481629,11613.2744140625,8283968,12088.903515625,12136.1580078125,12347.234765625,12410.036979166667,13259.226700846355,-176.44804470934832,-112.4981272353319,-63.94991747401642,12347.234765625,12914.37659478737,11780.09293646263,31.842896664032295,19.98394558339975,-0.028997569226422826
2022-05-11,11509.230996841203,11910.54296875,11474.54971531822,11910.54296875,6875406,12004.677734375,12085.81474609375,12303.343701171874,12403.699039713541,13236.517211914062,-183.95647272849783,-126.78979633396509,-57.16667639453274,12303.343701171874,12862.556078516925,11744.131323826823,40.755438694506395,41.019708791144474,0.025597307364711774
2022-05-12,11697.501566346416,11722.27391189141,11320.9619140625,11320.9619140625,9234758,11806.49921875,12010.99677734375,12246.229931640624,12383.019075520833,13212.260758463543,-234.77488112052743,-148.38681329127755,-86.38806782924988,12246.229931640624,12951.05258972871,11541.407273552539,26.734414222538533,0.0,-0.04950077055549851
2022-05-13,11415.09659090909,11811.454111426767,11410.14212190262,11771.818359375,8357892,11715.337109375,11959.0966796875,12215.353662109375,12374.943766276041,13190.406754557293,-235.94861990849313,-165.89917461472066,-70.04944529377246,12215.353662109375,12947.358701842386,11483.348622376365,37.730713647813516,31.68205382195014,0.039824923777233234
2022-05-16,11895.678852444451,11984.859285324084,11732.181392165123,11761.908203125,6123474,11675.701171875,11927.38798828125,12172.65166015625,12372.20419921875,13166.335489908854,-234.96989643856978,-179.71331897949048,-55.256577459079296,12172.65166015625,12905.902043714354,11439.401276598148,37.67346492167022,38.602447209739985,-0.0008418543293362557
2022-05-17,11771.81687266791,11974.950076278763,11761.907935906405,11950.177734375,3122150,11743.0818359375,11915.99267578125,12140.841015625,12378.185432942708,13140.836376953124,-216.50671861810406,-187.0719989072132,-29.434719710890846,12140.841015625,12853.426075102654,11428.255956147344,43.004608810797194,56.95057836162298,0.01600671659722508
2022-05-18,12019.540513370044,12158.265630589483,12009.631576425798,12118.6298828125,5121248,11784.69921875,11894.6884765625,12121.640234375,12376.957649739583,13115.92001139323,-186.13617465414427,-186.88483405659946,0.7486594024551891,12121.640234375,12813.572754974139,11429.70771377586,50.78837076886218,72.19725044149695,0.014096204439950855
2022-05-19,11766.862648879105,12049.267352452203,11712.36349555798,11920.451171875,6239054,11904.5970703125,11855.54814453125,12097.70302734375,12374.807877604168,13090.953149414063,-176.0295068978594,-184.71376862485147,8.684261726992077,12097.70302734375,12782.291391086248,11413.114663601253,44.055359607662545,54.26001516784134,-0.016353227456725183
2022-05-20,12014.586619399834,12311.854741941685,12014.586619399834,12282.1279296875,4860875,12006.658984375,11860.998046875,12077.3173828125,12377.700830078125,13068.671850585937,-137.25343601660643,-175.22170210320246,37.96826608659603,12077.3173828125,12709.975055375133,11444.659710249867,53.11076654714604,86.99552478542958,0.030340861482309966
2022-05-23,12356.444211960603,12381.21655400543,12222.673564918527,12371.3076171875,7704606,12128.5388671875,11902.12001953125,12067.055859375,12381.669580078125,13045.820076497395,-98.19513263651788,-159.81638820986555,61.62125557334767,12067.055859375,12671.6553685436,11462.4563502064,54.5994025363691,95.0672143667745,0.007260931331324105
2022-05-24,12287.0820763717,12316.808887846792,12004.677367358317,12009.6318359375,4659805,12140.4296875,11941.75576171875,12038.956884765625,12382.89453125,13020.652205403645,-95.32649421751375,-146.9184094113952,51.59191519388145,12038.956884765625,12595.118152697883,11482.795616833366,45.31025080997506,62.33179313825307,-0.02923504874678906
2022-05-25,12108.721547225052,12331.672639543025,11969.99642311609,12163.220703125,6245909,12149.3478515625,11967.02353515625,12026.419140625,12383.88779296875,13000.13046875,-79.74054030484695,-133.48283559008556,53.74229528523861,12026.419140625,12557.734590689119,11495.10369056088,47.916670659003934,77.62554439194946,0.012788807291152837
2022-05-26,12168.175304956016,12376.262993395816,12044.313585646609,12108.7216796875,6008365,12187.001953125,12045.79951171875,12028.39814453125,12390.212565104166,12977.923022460938,-70.9680991910227,-120.979888310273,50.011789119250295,12028.39814453125,12560.677588482764,11496.118700579735,48.319328311052004,74.29911041628662,-0.004480640840751837
2022-05-27,12277.17349129674,12341.581584673197,12074.04027372484,12123.5849609375,6064002,12155.293359375,12080.976171875,12020.03642578125,12389.313671875,12957.194132486979,-62.1006758916883,-109.20404582655607,47.10336993486777,12020.03642578125,12540.07163960163,11500.001211960871,52.488681191170656,75.70096999700019,0.001227485579665455
2022-05-30,12287.081540609905,12336.626224241396,12247.44579370471,12306.8994140625,4797137,12142.41171875,12135.47529296875,12031.431640625,12390.484798177084,12938.89600423177,-39.82218928660768,-95.3276745185664,55.505485231958716,12031.431640625,12566.672106109902,11496.191175140098,61.111104158466894,92.99063289674163,0.015120482408103264
2022-05-31,12321.76378125,12410.94421875,12222.67440625,12386.171875,5626637,12217.7197265625,12179.07470703125,12047.53369140625,12389.775113932292,12921.463736979167,-15.589991338476466,-79.38013788254842,63.79014654407196,12047.53369140625,12605.79736513601,11489.27001767649,58.19112559107001,97.72727101683518,0.006441302416668737
2022-06-02,12316.809210650716,12356.444960322962,12252.401117433315,12282.1279296875,5478038,12241.501171875,12195.42451171875,12045.056494140625,12382.569384765626,12905.258056640625,-4.726789252037634,-64.44946815644627,59.72267890440864,12045.056494140625,12598.429744747182,11491.683243534068,69.87702600524759,87.12869512681038,-0.00840000819966824
2022-06-03,12450.58024694775,12450.58024694775,12227.629148216094,12237.5380859375,5416853,12267.264453125,12227.133203125,12041.340673828125,12379.628759765625,12888.023974609376,0.28110848522374,-51.50335282811227,51.78446131333601,12041.340673828125,12588.129602376488,11494.551745279761,61.57634439610621,71.14097443478822,-0.0036304656656620526
2022-06-07,12197.90228680758,12202.856755648689,11895.6796875,11895.6796875,4324607,12221.6833984375,12188.48837890625,12024.743212890626,12375.177766927083,12868.680004882812,-23.06928385792162,-45.81653903407414,22.74725517615252,12024.743212890626,12567.8629403187,11481.62348546255,52.85414129897579,24.83229913123866,-0.027935226516707545
2022-06-08,11969.996468633153,12069.085843373494,11895.679437577897,11925.40625,5517861,12145.384765625,12143.8982421875,12023.009130859375,12373.438997395833,12846.874357096354,-38.72950325659258,-44.399131878577826,5.669628621985247,12023.009130859375,12567.218419686382,11478.799842032367,49.43312603526123,28.859105952410985,0.0024989377051936046
2022-06-09,11900.63388346488,12074.040288927525,11791.63557145979,12044.3134765625,5518173,12077.0130859375,12147.36640625,12044.561083984376,12366.785367838542,12827.496402994791,-41.07206729607242,-43.73371896207674,2.6616516660043246,12044.561083984376,12553.442088799691,11535.68007916906,48.259874582918684,44.96646552378956,0.009970916216166748
2022-06-10,11910.54284378895,11974.950937370171,11841.18028147071,11925.40625,2986952,12005.66875,12123.5849609375,12045.304248046876,12358.642545572917,12806.183365885418,-51.92482850810302,-45.37194087128201,-6.552887636821012,12045.304248046876,12553.403987413936,11537.204508679815,50.12049680590848,20.300745042237477,-0.009872478559602937
2022-06-13,11593.456453553175,11662.819013531698,11370.505367907923,11390.3232421875,10654760,11836.22578125,12051.7451171875,12048.772314453125,12346.34365234375,12778.933455403645,-102.52065254806439,-56.80168320663849,-45.718969341425904,12048.772314453125,12536.597378218885,11560.947250687364,29.999982479332175,1.834861143812085,-0.044869163917371835
2022-06-14,11246.644255264946,11429.95960215693,11132.69147206182,11395.2783203125,17564910,11736.1455078125,11978.914453125,12029.9453125,12334.619970703125,12749.672265625,-140.59765201614573,-73.56087696853994,-67.03677504760579,12029.9453125,12586.93627492775,11472.95435007225,27.251758489274266,19.924811050417198,0.00043502524200955683
2022-06-15,11350.687666538783,11444.822570800781,11033.601673235211,11098.009765625,12154350,11570.6662109375,11858.02548828125,11996.750390625,12312.194612630208,12720.396915690104,-192.54153742044582,-97.35700905892112,-95.1845283615247,11996.750390625,12684.730935459434,11308.769845790566,28.095253515197683,4.545452809567713,-0.026086993782118317
2022-06-16,11296.188497340427,11429.959150598404,11137.645500886525,11177.28125,12552910,11397.259765625,11737.13642578125,11958.10556640625,12285.343229166667,12692.603190104166,-224.72045700449053,-122.82969864803502,-101.8907583564555,11958.10556640625,12737.815236284694,11178.395896527805,25.43210309151914,10.139855282944968,0.007142855885794663
2022-06-17,10993.967130526595,11152.510144576549,10929.5590310688,11107.919921875,8843792,11233.7625,11619.715625,11907.570068359375,12255.365348307292,12664.600927734375,-252.9040417483502,-148.84456726809807,-104.05947448025213,11907.570068359375,12770.090230984017,11045.049905734733,25.245116155709084,11.726390726452205,-0.0062055634615976185
2022-06-20,11231.780469733716,11246.643875736892,10771.014883635244,10820.5595703125,10970660,11119.809765625,11478.0177734375,11852.57548828125,12223.964371744793,12633.424007161459,-295.026433433015,-178.08094050108147,-116.9454929319335,11852.57548828125,12842.488586031555,10862.662390530946,21.598280781311317,2.9498516556415715,-0.025869861646787395
2022-06-21,10884.96751770268,11033.601575750508,10736.33345965485,10954.330078125,11004820,11031.6201171875,11383.8828125,11786.185595703126,12194.2181640625,12602.9923828125,-313.99503104213545,-205.2637586092923,-108.73127243284316,11786.185595703126,12831.358447731525,10741.012743674726,19.867585688359043,12.716758175431977,0.012362623849834442
2022-06-22,10998.921392928638,11033.602676600034,10518.337890625,10518.337890625,9412168,10915.6857421875,11243.1759765625,11693.537109375,12155.152848307293,12570.733764648438,-360.058180524582,-236.22264299235025,-123.83553753223174,11693.537109375,12843.569608988964,10543.504609761036,14.095246819812274,0.0,-0.03980089922346275
2022-06-23,10543.108560642962,10706.606014825864,10156.660032574282,10171.5234375,19491800,10714.5341796875,11055.89697265625,11601.631689453125,12111.292529296876,12536.036580403646,-419.71042574701823,-272.92019954328384,-146.7902262037344,11601.631689453125,12925.89177523633,10277.371603669919,12.891986900260605,0.6479477722278841,-0.03297236281353122
2022-06-24,10270.613674032156,10775.969484331858,10270.613674032156,10766.060546875,16219310,10646.1623046875,10939.96240234375,11531.773681640625,12077.423258463541,12505.34969889323,-414.23602879739155,-301.1833653941054,-113.05266340328615,11531.773681640625,12878.512570818542,10185.034792462708,28.32117838495769,29.782107821240906,0.058451136944057236
2022-06-27,10889.921986304274,11043.510512953697,10756.151334061227,10954.330078125,6888694,10672.91640625,10896.3630859375,11474.0541015625,12049.893831380208,12476.190673828125,-390.2076807878875,-318.98822847286186,-71.21945231502565,11474.0541015625,12815.619792797359,10132.488410327642,35.47400685354688,41.602078821226876,0.017487318637145144
2022-06-28,10929.557504524339,10993.965594986177,10736.333233138823,10865.1494140625,8305552,10655.0802734375,10843.3501953125,11411.13232421875,12016.855013020833,12445.795849609374,-374.04936787616134,-330.00045635352177,-44.04891152263957,11411.13232421875,12742.434375707388,10079.830272730112,33.93393828885448,36.95090627644868,-0.008141133545043311
2022-06-29,10676.879896509028,10706.606708285852,10498.519025848089,10597.6083984375,7433022,10670.934375,10793.31005859375,11325.6677734375,11979.27509765625,12412.925219726563,-378.46935338975345,-339.69423576076815,-38.7751176289853,11325.6677734375,12634.107839694092,10017.22770718091,29.022999247820493,24.250705137455235,-0.02462377694306972
2022-06-30,10572.835970145356,10607.517250272356,10354.839352204215,10374.6572265625,6477360,10711.5611328125,10713.04765625,11225.092041015625,11936.583544921876,12376.841951497396,-395.4045426067896,-350.8362971299724,-44.5682454768172,11225.092041015625,12499.084169800202,9951.099912231048,28.172952977680694,14.473717366120558,-0.021037876046436255
2022-07-01,10468.791540437805,10548.063033408465,10102.160885448502,10131.8876953125,9682144,10584.7265625,10615.44443359375,11117.580029296874,11891.487890625,12334.712573242188,-423.5330489864409,-365.37564750126614,-58.15740148517477,11117.580029296874,12378.83337028429,9856.326688309458,30.699095703061815,2.2140208652932833,-0.02340024599833823
2022-07-04,10196.29652223293,10290.43142695714,9978.299900766337,10121.9794921875,12136470,10418.2564453125,10545.58642578125,11011.802099609375,11844.667154947916,12295.127913411457,-441.5348630774897,-380.60749061651086,-60.92737246097886,11011.802099609375,12231.745577670237,9791.858621548512,30.500760313888208,9.79729767271779,-0.0009779227151900383
2022-07-05,10265.659477459018,10592.654422204332,10216.114788861241,10577.791015625,10131200,10360.784765625,10507.93251953125,10945.907666015624,11804.129638671875,12259.546940104166,-414.2460789364013,-387.335208280489,-26.910870655912333,10945.907666015624,12105.719758688487,9786.095573342762,42.40232489679676,41.29695828604504,0.045031856050420815
2022-07-06,10543.10890625,10731.378708147322,10389.520383649553,10404.3837890625,8659712,10322.13984375,10496.537109375,10869.85654296875,11764.725032552084,12224.819799804687,-401.97827947544647,-390.2638225194805,-11.714456955965943,10869.85654296875,11956.394705247905,9783.318380689594,39.01408595377307,33.59371721744922,-0.01639351981017123
2022-07-07,10513.383390159233,10681.835338917675,10473.747637510189,10637.2451171875,6937247,10374.657421875,10543.10927734375,10799.503125,11730.432991536458,12194.742561848958,-369.2099741843813,-386.0530528524607,16.843078668079443,10799.503125,11737.973494558599,9861.0327554414,43.607002795844465,51.95319482922294,0.022381078288345346
2022-07-08,10761.105835804354,10860.19520814141,10696.697743785266,10756.1513671875,7087861,10499.51015625,10542.118359375,10741.040380859375,11696.562776692708,12169.350846354168,-329.84388058956756,-374.81121839988214,44.967337810314575,10741.040380859375,11515.543983247657,9966.536778471092,49.083214855828125,73.023255450289,0.011178293692590824
2022-07-11,10771.015023275117,10899.831210306005,10691.743523563799,10726.4248046875,5894946,10620.39921875,10519.32783203125,10707.845458984375,11667.615901692709,12142.561962890624,-297.6139446609832,-359.37176365210235,61.757818991119166,10707.845458984375,11419.540621007032,9996.150296961718,46.656983198609936,70.23258080248786,-0.0027636801942638733
2022-07-12,10612.472686681127,10647.153969970934,10458.884146397693,10493.5654296875,5700546,10603.5541015625,10482.16943359375,10662.759814453126,11636.019596354166,12115.844116210938,-287.54663509116835,-345.0067379399155,57.46010284874717,10662.759814453126,11301.610790006545,10023.908838899706,49.613599729716306,48.372173824206435,-0.021708945826780957
2022-07-13,10518.336152424346,10805.6953125,10493.563811038513,10805.6953125,6165852,10683.81640625,10502.978125,10648.144091796876,11605.848714192709,12092.63046875,-251.4830071971137,-326.30199179135514,74.81898459424144,10648.144091796876,11257.774843234583,10038.513340359168,60.0,77.67434930399779,0.02974488365312422
2022-07-14,10741.288203232858,10875.058858900426,10696.697984677003,10766.060546875,6613272,10709.5794921875,10542.11845703125,10627.583056640626,11575.509879557292,12065.966625976562,-223.52387254710266,-305.74636794250466,82.222495395402,10627.583056640626,11187.80836602791,10067.357747253342,50.0,73.9535108921825,-0.0036679514347540687
2022-07-15,10855.240369259323,10865.14930615504,10637.243757553522,10761.10546875,6584636,10710.5703125,10605.040234375,10610.242333984375,11546.484212239584,12041.026708984375,-199.46656391051874,-284.4904071361075,85.02384322558873,10610.242333984375,11127.703668264963,10092.780999703788,46.028503917662846,77.07315236092097,-0.00046024988466542016
2022-07-18,10914.694703146288,10974.148328401736,10751.197233693802,10909.740234375,7961398,10747.2333984375,10683.81630859375,10614.7013671875,11521.6599609375,12019.254833984374,-166.48821756236248,-260.8899692213585,94.40175165899603,10614.7013671875,11141.250729527457,10088.152004847541,50.89464467161225,93.532339637301,0.013812220877922998
2022-07-19,10830.469204317695,10984.057742896764,10805.696859385585,10969.1943359375,6494253,10842.3591796875,10722.956640625,10615.444580078125,11492.98251953125,11998.75839029948,-134.0104028622427,-235.51405594953536,101.50365308729266,10615.444580078125,11144.050323808999,10086.838836347251,58.13450850982501,98.52216842497789,0.005449634939534986
2022-07-20,11207.008808193734,11226.826684070293,11068.283677057825,11127.7373046875,7406421,10906.767578125,10795.2919921875,10645.91455078125,11468.83583984375,11981.060994466146,-94.3903351158533,-207.28931178279896,112.89897666694566,10645.91455078125,11219.308857603757,10072.520243958743,66.96430771288485,92.06349589709448,0.014453474329521043
2022-07-21,11147.5537109375,11177.280520833334,11058.37328125,11147.5537109375,5044927,10983.0662109375,10846.3228515625,10694.716064453125,11445.101546223957,11965.006583658855,-60.69250222206392,-177.96994987065196,117.27744764858804,10694.716064453125,11264.235356047624,10125.196772858626,75.43427266786921,93.6506790088224,0.0017808118314990296
2022-07-22,11152.509179950725,11251.598555161303,11028.6474609375,11028.6474609375,4674486,11036.574609375,10873.5724609375,10707.84541015625,11422.012744140626,11944.88243001302,-43.08481260759072,-150.9929224180397,107.90810981044899,10707.84541015625,11296.089113615255,10119.601706697244,71.52944417493514,78.46889526617683,-0.010666577895321994
2022-07-25,10959.284650467629,11093.055303976955,10924.603369928176,11058.3740234375,6776906,11066.3013671875,10906.7673828125,10713.047607421875,11405.166617838542,11926.935416666667,-26.427269461120886,-126.07979182665596,99.65252236553508,10713.047607421875,11312.208418748138,10113.886796095612,64.3067997541676,77.58619367603725,0.0026953951157917544
2022-07-26,11018.738881269592,11093.055915091105,10984.057598819552,11063.3291015625,4049946,11085.1283203125,10963.74375,10722.956591796876,11384.708447265624,11911.615934244792,-12.680045442250048,-103.39984254977479,90.71979710752474,10722.956591796876,11339.025346643299,10106.887836950453,71.80336259577504,76.25002756131992,0.00044808378831273643
2022-07-27,11068.282217881944,11147.5537109375,11048.464344618056,11147.5537109375,4261693,11089.0916015625,10997.92958984375,10750.453857421875,11369.184423828125,11899.502473958333,4.953845866746633,-81.72910486647052,86.68295073321715,10750.453857421875,11391.549453788402,10109.358261055348,68.72729670606921,86.87486400227279,0.007612953443019599
2022-07-28,11301.142714550177,11345.732931310786,11157.463127210433,11207.0078125,6019978,11100.982421875,11042.02431640625,10792.07138671875,11354.899039713542,11889.772827148438,23.455895924460492,-60.692104708284326,84.14800063274481,10792.07138671875,11438.493923897404,10145.648849540095,67.30043551154057,84.35752281891212,0.005333376550961777
2022-07-29,11320.96057654055,11375.459730300703,11231.78014311485,11286.279296875,6471189,11152.5087890625,11094.54169921875,10849.790966796874,11337.475830078125,11885.137337239583,44.00815160729144,-39.752053445169174,83.7602050524606,10849.790966796874,11452.69846817641,10246.883465417339,70.69602253241273,90.27025866803584,0.0070733853050930495
2022-08-01,11281.324338145678,11355.641362771143,11216.916250136941,11306.0966796875,6071769,11202.0533203125,11134.17734375,10908.996826171875,11320.713199869791,11878.080745442709,61.189702675950684,-19.563702220945203,80.75340489689589,10908.996826171875,11439.143101448413,10378.850550895337,85.65223949156376,92.13478040909482,0.001755882721951263
2022-08-02,11286.279546173526,11301.142952072789,11177.281236245599,11256.552734375,5608343,11240.698046875,11162.91318359375,10942.934912109375,11304.528597005208,11868.51766764323,70.00148975409138,-1.650663825937885,71.65215358002926,10942.934912109375,11470.705505114647,10415.164319104102,75.70636002423205,83.8926546816367,-0.0043820556922629095
2022-08-03,11256.553299286641,11459.6865234375,11231.780954877999,11459.6865234375,4784341,11303.124609375,11196.10810546875,10995.700048828125,11296.18857421875,11859.374763997395,92.31197858948144,17.14186465714598,75.17011393233545,10995.700048828125,11507.535809309653,10483.864288346596,83.33341155070316,100.0,0.018045825738653987
2022-08-04,11514.18431061491,11717.317510587032,11514.18431061491,11662.818359375,6309222,11394.28671875,11247.6345703125,11046.9787109375,11297.014306640625,11853.525642903645,124.94396697017692,38.70228511975217,86.24168185042475,11046.9787109375,11610.492526320653,10483.464895554345,86.40009776558335,94.35896828630011,0.017725775964469115
2022-08-05,11687.591410182466,11860.997810927012,11682.636941589764,11811.453125,6340910,11499.321484375,11325.91513671875,11099.743798828125,11295.362809244793,11849.530924479166,160.94338114200218,63.150504324202174,97.7928768178,11099.743798828125,11740.879245801596,10458.608351854655,86.40009776558335,95.30516049903633,0.012744326546552331
2022-08-08,11737.135978631384,11811.453006778058,11707.409167372714,11786.6806640625,6256611,11595.43828125,11398.74580078125,11152.756591796875,11303.124788411458,11843.071931966146,185.33778702927702,87.58796086521716,97.74982616405987,11152.756591796875,11837.756430836855,10467.756752756895,83.95069539415944,92.06347842205903,-0.002097325424343155
2022-08-09,11766.86314174107,11890.724859022555,11732.181860902256,11860.998046875,5057361,11716.32734375,11478.5126953125,11221.12822265625,11304.611116536458,11839.77744140625,208.26655395131093,111.72367948243593,96.542874468875,11221.12822265625,11902.055929602475,10540.200515710027,82.74344811827183,96.92307722340172,0.0063052003299870485
2022-08-10,11781.726226819688,11806.498569601057,11578.593016012452,11588.501953125,5787743,11742.0904296875,11522.60751953125,11260.2685546875,11301.721012369791,11836.962605794271,202.11969942924225,129.8028834717972,72.31681595744504,11260.2685546875,11930.560983891783,10589.976125483217,66.06502562044456,68.71791909101904,-0.02297412854070857
2022-08-11,11781.7266875,11875.86159375,11692.54625,11766.86328125,5093631,11762.8994140625,11578.59306640625,11310.30869140625,11298.665771484375,11838.425602213541,209.22868346404175,145.68804347024613,63.54063999379562,11310.30869140625,11974.656899790196,10645.960483022303,75.77855756868924,87.17950287094219,0.015391232520515885
2022-08-12,11732.182133037226,11776.772352292857,11628.138288107419,11712.3642578125,5649094,11743.081640625,11621.2015625,11357.871630859376,11291.894677734375,11834.42616373698,208.06652739413767,158.16374025502444,49.90278713911323,11357.871630859376,11992.193964482616,10723.549297236135,72.44900011531458,80.3278877446043,-0.004631567660375757
2022-08-16,11806.49903125,11816.40796875,11717.31859375,11766.86328125,5281369,11739.1181640625,11667.27822265625,11400.727783203125,11289.334879557291,11832.07137858073,209.1323781845913,168.35746784093783,40.77491034365346,11400.727783203125,12023.278112537457,10778.177453868793,73.35527019623227,85.29414882281063,0.004653118895371344
2022-08-17,11791.635640764096,11791.635640764096,11643.001578065388,11687.591796875,5984246,11704.4369140625,11710.38212890625,11436.64765625,11279.425944010416,11828.56338704427,201.26052032743246,174.93807833823675,26.32244198919571,11436.64765625,12036.861203383063,10836.434109116935,67.98683088380227,72.29733213465961,-0.006736840777381681
2022-08-18,11608.320304607747,11682.637336007285,11514.185398168333,11647.9560546875,6850899,11716.327734375,11729.20908203125,11462.65859375,11267.370084635417,11824.519832356771,189.63771755455673,177.87800618150078,11.75971137305595,11462.65859375,12051.486455616701,10873.8307318833,64.88296497090522,65.9722511233446,-0.0033912668132453083
2022-08-19,11662.8191341824,11667.773602803547,11415.095703125,11415.095703125,8177517,11645.97421875,11704.43681640625,11476.035693359376,11257.461149088542,11820.17784016927,159.79466491493258,174.26133792818715,-14.466673013254564,11476.035693359376,12046.594772331473,10905.476614387278,53.93940081733876,33.33332295462243,-0.019991520440943766
2022-08-22,11320.961457583351,11365.551677766392,11182.236328125,11182.236328125,8597497,11539.9486328125,11641.51513671875,11483.71513671875,11241.111409505209,11812.49960123698,116.01665740622411,162.61240182379453,-46.595744417570415,11483.71513671875,12032.64447870318,10934.785794734322,46.6488301171706,0.6945316660220902,-0.020399248596422392
2022-08-23,11093.055444302841,11142.60013141451,10944.421382967832,10964.2392578125,6246984,11379.423828125,11559.27099609375,11479.0083984375,11222.036702473959,11806.124633789062,63.00544184135106,142.69100982730583,-79.68556798595478,11479.0083984375,12044.653501092318,10913.363295782681,42.75185060524537,2.0942409434330345,-0.01949494393748452
2022-08-24,11028.647321304286,11127.7366952603,10909.740072557071,11122.7822265625,7914990,11266.4619140625,11485.4494140625,11481.9810546875,11205.356656901042,11797.335164388021,33.401729810853794,120.83315382401544,-87.43142401316165,11481.9810546875,12038.987033909336,10924.975075465663,41.45727722409424,21.717172064719318,0.014460006300667905
2022-08-25,11122.782656811194,11380.4150390625,11078.19243680616,11380.4150390625,9315994,11212.9537109375,11464.64072265625,11493.62412109375,11189.915250651042,11790.200024414062,30.379197111051326,102.74236248142262,-72.36316537037129,11493.62412109375,12030.570100263782,10956.678141923718,43.03182678855506,47.979843622375,0.02316262309665129
2022-08-26,11390.323394451883,11449.777018085386,11207.00805491525,11216.9169921875,6217104,11173.31796875,11409.64609375,11494.119580078124,11170.427669270834,11780.101391601562,14.622335021620529,85.1183569894622,-70.49602196784167,11494.119580078124,12029.9691649905,10958.269995165749,35.436910621925875,31.31311758026296,-0.014366615480525424
2022-08-29,10880.01343778591,10939.467063129003,10810.650874885636,10830.46875,8747373,11102.964453125,11321.45654296875,11471.329052734374,11146.233349609374,11764.4013671875,-28.71720114911841,62.351245361746074,-91.06844651086448,11471.329052734374,12078.433807772224,10864.224297696524,30.103117586886725,1.8348627413890064,-0.034452269055450624
2022-08-30,10899.83089113172,11167.372194823134,10894.876422544841,11152.5087890625,6218787,11140.618359375,11260.02109375,11463.649658203125,11128.149527994792,11753.889143880207,-36.65561296851229,42.5498736956944,-79.20548666420669,11463.649658203125,12083.310352024342,10843.988964381908,36.63551388096263,32.09298480786258,0.029734635360311623
2022-08-31,11008.82965390522,11350.688000493637,11008.82965390522,11291.234375,8017048,11174.3087890625,11220.3853515625,11465.383740234374,11118.075439453125,11746.626603190105,-31.391010097313483,27.76169693709283,-59.15270703440631,11465.383740234374,12082.794255665147,10847.973224803602,44.094501326206434,45.116284656496966,0.012438957777244797
2022-09-01,11152.508322605108,11162.41725936442,10949.375119039221,10974.1474609375,7777862,11093.0552734375,11153.0044921875,11441.106787109375,11102.221126302084,11737.830061848957,-52.20327153258404,11.768703243157457,-63.9719747757415,11441.106787109375,12096.476992082167,10785.736582136582,35.07461945603532,16.256070879268712,-0.02808257304131112
2022-09-02,11068.283588992726,11127.737216149357,10939.467396820028,10984.0576171875,7948034,11046.4833984375,11109.90068359375,11407.16875,11084.5501953125,11725.667781575521,-67.12371151426487,-4.0097797083270095,-63.11393180593786,11407.16875,12084.13957524899,10730.197924751012,36.05315087265753,17.241413792627917,0.000903045661202917
2022-09-05,10944.42129426844,11018.73832433364,10756.151484769935,10780.923828125,7342041,11036.5744140625,11069.76943359375,11355.64228515625,11065.47548828125,11712.059016927084,-94.25297716285604,-22.058419199232816,-72.19455796362323,11355.64228515625,12059.393501866592,10651.891068445906,32.13646468313874,2.3923440268655485,-0.01849351088113771
2022-09-06,10820.5595703125,10954.330224341089,10775.96935230297,10820.5595703125,10612440,10970.1845703125,11055.40146484375,11307.33623046875,11055.979427083334,11701.161539713541,-111.2721662325439,-39.90116860589504,-71.37099762664886,11307.33623046875,12019.096444466952,10595.57601647055,34.06194765566349,6.95186930880234,0.0036764699221878416
2022-09-07,10741.288461816814,10746.242930664514,10617.426740624276,10696.6982421875,6548231,10851.27734375,11012.79306640625,11249.121240234375,11044.33642578125,11689.478198242188,-133.2189055964609,-58.56471600400822,-74.65418959245268,11249.121240234375,11960.668110329052,10537.574370139699,33.03889140786771,7.547173644975766,-0.011446850536716124
2022-09-08,10825.513414349229,11003.874276095945,10805.695540821816,10934.51171875,7153563,10843.3501953125,10968.202734375,11216.421728515625,11041.611458333333,11676.903035481771,-129.92460462478266,-72.83669372816311,-57.08791089661955,11216.421728515625,11922.386499668268,10510.456957362981,41.44620431160888,38.09513695278838,0.022232418936954712
2022-09-13,11182.235953187059,11276.370859306046,11172.32701570085,11226.826171875,5104684,10891.90390625,10969.19365234375,11189.419873046874,11042.43720703125,11663.890218098959,-102.5444454418448,-78.77824407089946,-23.76620137094534,11189.419873046874,11846.346540668756,10532.493205424993,50.777194664284586,73.21430024743364,0.026733196748397248
2022-09-14,10899.831799372147,10954.330958369006,10805.696888377568,10850.287109375,6617879,10905.7765625,10971.17548828125,11146.316015625,11038.143326822918,11646.754337565104,-109.96146023650363,-85.01488730402029,-24.946572932483335,11146.316015625,11771.111800847437,10521.520230402562,48.11785143402794,27.976246906652097,-0.03353922620119398
2022-09-15,10909.739396551724,10909.739396551724,10751.196408045977,10775.96875,7451480,10896.8583984375,10933.521484375,11096.7712890625,11037.400146484375,11630.682259114583,-120.44791975241606,-92.10149379369945,-28.34642595871661,11096.7712890625,11669.344614640957,10524.197963484045,44.10773997383187,19.047510845952893,-0.006849437127869784
2022-09-16,10652.107179098288,10766.059953572363,10617.425899910526,10642.1982421875,7232425,10885.9583984375,10868.61787109375,11044.501611328125,11032.19794921875,11613.208056640626,-137.96233259177825,-101.27366155331521,-36.68867103846304,11044.501611328125,11579.619190304082,10509.384032352169,36.90685108602949,2.976188982756905,-0.012413780228575755
2022-09-19,10686.789366195613,10701.652772824536,10404.384640246077,10419.248046875,10658090,10782.9056640625,10813.1279296875,10983.0662109375,11030.546451822916,11592.849650065104,-167.8974313644485,-114.59841551554189,-53.299015848906606,10983.0662109375,11508.516393270651,10457.61602860435,36.1445946629041,1.5706809521457126,-0.02094963749394252
2022-09-20,10557.971806824882,10632.288830336085,10468.791378611439,10503.47265625,11465360,10638.2349609375,10765.06943359375,10937.48505859375,11036.078938802084,11573.685734049479,-182.71872302976772,-128.22247701838705,-54.49624601138066,10937.48505859375,11463.29724512337,10411.672872064128,43.65382486858245,10.471062469650432,0.008083559292962672
2022-09-21,10429.15747872871,10508.42898450527,10325.113627396975,10399.4306640625,7522253,10548.063671875,10726.9201171875,10898.344775390626,11029.968440755209,11553.695849609376,-200.54822757989132,-142.6876271306879,-57.86060044920342,10898.344775390626,11462.583018426008,10334.106532355243,34.03363084417494,7.246381989940813,-0.009905485127872482
2022-09-22,10211.159284819827,10374.656740617524,10121.978854384719,10354.8388671875,8428849,10463.8376953125,10680.348046875,10867.874755859375,11019.976920572917,11534.935375976562,-215.7889431168278,-157.30789032791589,-58.48105278891191,10867.874755859375,11480.843532161403,10254.905979557347,29.321644332860473,20.17165848429891,-0.004287907512965705
2022-09-23,10310.248939649593,10325.112345136835,10037.753172383505,10047.662109375,12000110,10344.93046875,10615.44443359375,10814.11875,11006.352132161459,11511.603572591146,-249.77467023631652,-175.80124630959602,-73.9734239267205,10814.11875,11515.200279449029,10113.03722055097,29.450546594263955,0.7999996363780518,-0.029665044695759035
2022-09-26,9913.892025040992,9923.800962597254,9626.53283590937,9631.4873046875,20665030,10187.3783203125,10485.1419921875,10726.67236328125,10990.250113932292,11484.76260579427,-306.7543591484646,-201.99186887736974,-104.76249027109483,10726.67236328125,11555.074244441532,9898.270482120968,24.58097195712817,0.3003003148109413,-0.04142006370807261
2022-09-27,9666.168554390972,9790.0302734375,9497.716616487696,9790.0302734375,29274800,10044.68984375,10341.46240234375,10655.32802734375,10980.506331380207,11458.544938151043,-335.253487038055,-228.6441925095068,-106.60929452854822,10655.32802734375,11549.148247965111,9761.50780672239,31.060584849811804,16.434540784420303,0.01646090201176298
2022-09-28,9730.57646433246,9804.893494355367,9403.581532231676,9463.03515625,26997090,9857.4107421875,10202.73720703125,10586.95634765625,10969.3587890625,11430.42333984375,-379.84639160425286,-258.88463232845606,-120.9617592757968,10586.95634765625,11622.354930793535,9551.557764518966,26.621134579775614,3.174602885589988,-0.03340082799076827
2022-09-29,9651.304705772478,9775.16641914225,9497.716181193964,9532.3974609375,15033560,9692.9224609375,10078.380078125,10505.95078125,10959.532421875,11402.099788411459,-404.92194333655425,-288.0920945300757,-116.82984880647854,10505.95078125,11606.500444791269,9405.40111770873,29.565184005967396,6.878292547035052,0.0073298158087988785
2022-09-30,9413.49059386471,9572.033593340326,9339.173562860515,9448.171875,21115720,9573.0244140625,9958.97744140625,10413.79765625,10940.705436197917,11372.417537434896,-426.6723859556041,-315.8081528151814,-110.8642331404227,10413.79765625,11545.69195502278,9281.903357477222,22.426459665047545,5.626598402727537,-0.008835719060461433
2022-10-04,9631.487150233703,9824.711429482219,9621.578212836344,9804.8935546875,8890533,9607.7056640625,9897.5419921875,10355.3349609375,10930.713932291666,11347.719482421875,-410.3945373663337,-334.72542972541186,-75.66910764092182,10355.3349609375,11486.151331948451,9224.518589926549,24.23695099592443,28.834341044537343,0.03775562980933822
2022-10-05,9958.481242706172,9978.299115825987,9542.305907190093,9552.21484375,12463470,9560.142578125,9802.4162109375,10283.742822265625,10912.630094401042,11321.53154296875,-413.12108265047937,-350.4045603104254,-62.716522340053984,10283.742822265625,11428.179522706616,9139.306121824635,25.37589374568826,13.564619598835076,-0.025770673544609823
2022-10-06,9661.215150122549,9894.07520758704,9621.579395660508,9854.439453125,11795430,9638.4234375,9747.91708984375,10237.418603515625,10897.6015625,11297.082169596355,-386.440246639193,-357.6116975761789,-28.828549063014066,10237.418603515625,11372.081709701723,9102.755497329528,33.910060325807095,36.11120644352269,0.03163921816234527
2022-10-07,9740.485240055363,9879.21036046307,9676.0771484375,9676.0771484375,8710867,9667.159375,9680.04091796875,10180.194482421875,10880.095768229166,11273.855834960938,-375.3609122847465,-361.16154051789243,-14.199371766854085,10180.194482421875,11306.436073116372,9053.952891727378,33.39012622931884,24.727245972867486,-0.018099690554284953
2022-10-11,9453.125502825798,9458.079971118683,9304.49145403923,9314.400390625,10486450,9640.405078125,9606.71474609375,10111.07958984375,10860.443017578125,11248.231306966145,-391.2546120629195,-367.1801548268979,-24.0744572360216,10111.07958984375,11272.954796560029,8949.204383127471,31.86991046521169,0.7462687276432339,-0.03737844916531119
2022-10-12,9314.402068546267,9448.172736551986,9264.857376692298,9423.400390625,15408520,9564.1064453125,9585.9060546875,10035.5240234375,10837.404768880207,11221.626741536458,-390.5530422359843,-371.85473230871514,-18.69830992726918,10035.5240234375,11168.101040104231,8902.947006770768,32.41941339654325,12.749005601014495,0.011702309910330833
2022-10-13,9363.945580267136,9373.854517389113,9205.402586315524,9215.3115234375,9240940,9496.72578125,9528.4341796875,9934.948291015626,10811.558951822917,11193.534415690105,-402.15231405905797,-377.9142486587837,-24.23806540027425,9934.948291015626,10975.617002745952,8894.2795792853,31.357282593521234,0.8474579359430526,-0.022082142173914243
2022-10-14,9443.216771783465,9671.122318216854,9438.26230338274,9641.3955078125,12473550,9454.1169921875,9546.27021484375,9874.5037109375,10792.897119140625,11169.690665690105,-372.66752469327184,-376.8649038656814,4.197379172409569,9874.5037109375,10828.10807940297,8920.899342472032,39.97216342867496,38.938029972689925,0.04623652529720035
2022-10-17,9448.171361839777,9641.39563195606,9443.216893375258,9626.5322265625,8034079,9444.2080078125,9555.68369140625,9817.031884765625,10771.510319010416,11146.585139973959,-346.50565774351526,-370.7930546412482,24.287396897732947,9817.031884765625,10675.70363250452,8958.360137026732,43.550845990008256,54.48719513771284,-0.0015416109875334705
2022-10-18,9809.84752676105,9884.164553478937,9646.350067981699,9864.3466796875,12039110,9554.197265625,9597.301171875,9778.139306640625,10753.09619140625,11123.03935546875,-303.0887325877975,-357.2521902305581,54.16345764276059,9778.139306640625,10544.997981463406,9011.280631817845,53.77205193753322,85.25644354870352,0.02470406243161971
2022-10-19,9869.301170080398,10012.980755387794,9700.849242478625,9705.8037109375,10728690,9610.6779296875,9587.3921875,9742.46708984375,10729.397298177084,11099.116569010417,-278.26592283516584,-341.45493675147964,63.1890139163138,9742.46708984375,10447.651643447129,9037.282536240373,48.635627325419534,61.963181248055136,-0.01607232327676289
2022-10-20,9646.350616534759,9710.758710019581,9428.353992432278,9487.8076171875,10134360,9665.1771484375,9580.95146484375,9691.683837890625,10701.73486328125,11073.418204752605,-273.0367326690266,-327.7712959349891,54.73456326596249,9691.683837890625,10306.628963534473,9076.738712246777,50.4159745236717,34.96937407265445,-0.022460385583971787
2022-10-21,9448.171141427121,9581.94178684848,9433.307736380304,9458.080078125,11819770,9628.5140625,9541.31552734375,9644.61630859375,10675.558740234375,11048.7857421875,-268.199686707163,-315.8569740894239,47.657287382260904,9644.61630859375,10168.891499734189,9120.34111745331,48.73524149257492,31.288301428423566,-0.0031332358603738397
2022-10-24,9720.667470079787,9824.71131150266,9710.75853280142,9780.12109375,9154187,9659.2318359375,9551.719921875,9615.880419921876,10654.254524739583,11029.710571289062,-235.66369005804336,-299.8183172831478,64.15462722510443,9615.880419921876,10027.049919949073,9204.710919894678,55.226193265646636,71.16568147139255,0.034049301017214706
2022-10-25,9785.075804675638,9879.210711151,9715.713242009584,9790.0302734375,7646294,9644.3685546875,9599.28291015625,9602.998828125,10633.032877604166,11008.870662434896,-206.6964226221735,-281.193938350953,74.49751572877949,9602.998828125,9971.097995344926,9234.899660905076,49.737305939509255,72.39270568613618,0.001013196011840023
2022-10-26,9785.076307619176,9849.484404833885,9725.622679420983,9730.5771484375,8825460,9649.3232421875,9630.0005859375,9607.9533203125,10609.4166015625,10989.300512695312,-186.38845471518653,-262.2328416237997,75.84438690861316,9607.9533203125,9980.309807671816,9235.596832953182,53.383477032414824,65.03080224732746,-0.006072823407023531
2022-10-27,9809.84811729644,9948.5732421875,9799.939179804222,9948.5732421875,7976822,9741.4763671875,9703.3267578125,9615.88046875,10588.442692057291,10971.670865885417,-150.96356691381152,-239.97898668180204,89.01541976799052,9615.88046875,10010.634902915968,9221.126034584031,51.84463522368591,92.02460942272815,0.022403202854725413
2022-10-28,9839.574467329545,9958.481711647726,9809.84765625,9809.84765625,7321650,9811.8298828125,9720.17197265625,9633.22109375,10563.835498046876,10950.6556640625,-132.55507116799163,-218.49420357903998,85.93913241104835,9633.22109375,10030.16870673549,9236.27348076451,52.662715452306486,74.84663319079692,-0.013944269450540503
2022-10-31,9948.573609554061,9963.437016341244,9829.666355256602,9943.619140625,8532173,9844.5294921875,9751.8806640625,9653.782177734374,10541.1275390625,10930.920369466146,-105.95063191650115,-195.9854892465322,90.03485733003106,9653.782177734374,10070.83236138358,9236.731994085168,63.77440857180728,91.41115777776959,0.013636448705681259
2022-11-01,9933.71031865448,9983.25500852308,9879.211159799019,9968.3916015625,6883084,9880.2017578125,9762.28515625,9679.7931640625,10519.658186848957,10912.093391927083,-81.92313269121405,-173.17301793546858,91.24988524425453,9679.7931640625,10107.601195104568,9251.985133020431,62.38736809020408,94.47865785221539,0.0024912922133442095
2022-11-02,9933.709600713995,9933.709600713995,9829.66575950951,9899.0283203125,6128076,9913.8919921875,9781.6076171875,9684.49990234375,10493.647216796875,10894.917895507813,-67.69782516210034,-152.07797938079491,84.38015421869457,9684.49990234375,10120.103417761613,9248.896386925888,66.58652866631351,80.50851546733503,-0.006958322267268002
2022-11-03,9671.123030995934,9814.802625206428,9636.441749634781,9750.39453125,7675891,9874.25625,9807.86630859375,9694.40888671875,10461.773486328126,10879.393896484375,-67.63798249143292,-135.18998000292254,67.55199751148962,9694.40888671875,10126.342973680019,9262.47479975748,53.055572741602816,55.08480952696752,-0.015014987759708553
2022-11-04,9671.121820956256,9745.438843145981,9557.169053598678,9740.484375,7925420,9860.38359375,9836.10673828125,9688.7111328125,10427.257340494793,10861.310074869793,-67.61084776379721,-121.67415355509749,54.06330579130028,9688.7111328125,10114.72259645121,9262.699669173788,53.203319524856624,53.38968421318607,-0.001016385154286592
2022-11-07,9745.439682875472,9844.529054333281,9725.62180858391,9834.6201171875,6429575,9838.5837890625,9841.556640625,9696.63828125,10394.722998046875,10848.923893229166,-59.309690435007724,-109.20126093107955,49.89157049607182,9696.63828125,10127.532190401476,9265.744372098523,49.090918864807335,69.49153725043107,0.009664379979819948
2022-11-08,9899.027211171913,10092.251466044638,9884.163806950935,10072.43359375,6432808,9859.3921875,9869.79697265625,9734.53994140625,10364.913590494793,10834.762353515625,-33.15916516177094,-93.99284177721783,60.83367661544689,9734.53994140625,10157.142407211886,9311.937475600615,60.693600457106136,97.01491976060612,0.024181257001161027
2022-11-09,10097.207532545655,10126.934345693484,9998.118155386228,10037.75390625,7309895,9887.1373046875,9900.5146484375,9765.2576171875,10339.067789713541,10820.394401041667,-15.059450458671563,-78.20616351350859,63.14671305483702,9765.2576171875,10181.904731739556,9348.610502635445,67.96115266238219,87.14287510800814,-0.0034430296489141865
2022-11-10,9928.755500438157,10008.02700143966,9874.256343499625,9894.07421875,7129706,9915.8732421875,9895.06474609375,9799.195751953124,10307.854638671875,10803.260205078124,-12.16877212480722,-64.99868523576832,52.8299131109611,9799.195751953124,10128.69056679499,9469.700937111258,63.25302993062061,59.130517394742036,-0.014313928080119442
2022-11-11,10429.156609737513,10473.746828021425,10275.56808009292,10463.837890625,11091000,10060.5439453125,9960.46376953125,9840.31787109375,10287.045865885417,10789.470271809896,35.68591289745018,-44.861765609124625,80.54767850657481,9840.31787109375,10275.294008027025,9405.341734160475,68.06282668482945,98.91892017535928,0.057586355153396385
2022-11-14,10463.838039568345,10463.838039568345,10315.203976506295,10330.0673828125,8134813,10159.6333984375,9999.10859375,9875.49462890625,10263.099267578125,10776.217073567708,62.10107104782401,-23.469198277734897,85.57026932555891,9875.49462890625,10349.696969729071,9401.292288083429,63.39066398561843,84.32435858490969,-0.012784076856958038
2022-11-15,10349.884839207849,10671.925296148256,10339.97590207122,10652.107421875,7628105,10275.5681640625,10067.48017578125,9914.882666015625,10245.841194661458,10762.633569335938,107.77880694785563,2.780402767383208,104.99840418047242,9914.882666015625,10502.491046035964,9327.274285995285,70.21737090429022,98.22222352144624,0.0311750182383439
2022-11-16,10681.83460926553,10706.60695297904,10533.20054698447,10607.517578125,7646622,10389.5208984375,10138.3291015625,9959.968359375,10228.500553385416,10747.935319010418,138.78093378465564,29.980508970837697,108.80042481381795,9959.968359375,10614.58304819429,9305.353670555709,65.64705718665142,91.37931897778408,-0.0041860114608336385
2022-11-17,10538.154426560284,10602.562516614486,10458.882931108961,10483.6552734375,6799359,10507.437109375,10211.65517578125,10009.7607421875,10212.976546223957,10735.21884765625,151.6080466442927,54.3060165055287,97.302030138764,10009.7607421875,10664.65301073405,9354.86847364095,66.1137384310346,80.60341670813806,-0.01167684180348949
2022-11-18,10483.65566154053,10587.699503172076,10359.7939453125,10359.7939453125,8039452,10486.6283203125,10273.5861328125,10054.846435546875,10199.269173177083,10720.190291341145,150.04937616657662,73.4546884377383,76.59468772883832,10054.846435546875,10672.944663038661,9436.748208055089,59.99999061392884,69.82759939849731,-0.011814708219072045
2022-11-21,10369.702798047256,10394.475141090848,10117.024899002627,10136.8427734375,6657347,10447.9833984375,10303.8083984375,10072.68251953125,10185.479231770832,10703.757967122396,129.33295252402058,84.63034125499476,44.70261126902582,10072.68251953125,10677.853675416649,9467.511363645852,53.69563689715102,50.43106027313975,-0.021520811422690356
2022-11-22,10117.024919247651,10166.569605433977,10003.072141019102,10017.935546875,10775490,10321.1490234375,10298.35859375,10084.077783203125,10167.065120442709,10686.210888671874,102.14277971618685,88.13282894723318,14.009950768953672,10084.077783203125,10675.260452579045,9492.895113827206,52.55319282780139,40.086245070282736,-0.011730203300980846
2022-11-23,10092.252536231885,10265.658937198068,10092.252536231885,10255.75,8912651,10250.7955078125,10320.158203125,10110.33642578125,10148.320703125,10669.117976888021,98.64687101670461,90.23563736112747,8.411233655577135,10110.33642578125,10681.729705543681,9538.943146018819,60.45081884444904,60.77587547599676,0.023738868353887943
2022-11-24,10325.112410926366,10473.746466745843,10300.340068289786,10429.15625,8777762,10239.895703125,10373.66640625,10134.365576171875,10135.191357421874,10652.809513346354,108.61670755110572,93.91185139912312,14.704856151982597,10134.365576171875,10717.41736264633,9551.313789697419,63.33975982379108,71.71713511012292,0.016908197840235895
2022-11-25,10374.657853648088,10404.384666982323,10290.431882534422,10300.3408203125,6652093,10228.005078125,10357.31669921875,10158.890234375,10126.355891927084,10636.294620768229,104.9141610710667,96.11231333351185,8.801847737554851,10158.890234375,10725.49903959854,9592.281429151459,58.9015424427473,51.19050457347117,-0.012351471835269523
2022-11-28,10265.65872318787,10270.613191683617,10017.935298400518,10047.662109375,8226657,10210.1689453125,10329.076171875,10164.0923828125,10107.941780598958,10618.045654296875,80.66099630598,93.02204992800549,-12.36105362202548,10164.0923828125,10724.253094951513,9603.931670673486,49.529206075814045,20.83325991481284,-0.024531101965015734
2022-11-29,9993.163880220925,10285.477548507011,9973.34600440492,10245.841796875,6801419,10255.7501953125,10288.449609375,10177.964892578126,10090.518570963543,10604.297005208333,76.54922124722543,89.72748419184948,-13.178262944624052,10177.964892578126,10731.421086183016,9624.508698973235,53.72340797320457,44.642900376775046,0.01972396019518685
2022-11-30,10196.296259269067,10260.704350314014,10112.070294056446,10230.9775390625,6077586,10250.795703125,10250.79560546875,10194.562353515625,10078.132405598959,10590.17676595052,71.26963650393009,86.03591465426561,-14.766278150335523,10194.562353515625,10732.489283945226,9656.635423086023,56.31969054877547,35.1350409644156,-0.001450760035845322
2022-12-01,10508.428477783782,10592.65444860996,10424.202506957603,10458.8837890625,10828710,10256.7412109375,10248.31845703125,10229.98681640625,10069.379508463542,10576.96485188802,84.50157567651877,85.72904685871625,-1.2274711821974762,10229.98681640625,10737.191432506426,9722.782200306074,49.89339816719656,66.21623387986824,0.022276097189133592
2022-12-02,10409.33840657158,10424.201812197336,10230.9775390625,10230.9775390625,7800010,10242.8685546875,10235.43681640625,10254.511474609375,10060.213736979167,10562.844612630208,75.72494311171977,83.72822610931696,-8.003282997597196,10254.511474609375,10706.48437703592,9802.53857218283,47.95081205746806,35.1350409644156,-0.021790685755427863
2022-12-05,10275.567867804079,10399.429582700463,10250.795524824802,10295.3857421875,8570480,10292.41328125,10251.29111328125,10277.549755859374,10051.46083984375,10553.720133463541,73.12367803973393,81.60731649540037,-8.483638455666437,10277.549755859374,10684.094723828748,9871.00478789,41.743132330769285,43.918844772629654,0.0062954104707086955
2022-12-06,10161.615123205962,10226.023215161924,10097.20703125,10097.20703125,6324676,10262.686328125,10259.21826171875,10278.788427734375,10041.469319661459,10542.902872721354,54.443203643138986,76.17449392494811,-21.731290281809123,10278.788427734375,10682.845360763311,9874.731494705438,38.97217286337142,19.684961287828788,-0.01924927495678197
2022-12-07,10022.889766896265,10206.205101238906,9998.117424417529,10047.662109375,6917319,10226.0232421875,10238.40947265625,10279.283837890625,10026.688492838543,10534.149975585937,35.23476750030022,67.98654864001854,-32.75178113971832,10279.283837890625,10682.118883203551,9876.4487925777,40.26550158318031,11.999853330834773,-0.004906794692994043
2022-12-08,10027.84447737069,10136.842786907328,10027.84447737069,10057.5712890625,4889423,10145.7607421875,10201.2509765625,10287.45869140625,10007.200911458332,10524.819059244792,20.57436300448535,58.504111512911905,-37.929748508426556,10287.45869140625,10663.097036306634,9911.820346505865,42.8904534932979,13.599892823307655,0.0009862174483608044
2022-12-09,10136.842525013706,10226.022957785088,10077.388903166118,10166.5693359375,7116330,10132.8791015625,10187.873828125,10272.595263671876,9995.805615234374,10516.974471028645,17.54882632110275,50.31305447455007,-32.76422815344732,10272.595263671876,10642.326595409688,9902.863931934064,50.73890884234056,31.199854182612697,0.010837412307833638
2022-12-12,10047.662843965942,10117.025407977542,10032.799437392028,10037.75390625,4534765,10081.352734375,10186.8830078125,10257.97958984375,9983.502034505209,10510.451090494791,4.702530240007036,41.19094962764147,-36.48841938763444,10257.97958984375,10641.016219718933,9874.942959968566,50.490207445626446,10.399971524327443,-0.01267049143432819
2022-12-13,10107.117199034203,10126.935075895053,10012.982283945159,10067.4814453125,8151424,10075.4076171875,10169.04697265625,10228.748291015625,9973.923421223959,10503.060685221355,-3.044394117576303,32.343880878597915,-35.38827499617422,10228.748291015625,10572.342130994339,9885.154451036911,44.808787312337664,15.200090001746089,0.0029615728120202522
2022-12-14,10112.07040414085,10320.158085166777,10112.07040414085,10295.3857421875,8864463,10124.95234375,10175.48779296875,10213.14169921875,9971.859049479166,10501.202750651042,9.101171952608638,27.695339093400058,-18.59416714079142,10213.14169921875,10509.389289670353,9916.894108767146,46.41910632546735,51.9998945268635,0.022637667435792874
2022-12-15,10211.159683519109,10290.431180334395,10097.206906847134,10112.0703125,8507457,10135.8521484375,10140.8064453125,10194.562451171874,9965.335677083332,10500.707307942708,3.8897587054289033,22.934223015805827,-19.044464310376924,10194.562451171874,10464.847516182372,9924.277386161377,45.10308244004363,22.399873502960173,-0.01780559119182168
2022-12-16,9938.663690291563,10052.616464407569,9903.982411212779,9983.25390625,6407223,10099.1890625,10116.03408203125,10175.73544921875,9958.399397786457,10494.183919270834,-10.513537741280743,16.244670864388514,-26.758208605669257,10175.73544921875,10449.987470157195,9901.483428280304,48.209365792843116,11.510775918363954,-0.012738875647528292
2022-12-19,9953.527944302063,10112.070947894728,9953.527944302063,9998.1181640625,7201679,10091.2619140625,10086.30732421875,10168.79921875,9952.454052734374,10486.215486653646,-20.492606553618316,8.897215380787149,-29.389821934405465,10168.79921875,10453.991802285163,9883.606635214837,42.33129353663986,13.669170191010643,0.0014889191391991297
2022-12-20,9948.572528279828,9993.162743795026,9760.302729437879,9799.9384765625,8967204,10037.7533203125,10056.58046875,10157.899365234374,9948.325325520833,10477.338728841145,-43.88663717236159,-1.6595551298425981,-42.22708204251899,10157.899365234374,10481.452861858383,9834.345868610366,38.01653745198568,4.761898871794937,-0.01982169886852736
2022-12-21,9903.9835340166,9933.710348025654,9804.894153986419,9849.484375,8145161,9948.573046875,10036.7626953125,10137.586083984375,9951.958610026042,10471.104361979167,-57.76278166015072,-12.880200435904223,-44.8825812242465,10137.586083984375,10485.377637154435,9789.794530814315,31.19270257872678,13.433012317390594,0.005055735661605887
2022-12-22,9943.618865921851,10092.2529296875,9928.755459545288,10092.2529296875,10932150,9944.6095703125,10040.230859375,10120.74091796875,9956.995654296876,10468.750992838543,-48.60998700559867,-20.026157749843115,-28.583829255755553,10120.74091796875,10440.583583887428,9800.89825205007,45.757596391385576,51.93807748103492,0.024647844033713673
2022-12-23,9933.70938728192,9938.663855804256,9690.9404296875,9690.9404296875,9985762,9886.146875,9992.66796875,10090.2708984375,9960.794075520833,10465.076432291668,-72.89856684028564,-30.60063956793162,-42.297927272354016,10090.2708984375,10451.50437446813,9729.037422406871,34.67338151728947,0.0,-0.039764411652773224
2022-12-26,9700.850418848782,9884.165774056855,9641.39679013265,9874.2568359375,13077980,9861.374609375,9976.31826171875,10081.600634765626,9966.491731770833,10463.012076822917,-76.47379707441178,-39.77527106922766,-36.69852600518412,10081.600634765626,10455.250854489661,9707.95041504159,44.3038303142685,34.30661817467684,0.0189162659269293
2022-12-27,9918.846174502349,10057.57129582406,9918.846174502349,10017.935546875,10295220,9904.9740234375,9971.363671875,10070.205322265625,9975.98779296875,10458.346614583334,-66.94185752978592,-45.20858836133931,-21.73326916844661,10070.205322265625,10436.595919987372,9703.814724543878,49.27536921890324,55.47440013111209,0.01455083793390699
2022-12-28,9933.710378114658,9948.573785164206,9695.895865321889,9730.5771484375,8202033,9881.192578125,9914.8828125,10045.185302734375,9974.749186197916,10452.731559244792,-81.63412063907163,-52.49369481688578,-29.140425822185847,10045.185302734375,10433.06195056728,9657.30865490147,42.978744283888204,13.138692344024383,-0.02868439281655577
2022-12-29,9685.98548730874,9745.43910666818,9463.03441471084,9552.21484375,9128235,9773.1849609375,9858.897265625,9999.85185546875,9974.749186197916,10443.689640299479,-106.44318161840965,-63.283592177190556,-43.1595894412191,9999.85185546875,10395.99122573562,9603.71248520188,37.19009072223894,10.404616289703075,-0.01833008484148757
2023-01-02,9641.395901398328,9725.62186764898,9438.262688676163,9477.8984375,10133090,9730.5765625,9808.36171875,9962.197900390625,9968.473502604167,10433.037532552084,-130.5958266834914,-76.74603907845074,-53.84978760504066,9962.197900390625,10406.118302326395,9518.277498454856,38.05497330927488,4.494382098099445,-0.007780018295822311
2023-01-03,9512.580319979188,9562.125009145746,9349.082845729545,9522.4892578125,12429890,9660.223046875,9760.798828125,9923.553076171875,9965.913704427083,10423.004736328125,-144.47346519464008,-90.29152430168861,-54.181940892951474,9923.553076171875,10379.743569420392,9467.362582923357,38.44537936917426,17.857155145202714,0.004704715988100627
2023-01-04,9433.307361685625,9596.804810706437,9358.990339403439,9581.94140625,11776190,9573.02421875,9738.99912109375,9897.789794921875,9970.372721354166,10415.407869466146,-148.95721611639965,-102.02466266463082,-46.932553451768825,9897.789794921875,10370.584240702825,9424.995349140925,33.71040855141844,24.736704996477442,0.006243341087386778
2023-01-05,9581.942032762625,9651.304591427917,9448.171383908131,9467.9892578125,9094714,9520.506640625,9700.849609375,9868.80615234375,9971.115869140625,10404.260319010416,-159.86280812571022,-113.59229175684672,-46.2705163688635,9868.80615234375,10372.947956357844,9364.664348329656,34.81309584062315,15.58430750696196,-0.01189238627186473
2023-01-06,9408.536559276494,9715.71363493481,9403.582090314263,9666.1689453125,9674766,9543.2974609375,9658.2412109375,9849.23603515625,9978.630159505208,10395.094555664062,-150.77607114581951,-121.02904763464129,-29.747023511178227,9849.23603515625,10352.911959417623,9345.560110894876,42.7602137854609,41.558459258163836,0.020931549677928984
2023-01-09,9775.166735145634,9884.165046434638,9760.303329060771,9844.529296875,9113396,9616.6236328125,9673.60009765625,9833.134033203125,9982.01572265625,10387.456420898438,-127.71041075321773,-122.36532025835659,-5.3450904948611395,9833.134033203125,10314.17699320504,9352.09107320121,46.736836863628724,66.66663013489723,0.018452020916621237
2023-01-10,9799.93874326232,9864.34683409266,9651.3046875,9651.3046875,6313091,9642.38671875,9651.3048828125,9813.811572265626,9982.428597005208,10376.969458007812,-123.59756406239649,-122.61176901916457,-0.9857950432319171,9813.811572265626,10291.280013344449,9336.343131186803,46.835449880883125,40.666577987220684,-0.019627612813985507
2023-01-11,9750.394746740221,9933.710095129138,9750.394746740221,9879.2109375,8128485,9701.840625,9637.432421875,9804.398046875,9982.676334635416,10367.886263020833,-100.78617347485851,-118.24664991030336,17.460476435444846,9804.398046875,10268.031957889076,9340.764135860923,50.588230292546015,71.33334659370482,0.023614035343343387
2023-01-12,9963.436530750749,9973.345468125935,9829.665876185722,9923.80078125,7199768,9793.0029296875,9656.75478515625,9785.818798828124,9986.309619140626,10357.853458658854,-78.20841640798426,-110.23900320983955,32.03058680185529,9785.818798828124,10192.94667043054,9378.690927225709,46.38297461885932,81.11888562809816,0.004513502549150283
2023-01-13,9923.801526534276,9993.164093369762,9824.712145340724,9874.2568359375,6829073,9834.6205078125,9688.958984375,9773.928125,9992.750439453124,10347.242651367187,-63.580250053932104,-100.90725257865806,37.327002524725955,9773.928125,10153.92278340332,9393.93346659668,54.63662069796807,74.12597765537248,-0.004992436507402331
2023-01-16,9864.347273503641,10008.026867140812,9864.347273503641,9948.5732421875,6398262,9855.429296875,9736.02646484375,9772.194091796875,10000.925325520833,10338.242032877604,-45.46650041695102,-89.81910214631665,44.35260172936563,9772.194091796875,10148.465050663386,9395.923132930364,51.98937605219956,84.61540853319212,0.007526278431357447
2023-01-17,9928.755406821645,9968.391156948679,9750.39453125,9750.39453125,6232091,9875.247265625,9758.8169921875,9759.80791015625,10000.4298828125,10327.342203776041,-46.565807409580884,-81.16844319896951,34.60263578938863,9759.80791015625,10120.762608672138,9398.853211640364,43.04123816084386,60.9022424486016,-0.019920314814300344
2023-01-18,9790.029539781344,9839.574223687121,9740.48485587557,9799.9384765625,8182051,9859.3927734375,9780.61669921875,9759.80791015625,10000.59501953125,10316.813948567707,-42.944199787314574,-73.52359451663852,30.57939472932395,9759.80791015625,10120.762608672138,9398.853211640364,52.05878908673083,68.42093048622749,0.005081224678007867
2023-01-19,9725.62193185939,9829.66577320888,9661.21383959542,9819.7568359375,6342271,9838.583984375,9815.79345703125,9758.321533203125,10002.08134765625,10305.748974609374,-38.03641358283494,-66.42615832987781,28.38974474704287,9758.321533203125,10117.96381668838,9398.67924971787,58.76627178984728,71.42852426218357,0.002022294264642399
2023-01-20,9770.213474893162,9884.16626897153,9760.304536277652,9854.439453125,6111211,9834.6205078125,9834.6205078125,9746.430859375,10000.512451171875,10294.477571614583,-30.991114033509803,-59.33914947060421,28.34803543709441,9746.430859375,10073.870024259162,9418.991694490836,62.666720104703515,76.69188747067281,0.003531922202041793
2023-01-25,10012.980583018376,10097.206545369347,9993.16270952403,10077.388671875,3596053,9860.38359375,9857.9064453125,9765.753271484375,10004.971468098958,10284.403483072916,-7.332994497332038,-48.93791847594978,41.60492397861774,9765.753271484375,10123.602020921038,9407.904522047711,66.66666666666666,97.31543776278708,0.022624241572593906
2023-01-26,10092.253268640019,10226.023930521846,10057.571985929915,10206.2060546875,4377881,9951.5458984375,9913.39658203125,9782.350732421875,10009.347916666668,10275.237727864584,21.56216666844739,-34.83790144707035,56.40006811551774,9782.350732421875,10188.87148272789,9375.82998211586,68.00005181110797,97.59036142551507,0.012782813783100089
2023-01-27,10221.069461563258,10260.705213231948,10171.524771977396,10206.2060546875,5895117,10032.7994140625,9946.09609375,9791.7642578125,10013.311490885417,10266.484838867187,43.95510300438946,-19.079300556778392,63.03440356116785,9791.7642578125,10228.826619313964,9354.701896311035,72.78290337397242,93.64161844579222,0.0
2023-01-30,10230.977683773921,10325.112587401865,10092.252562638003,10097.20703125,5193890,10088.289453125,9963.43671875,9810.095751953126,10016.614469401042,10255.130843098957,52.303434697027114,-4.802753506017291,57.106188203044404,9810.095751953126,10266.67161506527,9353.519888840981,64.07764884641121,66.1764790550752,-0.010679680858240115
2023-01-31,10042.707265720506,10151.705568555164,10017.934924167175,10131.8876953125,6479420,10143.7791015625,9989.1998046875,9839.07939453125,10022.972688802083,10242.373087565104,61.014648572918304,8.360726909769827,52.65392166314848,9839.07939453125,10300.299441441675,9377.859347620826,60.3571164588239,71.32344513658761,0.003434678912214606
2023-02-01,10201.250348104815,10414.292487477573,10171.52353795978,10354.8388671875,6020776,10199.269140625,10029.8263671875,9882.926416015625,10033.211930338543,10230.234635416668,84.92962872698808,23.674507273213482,61.255121453774606,9882.926416015625,10365.800181691147,9400.052650340103,74.82517048763427,92.10525747114578,0.0220048996376212
2023-02-02,10538.154168524175,10627.334598723251,10478.700548391458,10592.6533203125,12035860,10276.55859375,10114.05224609375,9936.434619140626,10045.845817057292,10220.284407552082,121.66953104881577,43.27351202833394,78.39601902048183,9936.434619140626,10483.980027424357,9388.889210856894,74.99998288996674,96.41025429967365,0.022966504469575932
2023-02-03,10597.609364538455,10681.835338917675,10528.246797402626,10637.2451171875,7274020,10362.76640625,10197.78291015625,9989.1998046875,10055.259342447916,10210.086466471354,152.62498782034345,65.14380718673584,87.48118063360761,9989.1998046875,10593.372139321482,9385.027470053517,75.00001711000984,95.63107167938499,0.004209690955286005
2023-02-06,10523.292359720914,10637.245148926932,10508.428952433173,10518.337890625,6321154,10446.992578125,10267.641015625,10041.717236328124,10063.269075520833,10201.168432617187,165.65304570393346,85.24565489017537,80.40739081375808,10041.717236328124,10637.67379859092,9445.760674065328,71.52316238306548,83.98059923279627,-0.01117838549855088
2023-02-07,10518.336995592856,10800.741710029404,10513.38252691853,10741.2880859375,5912195,10568.87265625,10356.32587890625,10095.473193359376,10077.389306640625,10192.62197265625,191.7576303304868,106.54804997823766,85.20958035224913,10095.473193359376,10740.71470031316,9450.231686405592,74.09636408325527,94.78260904059664,0.021196333263947986
2023-02-08,10820.55968010355,10889.922242155497,10815.605211385555,10884.9677734375,9215058,10674.8984375,10437.0837890625,10147.4951171875,10084.408138020834,10185.727001953124,221.486295575447,129.53569909767953,91.95059647776748,10147.4951171875,10870.617310038582,9424.372924336418,85.66975017730442,99.59677424621871,0.013376392696152095
2023-02-09,10800.742020566238,11018.738648504273,10780.924145299145,11013.7841796875,6016164,10759.124609375,10517.8416015625,10215.619091796874,10095.80341796875,10179.451342773438,252.52987715682139,154.1345347095079,98.39534244731348,10215.619091796874,10996.338919092907,9434.899264500842,86.35012545840571,99.63503659128294,0.011834339699594576
2023-02-10,10998.920435104927,11008.82937243385,10830.468500513229,10860.1953125,6292853,10803.7146484375,10583.24052734375,10264.668310546875,10099.271549479166,10172.556372070312,261.72183483488516,175.65199473458335,86.0698401003018,10264.668310546875,11078.939430829656,9450.397190264093,78.84612156422959,87.40153858959263,-0.013945149521883748
2023-02-13,10795.787219861997,10924.603405138001,10775.969345204152,10860.1953125,7234246,10872.0861328125,10659.53935546875,10311.488037109375,10103.482845052084,10165.99169921875,265.94092606601953,193.70978100087058,72.23114506514895,10311.488037109375,11150.541127948254,9472.434946270496,78.43132383242896,84.54104372203612,0.0
2023-02-14,10969.19311127534,11028.646732474663,10889.921616342906,10998.919921875,7472107,10923.6125,10746.242578125,10367.72119140625,10112.070589192708,10162.523567708333,277.2821666551881,210.4242581317341,66.85790852345403,10367.72119140625,11233.709649332313,9501.732733480187,77.35290877996464,97.05882425085719,0.012773675369846194
2023-02-15,11043.50978980399,11122.781282238651,10800.740844222833,10805.6953125,9557941,10907.7580078125,10791.32822265625,10410.577294921875,10119.502278645834,10159.385725911457,267.59391432726807,221.85818937084088,45.73572495642719,10410.577294921875,11274.058554796326,9547.096035047425,67.13875625871418,71.30044667096254,-0.01756759852307943
2023-02-16,10969.192838885225,11281.324342430738,10959.283902264731,11266.4609375,6577947,10958.293359375,10858.708984375,10486.380615234375,10138.329248046875,10161.904239908854,293.71013214069535,236.2285779248118,57.48155421588356,10486.380615234375,11371.743712917276,9601.017517551474,73.9909852138592,98.82352941097393,0.042640997332858976
2023-02-17,11038.556892017326,11172.327554532796,10959.285388304455,11008.830078125,7364604,10988.0203125,10895.86748046875,10546.8251953125,10154.844156901041,10160.954638671876,290.2726828746836,247.03739891478617,43.23528395989743,10546.8251953125,11399.320209197906,9694.330181427094,69.3277557987284,78.43149068952454,-0.022867061875436412
2023-02-20,11063.32832278481,11380.414311436054,11003.874699912702,11350.6875,8050727,11086.11875,10979.10244140625,10623.371728515625,10173.093115234375,10160.706909179688,311.54225134433545,259.93836940069605,51.60388194363941,10623.371728515625,11475.913510434468,9770.829946596783,72.86247355260628,97.54098450511192,0.031053020116486696
2023-02-21,11335.824810195229,11420.05078125,11276.37118356833,11420.05078125,6620170,11170.344921875,11046.9787109375,10701.652294921874,10189.608024088542,10162.399690755208,330.1893573237576,273.98856698530835,56.200790338449224,10701.652294921874,11544.368992588368,9858.93559725538,71.20318357702217,100.0,0.00611093215719305
2023-02-22,11207.008691014056,11325.915945030121,11058.374623493975,11102.96484375,12162770,11229.798828125,11068.77841796875,10752.931103515624,10202.985091145832,10164.670491536459,315.74146691078386,282.3391469704035,33.40231994038038,10752.931103515624,11559.753417622615,9946.108789408634,59.847062703161065,65.21738209016578,-0.02776572044851211
2023-02-23,11187.189944439053,11246.643566818711,10998.920140236802,11167.3720703125,10352210,11209.9810546875,11084.13720703125,10800.989404296875,10221.646923828124,10164.794352213541,305.9615997100391,287.0636375183306,18.897962191708473,10800.989404296875,11584.870665650762,10017.108142942989,60.151791585037174,72.28250761991453,0.00580090340453121
2023-02-24,11172.326928502831,11197.09927202501,11003.874992552013,11043.5107421875,7771379,11216.9171875,11102.46875,10842.854638671875,10234.94140625,10162.72998860677,284.93189296774653,286.6372886082138,-1.705395640467259,10842.854638671875,11581.092528002751,10104.616749341,60.03787603047554,58.469921356169976,-0.011091358588675937
2023-02-27,10979.102394950958,11142.599858413676,10899.83089751449,11112.873046875,9183975,11169.354296875,11127.7365234375,10893.637939453125,10249.639664713543,10163.88603515625,270.741715204922,283.45817392755544,-12.716458722633433,10893.637939453125,11551.23609293648,10236.03978596977,57.5452762580484,52.30762490829902,0.006280820140150523
2023-02-28,11137.64595761274,11390.323868572816,11137.64595761274,11316.0068359375,7905228,11148.5455078125,11159.44521484375,10952.843896484375,10263.925048828125,10166.652278645834,272.74308371818006,281.3151558856804,-8.572072167500323,10952.843896484375,11529.967976505635,10375.719816463115,58.54618242481836,83.8461505813228,0.018279142414897143
2023-03-02,11335.824000388198,11479.503587805706,11167.3720703125,11167.3720703125,7210162,11161.426953125,11195.612890625,10993.470556640625,10279.531624348958,10169.872680664062,259.3460198115499,276.9213286708543,-17.575308859304357,10993.470556640625,11503.887265606416,10483.053847674833,53.02143208434512,55.63378459888534,-0.013134913028946205
2023-03-03,11256.553053579128,11519.139898578993,11236.7351784848,11489.4130859375,10208410,11225.83515625,11217.90810546875,11038.308544921874,10299.432080078124,10175.446459960938,271.58411606206573,275.8538861490966,-4.2697700870308495,11038.308544921874,11557.942102309336,10518.674987534412,61.608786599570834,96.00000127743232,0.028837672247091994
2023-03-06,11643.00095928549,11781.726077098252,11578.59286887242,11761.908203125,10048710,11369.5146484375,11293.21591796875,11094.54169921875,10327.177099609375,10184.323209635417,299.81489465435516,280.6460878501483,19.168806804206838,11094.54169921875,11671.665539028958,10517.41785940854,65.11628363843532,97.97979895016739,0.02371706153737496
2023-03-07,11647.956519285772,11870.90762237716,11647.956519285772,11747.0458984375,7201463,11496.34921875,11332.8517578125,11155.977099609376,10355.500162760416,10191.09432779948,317.33073511877774,287.98301730387425,29.34771781490349,11155.977099609376,11736.422733004254,10575.531466214497,63.08495611195848,88.42594196829022,-0.001263596385112975
2023-03-08,11593.456274352358,11811.45288805813,11593.456274352358,11761.908203125,11017000,11585.5294921875,11367.0375,11207.00810546875,10383.905777994793,10195.553344726562,328.623264231288,296.111066689357,32.51219754193096,11207.00810546875,11812.849605719042,10601.16660521846,67.83737483112859,88.77540605583195,0.001265195081043835
2023-03-09,11851.089893574617,11851.089893574617,11553.821752431442,11652.9111328125,6888874,11682.6373046875,11422.03212890625,11245.4052734375,10408.678141276041,10202.241878255209,325.0307698730685,301.89500732609935,23.135762546969147,11245.4052734375,11862.544909679678,10628.265637195322,58.297927305774294,77.55105400188747,-0.009266954683725626
2023-03-10,11484.457530155298,11489.411998459938,11335.823481016101,11385.3681640625,11241910,11661.8283203125,11443.83173828125,11263.98447265625,10431.13837890625,10207.32020670573,297.16962413801775,300.94993068848305,-3.7803065504652977,11263.98447265625,11874.097295227068,10653.871650085432,58.050822861643404,49.99988714760663,-0.022959324558534333
2023-03-13,11410.141701571913,11529.04895334687,10815.605442697128,11514.185546875,11181040,11612.2837890625,11490.89921875,11296.683984375,10455.250113932292,10214.586767578125,282.23057326923845,297.20605920463413,-14.975485935395682,11296.683984375,11885.40223485122,10707.96573389878,53.84616798331984,66.19716301445348,0.011314292252674552
2023-03-14,11454.732146355798,11509.231304491575,11063.3291015625,11063.3291015625,12729490,11475.5404296875,11485.94482421875,11306.840673828125,10468.049169921875,10219.95410970052,231.34412953493302,284.0336732706939,-52.68954373576088,11306.840673828125,11870.320010104975,10743.361337551274,42.88537341549522,23.47419190780805,-0.03915660760173045
2023-03-15,11306.097386766058,11489.412725640002,11296.188449529627,11454.7314453125,11836180,11414.105078125,11499.81728515625,11329.63125,10490.42685546875,10227.881266276041,220.0624118139258,271.23942097934025,-51.17700916541446,11329.63125,11877.32226066284,10781.94023933716,56.81381129959705,60.56331683207126,0.03537835132236289
2023-03-16,11415.095454545453,11524.09376183712,11207.007776988636,11444.822265625,12901800,11372.4873046875,11527.5623046875,11361.58759765625,10514.786328125,10236.59286295573,207.92514955813567,258.57656669509936,-50.65141713696369,11361.58759765625,11852.166588641257,10871.008606671241,55.49019660890129,59.62432704523082,-0.0008650730691338593
2023-03-17,11638.0458984375,11638.0458984375,11459.685041756466,11638.0458984375,7210269,11423.0228515625,11542.4255859375,11380.166845703125,10542.11845703125,10247.286254882812,211.46023217971742,249.15329979202298,-37.693067612305555,11380.166845703125,11883.55497404086,10876.778717365389,61.45036502500707,77.93411892598722,0.016883061032136437
2023-03-20,11558.774525242938,11707.408574003026,11469.594095986884,11662.818359375,6296469,11452.7494140625,11532.5166015625,11412.866259765626,10573.166455078124,10260.745890299479,213.79623132064626,242.08188609774763,-28.28565477710137,11412.866259765626,11899.371300891456,10926.361218639795,60.77668758429692,80.28154712375812,0.0021285756349205265
2023-03-21,11727.227060111465,11801.544088375796,11652.910031847134,11667.7734375,7064772,11573.63828125,11524.58935546875,11428.720556640625,10603.471272786459,10277.71494140625,213.58528267669317,236.38256541353675,-22.797282736843584,11428.720556640625,11927.212658241046,10930.228455040204,57.47367163059323,80.75108828650852,0.00042486112467110537
2023-03-22,11821.362055647733,11865.952272957384,11751.999495388274,11851.0888671875,4946529,11652.909765625,11533.507421875,11450.2724609375,10632.785205078126,10294.8904296875,225.60944228767949,234.22794078836532,-8.618498500685831,11450.2724609375,11983.263705286043,10917.281216588957,64.31536219935992,98.12198291908486,0.015711260650496328
2023-03-23,11761.908068454868,12088.902985269537,11747.04466314511,11856.04296875,9681626,11735.15390625,11553.82060546875,11487.9263671875,10668.870247395833,10314.832161458333,232.85423136921963,233.95319890453618,-1.0989675353165467,11487.9263671875,12024.003582179455,10951.849152195544,58.85166426255111,81.7120501113121,0.00041802923073319675
2023-03-24,11945.223992662453,11989.814210801798,11836.225681655165,11979.9052734375,8427043,11803.52578125,11613.27431640625,11528.55302734375,10703.964388020833,10335.228059895833,245.75749234698742,236.31405759302646,9.443434753960958,11528.55302734375,12085.1076321647,10971.998422522802,55.67011723324065,91.43972966351357,0.010447187566203553
2023-03-27,12044.313359020765,12054.222296379072,11841.180143175496,12019.541015625,8680329,11874.8703125,11663.80986328125,11577.354541015626,10737.324479166668,10356.656136067708,256.22805525510194,240.2968571254416,15.931198129660345,11577.354541015626,12125.940918652916,11028.768163378336,56.99743760397665,94.55257178110887,0.0033085188307275804
2023-03-28,12029.449461484053,12039.3583984375,11930.36009194959,12039.3583984375,5744596,11949.1873046875,11761.41279296875,11623.67880859375,10775.804166666667,10375.276676432291,263.09238373789776,244.85596244793285,18.23642128996491,11623.67880859375,12163.519733653464,11083.837883534035,57.10659454072742,96.10895449213362,0.0016487636912871917
2023-03-29,12039.358731868924,12252.400882268252,12019.540857413174,12232.5830078125,6808841,12025.4861328125,11839.19794921875,11669.5076171875,10820.476969401041,10397.613077799479,280.8861440237015,252.0619987630866,28.8241452606149,11669.5076171875,12253.212797435543,11085.802436939459,64.23353603560398,98.6206892150446,0.01604941085565459
2023-03-30,12301.94517745179,12460.488168059303,12301.94517745179,12396.080078125,7393501,12133.4935546875,11934.32373046875,11730.943017578125,10869.113330078126,10418.793416341146,304.6686439417972,262.5833277988287,42.08531614296851,11730.943017578125,12349.712937919083,11112.173097237168,76.15384887524974,96.084335439773,0.013365702910667299
2023-03-31,12391.126568782887,12485.261476742453,12301.946129663298,12475.3525390625,4859483,12232.5830078125,12018.05439453125,11780.239990234375,10918.327718098959,10442.12071126302,326.15337843740417,275.29733792654383,50.85604051086034,11780.239990234375,12470.909690491182,11089.570289977568,75.52631565297273,99.30313579935903,0.006394961991040171
2023-04-03,12569.486819683305,12589.30469405411,12460.488510643876,12549.6689453125,6221782,12338.60859375,12106.739453125,11819.62802734375,10967.78984375,10469.081282552082,345.1976742993502,289.2774052011051,55.92026909824506,11819.62802734375,12591.027784272104,11048.228270415395,99.3420890536638,97.13261686022176,0.005957058609550536
2023-04-04,12510.03428550101,12604.169196956265,12475.353002333284,12574.4423828125,6807110,12445.625390625,12197.40634765625,11860.9978515625,11019.5640625,10495.339965820312,358.1607709228192,303.054078345448,55.106692577371234,11860.9978515625,12701.645575186896,11020.350127938105,99.13041466202979,97.8723421847381,0.001974031156356082
2023-04-05,12510.032316162298,12861.79956148805,12510.032316162298,12851.890625,7041296,12569.4869140625,12297.4865234375,11915.49697265625,11072.659423828125,10525.644791666668,386.368062287529,319.71687513386416,66.65118715366486,11915.49697265625,12863.56064733206,10967.43329798044,100.0,99.2932862224445,0.022064456915141806
2023-04-06,12782.529054439003,12886.572895579786,12668.576276046717,12772.6201171875,9954625,12644.794921875,12389.14423828125,11971.482421875,11121.4609375,10551.738330078126,397.7411638755493,335.3217328822012,62.4194309933481,11971.482421875,12984.288718574187,10958.676125175813,93.86980327002227,91.9580463430346,-0.006168003613281625
2023-04-07,12876.664013579919,13159.06872645951,12851.891670344869,13154.1142578125,6152540,12780.547265625,12506.56513671875,12059.9197265625,11179.841097005208,10581.134847005209,432.5516317351048,354.76771265278194,77.78391908232288,12059.9197265625,13162.176151353147,10957.663301771854,95.19525189812204,99.67105268092045,0.02986811923668209
2023-04-10,13159.069015179224,13595.06226568215,13159.069015179224,13545.517578125,11183790,12979.7169921875,12659.16279296875,12161.486328125,11240.946207682291,10611.811271158855,486.11848388093495,381.0378668984126,105.08061698252237,12161.486328125,13415.865059994585,10907.107596255415,96.10710181876081,97.31903595024563,0.0297552015013125
2023-04-11,13604.971643127925,13837.831682176364,13416.701824322805,13763.5146484375,9502332,13217.5314453125,12831.57841796875,12296.49560546875,11304.941438802083,10645.625528971354,539.9370832351506,412.81771016576016,127.1193730693904,12296.49560546875,13631.841715504903,10961.149495432597,96.17229460500691,96.44549956249021,0.016093668555312357
2023-04-12,13669.379558608112,13738.74212251551,13471.200804586972,13476.1552734375,9208305,13342.384375,12955.93564453125,12397.566796875,11364.973079427084,10678.861759440104,553.0262683903329,440.8594218106747,112.16684657965823,12397.566796875,13770.13114112912,11025.00245262088,84.42108294572324,81.93068922431853,-0.020878342657383864
2023-04-13,13327.520844818082,13550.47193701764,13228.431470507167,13481.109375,6889348,13484.0822265625,13064.43857421875,12499.38115234375,11423.848681640626,10712.387003580729,557.3742333130213,464.16238411114404,93.21184920187721,12499.38115234375,13876.464285789752,11122.298018897749,83.59204244936063,82.13397279352665,0.0003676198041635548
2023-04-14,13629.74352345733,13753.605242136513,13595.062242227157,13664.4248046875,6011812,13586.1443359375,13183.34580078125,12600.70009765625,11489.08251953125,10744.756201171875,569.0523685031567,485.1403809895466,83.91198751361009,12600.70009765625,14008.783379557903,11192.616815754598,84.5833578006742,90.90907154909459,0.01359794840233608
2023-04-17,13664.424313224112,13704.060061775886,13491.017913310101,13684.2421875,4912606,13613.8892578125,13296.803125,12701.7712890625,11553.820914713542,10777.207967122396,573.2978511869878,502.7718750290349,70.52597615795293,12701.7712890625,14116.57658364345,11286.965994481552,84.5833578006742,91.55308421597701,0.001450290304623847
2023-04-18,13699.104982767793,13699.104982767793,13520.74412223266,13679.287109375,5860326,13597.04375,13407.28759765625,12802.34697265625,11618.146419270834,10810.113883463542,569.6954983260348,516.1565996884349,53.538898637599914,12802.34697265625,14193.448608187655,11411.245337124847,83.03167410725236,89.67732496420398,-0.0003621010251869672
2023-04-19,13659.469863880457,13674.33326960829,13565.3349609375,13565.3349609375,5602744,13614.8796875,13478.63203125,12888.05927734375,11679.994677734376,10840.253564453125,551.2906858294064,523.1834169166292,28.107268912777158,12888.05927734375,14243.155278242099,11532.9632764454,77.31483868436194,82.25800608691215,-0.008330269518168398
2023-04-20,13491.017373403392,13500.926310144783,13129.341182342632,13164.0224609375,13182410,13551.4623046875,13517.772265625,12953.458251953125,11731.43857421875,10868.205021158854,498.5749132371275,518.2617161807289,-19.68680294360138,12953.458251953125,14222.350190053567,11684.566313852683,63.98388873774225,51.079060384845384,-0.029583677893366578
2023-04-21,13164.023986699256,13198.70526931382,12906.3916015625,12906.3916015625,7282014,13399.8556640625,13493.0,12999.782568359375,11776.441666666668,10892.894791666668,431.039867145033,500.8173463735897,-69.77747922855673,12999.782568359375,14183.834762001781,11815.730374716968,56.7415970884179,31.636355533934648,-0.0195708310388778
2023-04-24,12881.619441929326,12950.9820081551,12623.987053090741,12653.7138671875,9468528,13193.75,13403.81962890625,13031.4912109375,11817.233463541666,10915.272477213543,353.05903037464486,471.26568317380077,-118.2066527991559,13031.4912109375,14136.330744032011,11926.651677842989,51.3793119854385,10.821028741452174,-0.019577721037412954
2023-04-25,12713.166295417906,12732.984169611855,12386.171371217757,12485.2607421875,5166756,12954.9447265625,13275.99423828125,13053.786328125,11857.034358723959,10936.8244140625,274.50161233089966,431.91286900522056,-157.4112566743209,13053.786328125,14090.205582177798,12017.367074072201,43.36918828814285,6.825933740952737,-0.013312544188059938
2023-04-26,12485.260623757456,12703.257237823062,12396.080190730618,12460.48828125,6421798,12733.975390625,13174.4275390625,13065.181591796874,11895.844368489583,10959.408528645834,207.8494034488358,387.10017589394363,-179.25077244510783,13065.181591796874,14068.052604310378,12062.31057928337,44.241311329855066,5.1194421636538125,-0.001984136450894791
2023-04-27,12470.437514671008,12962.887978951992,12380.90106661992,12913.1455078125,11953530,12683.8,13117.63115234375,13091.03486328125,11938.4828125,10985.847371419271,189.36976609096564,347.5540939333481,-158.18432784238246,13091.03486328125,14046.833132469532,12135.236594092967,45.667989696658154,36.53190038767227,0.03632740678739199
2023-04-28,13107.140777411489,13206.625716898483,12813.660205924854,12908.1708984375,7095435,12684.155859375,13042.00576171875,13112.67578125,11977.074772135416,11011.460294596354,172.33652278532827,312.5105797037441,-140.17405691841583,13112.67578125,14028.5443069495,12196.8072555505,36.69327428684442,36.19045589320676,-0.000385236065991057
2023-05-02,12933.042012633232,13132.011889750667,12923.093518777361,13067.3466796875,5484000,12766.882421875,12980.3162109375,13138.55966796875,12017.57646484375,11036.417903645834,169.725223283358,283.9535084196669,-114.2282851363089,13138.55966796875,14015.882210954342,12261.237124983158,35.099194338631946,50.00681321663851,0.012331397105167508
2023-05-03,12898.222814994002,12923.094050657315,12684.330188289512,12699.2529296875,6195784,12809.680859375,12882.31279296875,13144.8001953125,12053.925048828125,11058.59706217448,136.38153879282982,254.43911449429947,-118.05757570146966,13144.8001953125,14006.870375176683,12282.730015448318,33.926660697025625,23.191585539380654,-0.02816897408654373
2023-05-04,12669.40749310483,12898.222862041943,12644.536257350797,12793.763671875,7890400,12876.3359375,12805.1556640625,13141.89384765625,12088.132975260416,11082.76114095052,116.24268235745512,226.79982806693062,-110.55714570947549,13141.89384765625,14008.501925597273,12275.285769715229,36.2876346704592,30.076589888692297,0.0074422285083053374
2023-05-08,12952.93938898798,13007.656106837007,12699.252788051579,12724.1240234375,6058872,12838.531640625,12761.1658203125,13139.46904296875,12118.785579427084,11101.596858723959,93.58437351014072,200.15673715557264,-106.57236364543192,13139.46904296875,14010.686745900508,12268.251340036993,30.350001591806844,25.93966092314729,-0.005443249556859597
2023-05-09,12684.330427892235,12704.227416798733,12430.643819334391,12555.0,8525474,12767.8974609375,12726.02666015625,13109.513330078125,12144.472509765625,11120.137963867188,61.27427355771215,172.38024443600057,-111.10597087828842,13109.513330078125,14018.971126119643,12200.055534036608,27.787698199264213,13.207283884335746,-0.013291604445695326
2023-05-10,12555.0000984375,12604.74257109375,12395.8241859375,12435.6181640625,7282394,12641.5517578125,12704.21708984375,13054.018359375,12170.729557291666,11135.000553385416,25.73847302381364,143.0518901535632,-117.31341712974955,13054.018359375,13986.612951524494,12121.423767225508,26.590699122718988,4.230380016529765,-0.009508708557347645
2023-05-11,12535.102277057927,12634.587215764735,12206.801979325457,12236.6474609375,9394144,12549.0306640625,12679.35576171875,12977.675,12193.670426432293,11148.576635742187,-18.26858887481103,110.78779434788835,-129.05638322269937,12977.675,13915.687931031018,12039.66206896898,25.766038940312797,2.3062298498898777,-0.016000065336518765
2023-05-12,12196.853626209268,12380.90076494081,12171.982391245545,12211.7763671875,9968770,12432.633203125,12654.4845703125,12914.4560546875,12213.884700520834,11162.97764485677,-54.522886001941515,77.72565827792238,-132.2485442798639,12914.4560546875,13881.008219100117,11947.903890274883,29.867381979211217,3.8461540277024517,-0.002032508808429312
2023-05-15,12142.137947961512,12157.060690216276,11958.090793486059,12132.189453125,11074710,12314.2462890625,12576.38896484375,12847.01005859375,12235.992936197918,11177.747607421876,-88.65472007517019,44.44958260730387,-133.10430268247404,12847.01005859375,13835.08905221173,11858.931064975772,32.29901200111638,13.94423627038839,-0.0065172266236668275
2023-05-16,12236.647933365462,12331.158628785764,12157.059979327312,12256.544921875,8597858,12254.5552734375,12511.2263671875,12776.616064453125,12252.4943359375,11195.411791992188,-104.46578094365213,14.666509897112668,-119.1322908407648,12776.616064453125,13719.043097626482,11834.189031279768,40.35326828189925,23.90434763115984,0.010250043426248023
2023-05-17,12211.776451400565,12619.664707618424,12201.82795734647,12574.896484375,6128655,12282.4109375,12461.98134765625,12721.148779296875,12278.595442708332,11216.719799804687,-90.26730477572528,-6.32025303745492,-83.94705173827036,12721.148779296875,13563.972929197347,11878.324629396402,52.02936675231896,49.40235786141434,0.02597400527874849
2023-05-19,12614.691187005928,12624.639681632905,12485.360756855236,12584.845703125,8375563,12352.0505859375,12450.540625,12666.426708984374,12299.16474609375,11236.128930664063,-77.32078543019088,-20.520359516002113,-56.800425914188764,12666.426708984374,13379.438699846374,11953.414718122374,52.83449599116766,50.19922934361583,0.0007911968708738115
2023-05-22,12574.896302406833,12818.634403205067,12505.256845035909,12813.66015625,4487320,12472.42734375,12452.5302734375,12628.84296875,12322.391569010417,11255.999796549479,-48.04334768306035,-26.024957149413762,-22.018390533646585,12628.84296875,13209.264750551532,12048.421186948466,47.47473445459391,68.52586553410521,0.018181744816162748
2023-05-23,12833.557881477927,13042.476265595009,12823.60938699616,12957.9140625,4855148,12637.572265625,12475.90927734375,12618.537548828124,12353.307389322918,11278.146240234375,-13.050247551456778,-23.430015229822367,10.379767678365589,12618.537548828124,13165.292863107275,12071.782234548973,51.1792626465657,85.16954607897901,0.011257822081354174
2023-05-25,12938.01653543909,12947.965029507093,12649.510207466976,12709.201171875,5835714,12728.103515625,12491.32939453125,12608.67802734375,12379.004541015625,11300.325732421876,-5.32562479106673,-19.80913714207124,14.48351235100451,12608.67802734375,13140.484731173097,12076.871323514404,41.855206333173875,69.26599421589039,-0.019193898757576378
2023-05-26,12753.969426347172,12868.37710840879,12619.664756100927,12669.4072265625,6038337,12747.0056640625,12514.70830078125,12609.4626953125,12406.102815755208,11320.522111002605,-2.3873248209201847,-16.324774677841027,13.937449856920843,12609.4626953125,13141.595396079321,12077.32999454568,49.202121549453736,65.59627100988807,-0.003131113023890353
2023-05-30,12763.917656582575,12853.4541015625,12694.278199375967,12853.4541015625,6030459,12800.72734375,12576.38896484375,12627.87236328125,12435.1125,11342.37608235677,14.623770025444173,-10.135065737183988,24.75883576262816,12627.87236328125,13167.338398891317,12088.406327671184,51.52282961339665,82.56872958055293,0.014526873413156283
2023-05-31,12833.556885045924,13067.346487215365,12818.634144481917,12997.70703125,6668347,12837.53671875,12654.98203125,12654.73330078125,12463.140836588542,11363.532942708332,39.29225445250631,-0.24960169924592712,39.54185615175224,12654.73330078125,13212.301737635518,12097.164863926982,56.72370617095147,93.72196542609231,0.01122289219284367
2023-06-01,12942.991441087524,13141.961332572344,12942.991441087524,13107.1416015625,4785935,12867.3822265625,12752.47724609375,12664.43310546875,12495.470328776042,11387.5009765625,66.9014629094363,13.18061122249052,53.720851686945785,12664.43310546875,13247.114176686784,12081.752034250716,63.9798513577734,97.058822746217,0.00841952892532416
2023-06-02,13156.88389896266,13191.70362950812,13107.141426754863,13171.806640625,4992616,12959.9033203125,12844.00341796875,12677.614892578125,12523.510221354167,11411.471150716146,92.92866395720739,29.130221769433895,63.798442187773496,12677.614892578125,13294.440629005789,12060.789156150462,69.17098010773388,98.38709615349983,0.004933572935138741
2023-06-05,13236.471633114117,13236.471633114117,13047.450241885881,13141.9609375,3952135,13054.4140625,12900.70986328125,12681.34560546875,12546.511100260417,11436.844099934895,109.8804757657781,45.28027256870274,64.60020319707536,12681.34560546875,13308.905536344795,12053.785674592706,75.85229316709771,92.6069999890162,-0.002265877714371256
2023-06-07,13141.961105885359,13400.621960353958,13141.961105885359,13385.69921875,5399462,13160.8630859375,12980.79521484375,12715.667919921874,12573.821988932292,11464.661075846354,141.3531202651884,64.49484210799987,76.85827815718854,12715.667919921874,13417.98474487209,12013.351094971658,79.79799482121902,98.96551686738536,0.018546568690103404
2023-06-08,13316.05915829648,13360.827381092397,13161.857501999435,13216.57421875,6153127,13204.6365234375,13021.08662109375,12736.808447265625,12598.066422526043,11490.986100260418,150.90886031156515,81.77764574871293,69.13121456285222,12736.808447265625,13473.629802204148,11999.987092327101,76.32845591066615,85.19995429162175,-0.01263475274889625
2023-06-09,13350.87870552218,13529.95159426987,13316.058977154575,13455.337890625,5066566,13274.27578125,13070.82900390625,12773.369140625,12628.106868489584,11518.392504882813,175.7224668187082,100.566609962712,75.1558568559962,12773.369140625,13577.070066746674,11969.668214503326,77.57433112989787,94.38202125385604,0.018065473542778765
2023-06-12,13505.080944500138,13510.055191625184,13395.647507749123,13490.158203125,4829939,13337.94609375,13148.92470703125,12820.12705078125,12663.186702473959,11547.162540690104,195.93848012978924,119.64098399612745,76.2974961336618,12820.12705078125,13677.364662486576,11962.889439075923,74.21049586119317,96.19052841365529,0.0025878437823743106
2023-06-13,13579.695071102527,13798.561951369382,13574.720823823736,13723.9482421875,6429415,13454.3435546875,13254.37880859375,12884.5435546875,12700.016080729167,11577.633097330729,228.1942374909795,141.35163469509786,86.84260279588165,12884.5435546875,13810.954112353902,11958.132997021097,76.94114223286732,94.23077286121509,0.017330414924885185
2023-06-14,13723.947934089945,13848.304113268,13176.780745706512,13196.677734375,9126163,13416.5392578125,13288.701171875,12932.545068359375,12735.571891276042,11601.810530598957,208.80387311950835,154.84208237997996,53.961790739528396,12932.545068359375,13816.102348303624,12048.987788415126,57.93814316142962,46.96357600040726,-0.038419738875993925
2023-06-15,13326.008096431247,13450.364275009368,13072.321492131885,13276.265625,16332090,13428.4775390625,13316.55703125,12985.76953125,12765.930794270833,11628.178824869792,197.58135244391633,163.38993639276725,34.191416051149076,12985.76953125,13812.962425376712,12158.576637123288,56.779646917306245,53.441301962931306,0.0060309035521635135
2023-06-16,13385.698763572564,13505.08069234467,13286.213822929141,13500.1064453125,7829126,13437.43125,13355.853515625,13054.165380859375,12800.185530598957,11657.48592936198,204.39338769515962,171.59062665324575,32.80276104191387,13054.165380859375,13807.06323035961,12301.267531359139,67.02353822023292,71.65989629712386,0.016860224601938922
2023-06-19,13500.106414458578,13539.900390625,13321.03352170968,13539.900390625,9333229,13447.3796875,13392.662890625,13118.333154296875,12831.88310546875,11687.00078125,210.57562875516305,179.38762707362923,31.18800168153382,13118.333154296875,13800.427777479244,12436.238531114506,68.73659734807735,73.27584078221551,0.002947676410826938
2023-06-20,13460.313147420746,13579.6950822094,13375.750943612116,13415.544921875,8005942,13385.6990234375,13420.0212890625,13160.365576171875,12861.09521484375,11717.130834960937,203.09944827505024,184.12999131391342,18.969456961136814,13160.365576171875,13803.978574785415,12516.752577558334,62.417592659312234,57.97107767421868,-0.009184371019162252
2023-06-21,13430.46661342418,13534.925798195256,13186.728515625,13186.728515625,11535420,13383.7091796875,13400.12421875,13190.459716796875,12886.4111328125,11744.941202799479,176.67435767638563,182.63886458640786,-5.964506910022237,13190.459716796875,13774.274354148052,12606.645079445698,54.02542055639391,26.922971701083892,-0.017056065003882015
2023-06-22,13077.295987781801,13345.9053386149,13077.295987781801,13266.3173828125,7184160,13381.71953125,13405.09853515625,13213.092578125,12909.998274739582,11771.391739908855,160.30652558496513,178.17239678611932,-17.865871201154192,13213.092578125,13769.872666936055,12656.312489313947,53.43346952394514,27.329223063990042,0.006035527848563316
2023-06-23,13321.033770398326,13345.905005966657,13166.832109874671,13221.548828125,6356992,13326.0080078125,13381.71962890625,13226.27431640625,12932.756705729167,11800.8134765625,142.0845898051084,170.95483538991715,-28.870245584808742,13226.27431640625,13769.945964312903,12682.602668499598,51.082243356025266,21.739120264057494,-0.0033746030187322695
2023-06-26,13176.780292049118,13370.775924887892,13176.780292049118,13311.0849609375,4819998,13280.244921875,13363.8123046875,13256.368505859375,12954.943033854166,11829.4537109375,133.33143031812506,163.43015437555874,-30.098724057433685,13256.368505859375,13743.187307632003,12769.549704086747,53.58648565699808,30.769177337508157,0.006771985186942553
2023-06-27,13226.522297251257,13256.367778177735,12977.809956197265,13117.0888671875,8106914,13220.5537109375,13303.1263671875,13278.752587890625,12973.235498046875,11855.279988606771,109.4786234657222,152.63984819359143,-43.16122472786924,13278.752587890625,13686.71773711011,12870.787438671141,44.18102034866871,15.9999822926919,-0.014574025657510092
2023-06-28,13206.62605531754,13236.471537928428,12947.965206023186,12952.939453125,6081566,13173.7958984375,13278.7525390625,13283.72685546875,12988.461848958334,11882.1330078125,76.4483671351718,137.40155198190752,-60.953184846735724,13283.72685546875,13671.798865524941,12895.65484541256,44.276469331126144,0.5524860762750352,-0.012514164973992159
2023-06-29,13032.527804016654,13077.296029297628,12863.403397399645,12918.1201171875,7920109,13104.1564453125,13242.93798828125,13279.747509765624,12999.887467447918,11910.18221842448,46.92114387108995,119.305470359744,-72.38432648865405,13279.747509765624,13681.557545291455,12877.937474239794,37.20382244722409,5.555556911095687,-0.002688141642559705
2023-06-30,12957.913326931506,13176.780193106164,12833.557152968631,13122.0634765625,7042800,13084.259375,13205.13369140625,13280.493603515624,13011.987190755208,11940.550260416667,39.521551533178354,103.34868659443087,-63.82713506125252,13280.493603515624,13681.007488877636,12879.979718153612,41.88595575398406,28.43135627711113,0.015787386827565975
2023-07-07,13301.137190621499,13365.802405086002,13176.781008958995,13321.0341796875,7328220,13086.24921875,13183.2470703125,13287.95498046875,13026.081884765625,11972.204801432292,49.146068879166705,92.50816305137805,-43.36209417221134,13287.95498046875,13685.492468470005,12890.417492467495,40.97995662515741,48.03926947217014,0.01516306512922938
2023-07-10,13340.931046131514,13375.750776676974,13102.167179534083,13171.806640625,7542455,13097.1927734375,13158.8732421875,13289.447265625,13036.450846354166,12002.120345052082,44.222384836091805,82.8510074083208,-38.62862257222899,13289.447265625,13684.89581739388,12893.99871385612,49.32976266419078,45.333372611221314,-0.011202398931612123
2023-07-14,13773.690036388913,13853.27798892854,13704.050577916742,13808.509765625,6472147,13268.3068359375,13221.0513671875,13310.58779296875,13057.018636067709,12038.291349283854,90.65197129993612,84.41120018664387,6.240771113292254,13310.58779296875,13768.0466547844,12853.1289311531,61.030921992705665,95.6097569329946,0.0483383291579953
2023-07-17,13803.53610017854,13898.046797801384,13748.819380502156,13843.330078125,8173740,13453.348828125,13278.75263671875,13341.9255859375,13073.542626953125,12073.101025390624,128.77304577958967,93.28356930523303,35.489476474356636,13341.9255859375,13854.783531509589,12829.067640365412,57.718131122211226,94.85981663213072,0.0025216560723071435
2023-07-19,14375.57389223369,14654.131725439602,14241.269222652269,14639.208984375,9528804,13756.7779296875,13420.51865234375,13401.119140625,13104.65244140625,12113.056689453126,220.66140097555945,118.75913563929832,101.90226533626112,13401.119140625,14175.629494641507,12626.608786608493,68.44741082185872,99.18032794205469,0.05749186805186679
2023-07-20,14460.135508154346,14823.255526074974,14365.624818558566,14778.4873046875,8076954,14048.2685546875,13567.25888671875,13465.535595703124,13131.725325520832,12155.78321126302,301.2495634933366,155.257221210106,145.9923422832306,13465.535595703124,14455.547863707874,12475.523327698374,72.75745059704242,97.74999959830186,0.009514060524797197
2023-07-21,14460.136126360736,15012.277547078329,14440.239138226769,14907.818359375,7315589,14395.4708984375,13746.3318359375,13524.7291015625,13154.430338541666,12197.688273111979,371.27240101375173,198.46025717083515,172.81214384291658,13524.7291015625,14703.391629319056,12346.066573805943,79.72509286582658,95.20547987774196,0.008751305327878711
2023-07-24,14907.818595297029,15111.762726897688,14808.333653052805,15071.96875,9202585,14648.1626953125,13958.234765625,13618.49365234375,13176.237906901042,12240.589672851562,434.9971920438329,245.76764414543473,189.22954789839818,13618.49365234375,14972.583942703586,12264.403361983914,80.30050313282202,98.25327541319905,0.011011027010653818
2023-07-26,15648.981927569606,16529.423695268215,14679.003708918597,14917.767578125,14440810,14863.0501953125,14158.19951171875,13700.56875,13200.264778645833,12282.618929036458,467.6658414814319,290.14728361263417,177.51855786879776,13700.56875,15162.051682686199,12239.085817313802,77.45573862950194,56.39301098409155,-0.01023099068427935
2023-07-28,14251.21767466929,14897.869785561788,14156.706981538848,14853.1015625,11197420,14905.8287109375,14331.3033203125,13768.218505859375,13223.131315104167,12323.489998372395,482.772869378623,328.672400765832,154.10046861279102,13768.218505859375,15313.486030370319,12222.950981348431,75.1623415427028,54.64332617039791,-0.0043348319570164495
2023-08-03,14713.823343300322,15037.1494140625,14489.982217388046,15037.1494140625,12971380,14957.5611328125,14502.91484375,13843.08095703125,13246.01005859375,12367.5462890625,503.78905467196455,363.69573154705853,140.09332312490602,13843.08095703125,15483.893620708912,12202.268293353589,81.43324610677962,59.623155648980344,0.012391206697675239
2023-08-04,15071.968430802075,15076.942677808942,14813.307586445077,14853.1015625,7507592,14946.6177734375,14671.0443359375,13914.9587890625,13265.491048177084,12409.655981445312,499.8316612053877,390.9229174787244,108.90874372666332,13914.9587890625,15602.204476377075,12227.713101747926,80.90613190404667,54.64332617039791,-0.01223954397835414
2023-08-07,14728.746350990854,14763.566082317073,14022.40322980183,14276.08984375,10708890,14787.4419921875,14717.80234375,13969.42685546875,13275.437760416668,12446.79208984375,445.0056270939058,401.7394594017607,43.266167692145075,13969.42685546875,15627.774253955118,12311.079456982381,68.77579110732205,39.0309735016519,-0.03884789424767654
2023-08-08,14325.830861828334,14420.341551541784,14106.964001439288,14256.19140625,14296870,14655.1267578125,14759.0884765625,14018.920556640625,13286.952034505208,12483.473356119792,395.3921281223011,400.46999314586884,-5.077865023567767,14018.920556640625,15647.73542413739,12390.10568914386,66.52171921355645,33.67195368709426,-0.001393829663289159
2023-08-09,14211.423064654897,14723.770483506649,14181.577583945087,14589.4658203125,8530739,14602.399609375,14754.11416015625,14087.31640625,13310.709423828124,12521.073999023438,378.6012530911594,396.09624513492696,-17.49499204376758,14087.31640625,15689.820386002644,12484.812426497356,67.78239790763428,43.396186831957394,0.023377521005812918
2023-08-10,14465.11094573207,14743.668790629248,14350.703259435015,14634.2353515625,8302927,14521.816796875,14739.68896484375,14153.47392578125,13339.506819661457,12557.974243164062,364.70282354435403,389.8175608168124,-25.114737272458342,14153.47392578125,15730.088486866509,12576.859364695993,71.12067153921294,32.922546333197964,0.0030686203183443173
2023-08-11,14748.642400629073,14748.642400629073,14435.264838659552,14504.904296875,5724811,14452.17734375,14699.39755859375,14222.864697265624,13370.359993489583,12593.796728515625,339.340575821283,379.72216381770653,-40.38158799642355,14222.864697265624,15727.961073636365,12717.768320894884,61.78449375665153,27.191388302094882,-0.008837568317069056
2023-08-14,14425.315940667599,14445.212928171968,14057.22167183677,14231.3203125,6850823,14443.2234375,14615.33271484375,14286.783740234376,13399.460986328126,12628.247672526042,293.77837642062696,362.53340633829066,-68.7550299176637,14286.783740234376,15668.308087195723,12905.259393273029,56.07474234843189,8.333281900804296,-0.018861481522076784
2023-08-16,14106.964299735284,14216.39773224381,13843.329212328385,13858.251953125,8210948,14363.635546875,14509.38115234375,14333.79033203125,13422.757047526042,12659.300708007813,224.97315589822392,335.02135625027734,-110.04820035205341,14333.79033203125,15576.207518680543,13091.373145381958,35.90666145957431,0.5555553198666001,-0.026214599291066287
2023-08-17,13828.407188870615,14236.295458470395,13733.896492256032,14176.6044921875,9646935,14281.06328125,14441.7314453125,14386.5173828125,13443.814697265625,12691.148754882812,193.89777933553705,306.7966408673293,-112.89886153179225,14386.5173828125,15494.661852805733,13278.372912819268,39.79767775700142,15.836297334343591,0.022972055937452662
2023-08-18,14057.222468022093,14146.758916862998,13878.149570340283,13987.5830078125,6339240,14151.7328125,14336.7748046875,14419.84482421875,13461.804899088542,12719.43983561198,152.26267610311152,275.88984791448576,-123.62717181137424,14419.84482421875,15428.711264984418,13410.97838345308,34.710776788156736,9.074728919937563,-0.013333339762646723
2023-08-21,14082.094197789635,14410.394521722561,14077.119950457318,14276.08984375,8832579,14105.969921875,14279.0736328125,14475.058984375,13481.950618489584,12749.763541666667,140.9221841171311,248.89631515501486,-107.97413103788375,14475.058984375,15300.534760391987,13649.583208358014,37.30161994794627,19.3950304225176,0.020625924848943544
2023-08-22,14460.135993975902,14539.723945783131,14305.934337349398,14450.1875,6622627,14149.743359375,14296.4833984375,14507.14287109375,13511.132861328126,12782.528955078125,144.319364579771,227.9809250399661,-83.66156046019512,14507.14287109375,15271.12715499599,13743.158587191512,42.58674922569941,53.33331164997003,0.012195051877333052
2023-08-23,14385.523163787413,14395.471658368178,14037.325853460608,14126.8623046875,7082290,14203.4654296875,14283.55048828125,14521.319482421875,13533.351171875,12810.742073567708,119.5439848081387,206.29353699360064,-86.74955218546194,14521.319482421875,15242.778281280203,13799.860683563547,39.35862319427468,29.25929254396346,-0.02237515570732218
2023-08-24,14350.702420264175,14514.852569265464,14286.037210051547,14475.05859375,7508315,14263.15625,14272.109765625,14513.111962890625,13562.533414713542,12840.659497070312,126.54709226488558,190.34424804785766,-63.797155782972084,14513.111962890625,15232.656140277046,13793.567785504205,42.14185485106303,55.185153680239516,0.024647815031577425
2023-08-25,14221.372138554216,14504.90421686747,14201.47515060241,14450.1875,6727569,14355.6771484375,14253.70498046875,14496.69697265625,13594.119873046875,12869.29619140625,128.60770638609938,177.99693971550602,-49.389233329406636,14496.69697265625,15205.651657298096,13787.742288014402,44.10480424219078,69.56513183044524,-0.001718203321176115
2023-08-28,14584.492076807357,14629.26029941693,14435.264668108783,14569.5693359375,4757732,14414.373046875,14260.171484375,14479.784521484375,13629.685725911459,12900.207641601562,138.27987010131073,170.05352579266696,-31.773655691356225,14479.784521484375,15163.11976398083,13796.449278987919,54.95796200957465,82.35291581725286,0.008261611549158054
2023-08-29,14599.415763254916,14708.849203388343,14445.21409761236,14609.3642578125,5057831,14446.2083984375,14297.97587890625,14456.654296875,13669.231005859376,12931.450716145833,147.45646085281442,165.53411280469646,-18.077651951882046,14456.654296875,15084.668226746262,13828.640367003738,55.92656382893299,86.27457951125128,0.002731372558613776
2023-08-30,14773.513004954268,14803.358485772358,14644.18258807588,14683.9765625,7491724,14557.63125,14380.54833984375,14444.96474609375,13710.434342447918,12962.159521484375,158.91766069470214,164.2108223826976,-5.29316168799545,14444.96474609375,15044.916349209945,13845.013142977556,51.73674680525373,88.83719814298051,0.005107156161678894
2023-08-31,14708.84924729364,14798.38569857916,14544.699086603518,14703.875,5544093,14603.39453125,14433.275390625,14437.50341796875,13753.295768229167,12994.644352213541,167.6735454916834,164.90336700449475,2.7701784871886446,14437.50341796875,15019.527034637684,13855.479801299816,51.291516390310306,90.69780072826502,0.0013551123168376034
2023-09-01,14639.209109171032,14688.951579810417,14450.187720741369,14480.033203125,3450350,14609.363671875,14482.52041015625,14409.647607421875,13790.35390625,13021.42412109375,154.76643388115008,162.87598037982582,-8.10954649867574,14409.647607421875,14919.711404789994,13899.583810053757,49.55436975901531,69.76748265880079,-0.01522332017070327
2023-09-04,14420.342553348059,14509.87900245474,14256.19239665248,14390.4970703125,5974607,14573.54921875,14493.9611328125,14386.5173828125,13820.613916015625,13049.604679361979,135.7478209262481,157.4503484891103,-21.7025275628622,14386.5173828125,14851.908967693125,13921.125797931876,53.05345213166728,61.39541021907709,-0.006183420407708473
2023-09-05,14360.651288070996,14385.522523415768,14191.526887726552,14305.9345703125,4139811,14512.86328125,14479.53583984375,14388.009619140625,13849.29873046875,13074.23173828125,112.55448803079344,148.47117639744692,-35.91668836665349,14388.009619140625,14852.099927382891,13923.919310898358,59.65666103956344,53.48839711223788,-0.005876273737232651
2023-09-06,14330.805055554642,14455.16122576945,14151.732170445315,14161.6806640625,6908711,14408.4041015625,14483.01767578125,14383.28408203125,13871.765738932292,13097.078653971354,81.5929670240348,135.09553452276452,-53.50256749872972,14383.28408203125,14854.88968400426,13911.67848005824,49.65194679309123,30.64508880027458,-0.010083501049232724
2023-09-07,14082.092892062456,14246.243038808503,13888.097264089853,13922.9169921875,7861274,14252.2125,14427.803515625,14349.956640625,13887.84912109375,13120.578255208333,37.35885603413408,115.54819882503844,-78.18934279090436,14349.956640625,14853.349098027315,13846.564183222685,48.52605852316486,3.8043486682019596,-0.016859840123418457
2023-09-08,13967.686064994703,14092.042244348288,13848.30413281526,14082.09375,10090260,14172.624609375,14390.994140625,14322.349560546874,13910.7306640625,13144.867602539063,14.974620342942217,95.4334831286192,-80.45886278567698,14322.349560546874,14820.63334453436,13824.065776559388,45.3011936480063,24.47919497574841,0.011432716140002741
2023-09-11,14146.759028086146,14161.681769676954,13893.072421042407,14002.505859375,5901298,14095.0263671875,14334.28779296875,14297.229638671875,13932.948974609375,13169.525895182293,-9.082428756631998,74.53030075156897,-83.61272950820097,14297.229638671875,14807.279278464872,13787.179998878879,38.636383917726526,16.145858723358685,-0.0056517086193237365
2023-09-12,14121.88667106149,14161.680645478007,13823.431862937612,13853.27734375,5431399,14004.494921875,14258.6791015625,14278.327490234375,13949.6126953125,13192.36259765625,-39.73130973912703,51.677978653429776,-91.4092883925568,14278.327490234375,14825.342219773474,13731.312760695275,42.38224540638666,3.045685270398151,-0.010657272142834961
2023-09-13,13813.484169764826,13873.175134848432,13604.5657919722,13609.5400390625,11352410,13894.066796875,14151.23544921875,14265.89189453125,13959.809912109375,13211.475374348958,-82.73461903394127,24.79545911595557,-107.53007814989684,14265.89189453125,14862.203295030917,13669.580494031585,24.41182397650587,0.4149380552639083,-0.017594198011018913
2023-09-14,13679.179172782582,13917.943027434789,13669.230678838741,13873.1748046875,11374010,13884.118359375,14068.1654296875,14250.72041015625,13972.577132161457,13234.02373046875,-94.45313226026155,0.9457408407121441,-95.3988731009737,14250.72041015625,14871.533222678863,13629.907597633635,35.051567778879146,22.406627443133047,0.019371320769717926
2023-09-15,13833.38108012648,13927.891774309293,13778.664362441694,13863.2265625,4982313,13840.344921875,14006.484765625,14244.502587890625,13984.100797526042,13253.805509440104,-103.35150658916973,-19.91370864526423,-83.43779794390551,14244.502587890625,14878.75765315228,13610.24752262897,30.601130415052324,21.57677235317882,-0.0007170847572783856
2023-09-18,13763.741935335975,13878.149620378521,13684.153980523768,13773.6904296875,3913268,13794.5818359375,13944.8041015625,14219.3826171875,13994.629622395832,13270.570361328126,-116.28785597048773,-39.18853811030893,-77.09931786017879,14219.3826171875,14887.273822023873,13551.491412351128,27.65958335552415,14.107913619257817,-0.006458534916733982
2023-09-19,13758.767642045455,13853.278338068183,13624.46296875,13679.1796875,5329908,13759.7623046875,13882.12861328125,14180.8322265625,13999.520963541667,13286.67147623698,-132.63727317057783,-57.87828512236271,-74.75898804821512,14180.8322265625,14880.862196008247,13480.802257116751,23.421120882504596,6.250012679036788,-0.0068616862466861495
2023-09-20,13684.15362054902,13783.638561447231,13569.745938516076,13768.7158203125,5912928,13791.5974609375,13842.83212890625,14162.92490234375,14008.723323567709,13303.394873046875,-136.79262621499947,-73.66115334089007,-63.131472874109406,14162.92490234375,14886.688899310519,13439.16090537698,26.14212730038652,17.7777768852486,0.006545431440915905
2023-09-21,13639.385537185302,13738.87047910496,13395.647429482136,13435.44140625,7443322,13704.05078125,13794.0845703125,14110.94404296875,14008.391715494792,13318.249291992188,-165.07534751444655,-91.94399217560137,-73.13135533884518,14110.94404296875,14887.708944968786,13334.179140968712,24.759621510653858,3.571427855136001,-0.024205192293302424
2023-09-22,13321.033723042392,13450.364147537948,13196.677545642817,13435.44140625,9160841,13618.49375,13729.4193359375,14060.20673828125,14007.479768880208,13335.333235677082,-185.35297420188,-110.62578858085709,-74.7271856210229,14060.20673828125,14875.28953601116,13245.123940551339,25.879399091879947,18.97234460626123,0.0
2023-09-25,13435.441034948943,13465.286516700033,13122.0634765625,13122.0634765625,10830710,13488.168359375,13641.37509765625,13987.8314453125,13997.448356119792,13348.732218424479,-224.12652825740042,-133.32593651616577,-90.80059174123465,13987.8314453125,14867.018714383466,13108.644176241534,23.198200189956367,0.0,-0.023324721548911742
2023-09-26,13151.909593281609,13211.600559665641,12938.01696373883,12942.9912109375,10663490,13340.9306640625,13550.346484375,13904.51279296875,13993.220247395833,13364.396069335937,-266.2354874874236,-159.90784671041735,-106.32764077700625,13904.51279296875,14849.099233107365,12959.926352830134,22.83815349469316,0.38022840955873854,-0.013646654426328841
2023-09-27,12888.274333483156,13166.832173187926,12828.583367832134,13141.9609375,9078082,13215.5796875,13503.58857421875,13827.41201171875,13990.9818359375,13378.456315104168,-280.3205857625162,-183.99039452083713,-96.33019124167907,13827.41201171875,14755.702776469247,12899.121246968254,32.27992131096396,23.507459706965033,0.015372777692560069
2023-10-04,12957.913619169178,12962.887866239875,12574.896594725406,12589.8193359375,9252635,13046.4552734375,13375.25302734375,13721.709228515625,13975.810384114584,13387.99795735677,-332.2068664643666,-213.63368890954303,-118.57317755482359,13721.709228515625,14709.335247380297,12734.083209650953,21.264347714238326,0.940438658468695,-0.04201363892255905
2023-10-05,12758.943030884322,12908.170434754313,12540.076171875,12540.076171875,15711250,12867.3822265625,13242.93798828125,13624.711376953124,13959.146647135416,13395.514876302082,-373.0407933045426,-245.515109788543,-127.52568351599962,13624.711376953124,14677.64754669157,12571.775207214678,21.511601362395325,0.0,-0.003951062579628073
2023-10-06,12584.844856262207,12798.737476348877,12584.844856262207,12734.072265625,5079604,12789.783984375,13138.976171875,13541.89013671875,13947.78876953125,13404.4419921875,-385.30653713027095,-273.4733952568886,-111.83314187338237,13541.89013671875,14601.763752334831,12482.016521102669,28.57142857142857,13.978520879122685,0.015470088944522953
2023-10-10,12858.428610726862,12888.274092995473,12361.00390625,12361.00390625,12263050,12673.3865234375,13007.15859375,13444.643603515626,13934.026692708334,13410.218912760416,-420.285931620454,-302.8359025296017,-117.4500290908523,13444.643603515626,14564.551307751284,12324.735899279967,27.223223635523397,0.0,-0.029296862118654676
2023-10-11,12540.076850825702,12878.325651244642,12540.076850825702,12763.91796875,10407120,12597.7779296875,12906.67880859375,13374.75546875,13925.653369140626,13417.825821940105,-410.7605641227856,-324.4208348482385,-86.3397292745471,13374.75546875,14480.622713998515,12268.888223501484,30.742663037673466,25.71428822146915,0.03259557763720777
2023-10-12,12878.325375595266,13132.01197047953,12858.428387761207,13122.0634765625,9391214,12704.2267578125,12875.341015625,13334.71279296875,13923.995279947916,13428.375992838543,-370.0466252706501,-333.5459929327208,-36.50063233792929,13334.71279296875,14414.701106648528,12254.724479288972,38.52079624534714,50.1639073442374,0.028059214160522705
2023-10-13,13022.578355090045,13087.243564645496,12788.788751312646,12878.3251953125,6242594,12771.8765625,12819.62939453125,13274.524365234374,13916.7826171875,13435.862825520833,-353.37469418683213,-337.5117331835431,-15.862961003289058,13274.524365234374,14312.491863630512,12236.556866838237,36.76469569254328,34.66663222475756,-0.01857469152510538
2023-10-16,12669.406554699688,12798.736971041342,12510.230657663808,12753.96875,12628650,12775.855859375,12782.819921875,13212.097509765625,13910.730615234375,13441.983056640625,-346.2057501525087,-339.2505365773362,-6.955213575172479,13212.097509765625,14215.31521230486,12208.879807226389,36.44313625605641,27.622330323136985,-0.009656259135136902
2023-10-17,12868.377567536132,13002.682242574198,12793.763859181652,12863.4033203125,10647570,12876.3357421875,12774.8611328125,13162.60380859375,13909.238346354166,13448.85009765625,-327.91386816162776,-336.9832028941945,9.069334732566745,13162.60380859375,14129.6504120432,12195.557205144301,36.81160847048005,36.462123688908484,0.00858043268394404
2023-10-18,12773.866049072074,12868.376740245114,12634.587135764434,12664.4326171875,7180979,12856.438671875,12727.10830078125,13115.3484375,13905.010221354167,13452.448844401042,-325.7180182110915,-334.7301659575739,9.012147746482412,13115.3484375,14082.804354929252,12147.892520070749,38.31071171269609,27.477450796208995,-0.01546796739326417
2023-10-19,12415.720655026242,12460.48887854196,12281.415984479083,12321.2099609375,13563020,12696.26796875,12700.24736328125,13037.7501953125,13891.662662760416,13451.824926757812,-347.6653218172396,-337.31719712950706,-10.348124687732536,13037.7501953125,13998.209229880182,12077.291160744817,34.69946271180213,3.36134529708779,-0.027101305413729793
2023-10-20,12142.13714383244,12271.467568142003,11938.193013190437,12067.5234375,22987290,12534.1076171875,12652.99208984375,12947.9650390625,13870.770817057291,13448.426350911459,-381.1356063205785,-346.08087896772133,-35.054727352857185,12947.9650390625,13919.181166483902,11976.748911641096,35.27779103264834,10.15624767322525,-0.0205894164811552
2023-10-23,12032.703739289314,12186.905399445564,11977.987021169354,12027.7294921875,17232920,12388.859765625,12582.3578125,12860.6669921875,13851.702864583332,13444.07685546875,-406.18978376184896,-358.10265992654683,-48.08712383530212,12860.6669921875,13833.246925368154,11888.087059006846,36.705208871780876,7.287451182757815,-0.0032976066314351904
2023-10-24,12152.085746970344,12405.772350775293,11823.78543616394,12390.849609375,24326800,12294.3490234375,12585.3423828125,12796.25048828125,13828.0751953125,13442.546915690104,-392.22333470216654,-364.9267948816708,-27.296539820495752,12796.25048828125,13709.412296945833,11883.088679616667,39.5862150016085,43.346022904796385,0.03019024641544865
2023-10-25,12430.643278966496,12445.566019997668,11997.8837890625,11997.8837890625,11663970,12161.0392578125,12508.73896484375,12707.70888671875,13797.317757161458,13435.430192057293,-408.1588792563798,-373.5732117566126,-34.585667499767226,12707.70888671875,13565.584424506655,11849.833348930846,41.414146851118225,13.307966803290746,-0.031714194966516174
2023-10-26,11654.660609593884,11788.965277310075,11505.43320102034,11540.2529296875,16922430,12004.8478515625,12350.55791015625,12612.949462890625,13745.668489583333,13425.160465494791,-452.4987746919451,-389.3583243436791,-63.14045034826597,12612.949462890625,13547.60801643393,11678.29090934732,37.03227179286471,2.1406727618077293,-0.03814263143573582
2023-10-27,11669.583732332037,11903.373346747896,11500.459330414182,11679.5322265625,26394620,11927.249609375,12230.67861328125,12525.15400390625,13694.01923828125,13412.872281901042,-470.9707286335761,-405.6808052016585,-65.2899234319176,12525.15400390625,13464.375438863859,11585.93256894864,36.12566763500779,10.97561253930157,0.012068998636650452
2023-10-30,11654.661006167762,11908.347609375,11639.73826480263,11813.8369140625,11867600,11884.47109375,12136.6654296875,12459.74267578125,13642.452880859375,13398.441609700521,-469.36210518461303,-418.4170651982494,-50.94503998636361,12459.74267578125,13406.120650817895,11513.364700744605,42.31844391110492,19.2073228869751,0.011499149528827246
2023-10-31,11828.760131516103,11838.708626159934,11371.129377899837,11391.0263671875,12721080,11684.5064453125,11989.427734375,12382.14443359375,13581.103841145834,13378.670874023437,-496.48140844186855,-434.0299338469733,-62.451474594895274,12382.14443359375,13412.468265975485,11351.820601212015,30.833352647573292,1.129944118449937,-0.03578943487629416
2023-11-01,11515.38192928852,11654.660846791794,11366.15451767787,11396.0,15761510,11564.1296875,11862.58447265625,12294.84638671875,13522.40771484375,13361.336246744791,-511.67406098667743,-449.55875927491417,-62.115301711763266,12294.84638671875,13349.678370597181,11240.014402840317,23.266582309037517,1.7341044831302395,0.0004366272759079859
2023-11-02,11679.532333000932,12057.575117203689,11649.686850037557,12002.8583984375,12669080,11656.65078125,11830.74931640625,12265.49833984375,13474.903662109375,13349.01748860677,-469.3357363417381,-453.51415468827895,-15.821581653459134,12265.49833984375,13318.434758170437,11212.561921517065,37.81165009155422,38.90578027328954,0.05325187771476836
2023-11-03,12147.11175544654,12152.086002684642,11858.605415636588,12072.498046875,11266020,11735.2439453125,11831.24677734375,12242.11943359375,13425.492805989583,13335.751432291667,-425.2608292791283,-447.8634896064488,22.602660327320507,12242.11943359375,13290.138255444379,11194.100611743122,40.36570307037938,43.16110985787764,0.005801922019388783
2023-11-06,12589.819443352353,13838.35546875,12574.89670201294,13838.35546875,27701440,12140.14765625,12012.309375,12297.33359375,13408.58037109375,13337.035709635416,-245.01681055595327,-407.29415379634975,162.27734324039648,12297.33359375,13550.717326596508,11043.94986090349,59.386969937844,100.0,0.14627108780788722
2023-11-07,13679.17910436744,13768.71554941421,12783.814653899753,13161.857421875,21272880,12494.3138671875,12089.41015625,12337.37626953125,13390.009830729166,13332.723795572916,-154.97342856564865,-356.8300087502096,201.85658018456093,12337.37626953125,13649.136070747103,11025.616468315398,54.38596581866889,72.63579861573872,-0.04888572550421033
2023-11-08,13181.755062955097,13330.982478762136,12798.738029050364,12808.6865234375,13512280,12776.851171875,12170.4904296875,12339.614697265624,13365.884749348957,13326.418391927084,-110.83371743930729,-307.63075048802915,196.79703304872186,12339.614697265624,13654.588041762174,11024.641352769075,54.29072135032192,58.350111269637715,-0.026832907173916842
2023-11-09,12898.222078581317,12918.119065975965,12510.230824385657,12689.3037109375,14080970,12914.140234375,12285.3955078125,12317.976708984375,13334.215380859376,13322.46240234375,-84.51167561736656,-263.0069355138967,178.49525989653011,12317.976708984375,13592.353999463352,11043.599418505399,55.605375007241086,53.521102023919774,-0.009320457041520402
2023-11-10,12435.617076429215,12525.153519379504,12341.106386648353,12420.6943359375,10137470,12983.7794921875,12359.51171875,12295.095166015624,13297.323030598958,13318.414925130208,-84.35342574983406,-227.27623356108418,142.92280781125012,12295.095166015624,13543.274236114361,11046.916095916888,53.40223318583413,42.65591022454314,-0.021168172905221994
2023-11-13,12584.845005466843,12634.587475844182,12191.879489485862,12226.69921875,10726610,12661.4482421875,12400.79794921875,12268.731689453125,13259.352945963541,13314.856469726563,-98.74354217342443,-201.56969528355225,102.82615311012782,12268.731689453125,13498.235619285595,11039.227759620655,48.53593402688258,34.80884920374023,-0.015618701494505283
2023-11-14,12336.132271468145,12614.690096952909,12281.415555747923,12569.921875,15638810,12543.0611328125,12518.6875,12254.0576171875,13231.662972005208,13315.561979166667,-81.51298226685321,-177.55835268021247,96.04537041335925,12254.0576171875,13460.466311172537,11047.648923202463,55.1477146919203,48.6921322799462,0.0280715710846684
2023-11-15,13052.42503894081,13062.373533635124,12679.35648790401,12773.8671875,13962340,12536.097265625,12656.47421875,12259.529345703126,13213.589892578126,13318.173470052083,-50.815191231597055,-152.2097203904894,101.39452915889234,12259.529345703126,13474.735609580059,11044.323081826193,61.632278409793045,56.94167657413289,0.016224867149383204
2023-11-16,12748.995621687549,12888.27454381289,12619.665193999732,12729.0986328125,9679964,12544.05625,12729.0982421875,12279.923779296874,13189.464794921874,13316.63974609375,-29.756405566720787,-127.71905742573567,97.96265185901488,12279.923779296874,13513.047490302108,11046.80006829164,60.076410595852636,55.130798106988664,-0.003504698618700952
2023-11-17,12664.43251361269,12684.329501065342,12405.77167672822,12475.4111328125,8614657,12554.999609375,12769.38955078125,12300.3181640625,13164.261930338542,13313.033414713542,-33.155432119117904,-108.80633236441211,75.65090024529421,12300.3181640625,13532.1422025172,11068.494125607802,56.209142778791474,44.869192961582414,-0.01992973008678367
2023-11-20,12435.617172300585,12863.402403027723,12425.668678562743,12783.814453125,10758150,12666.42265625,12663.93544921875,12338.122412109375,13139.390673828126,13310.670646158855,-10.838673158101301,-89.21280052314997,78.37412736504866,12338.122412109375,13581.080305899348,11095.164518319401,63.35876361081841,57.34404134228356,0.024720894327991072
2023-11-21,12878.325619855405,12878.325619855405,12679.35573774099,12803.7119140625,8422059,12713.1806640625,12628.1208984375,12358.76552734375,13111.9494140625,13311.541137695312,8.356746537516301,-69.6988911110167,78.05563764853301,12358.76552734375,13619.004118798075,11098.526935889426,63.463360809293974,52.72726323932203,0.0015564572694994894
2023-11-22,12654.484815140846,12763.918253007629,12609.716590558979,12714.17578125,12056800,12701.2423828125,12618.66982421875,12394.580126953126,13088.404638671875,13310.877905273437,16.15817591470841,-52.52747770587169,68.6856536205801,12394.580126953126,13652.346176553885,11136.814077352366,57.55015528635982,43.21607994241078,-0.006992982458013719
2023-11-23,12724.123851371061,12813.660297549592,12604.741923133022,12788.7890625,7169778,12713.18046875,12628.618359375,12457.00693359375,13060.300146484375,13311.416780598958,28.03832477530341,-36.41431720963667,64.45264198494007,12457.00693359375,13658.932311773959,11255.08155541354,57.594928058164804,36.253767472569855,0.0058685110646365946
2023-11-24,12788.788789783606,12803.711530495139,12644.535629572123,12664.4326171875,7232798,12750.984765625,12652.9921875,12506.251953125,13030.537565104167,13312.32871907552,27.10643636736313,-23.710166494236713,50.81660286159985,12506.251953125,13653.516340132828,11358.987566117172,30.906153853484824,29.968437411503075,-0.009723863979987368
2023-11-27,12659.4592694465,12739.047225560897,12569.9228188178,12609.716796875,6922996,12716.165234375,12691.2939453125,12546.045947265626,12997.873356119791,13313.779541015625,21.702624326328078,-14.627608330123754,36.330232656451834,12546.045947265626,13646.44005113905,11445.651843392201,38.74241386450884,36.681258088402494,-0.004320432029322974
2023-11-28,12674.38152158028,12823.608933529813,12634.587545060405,12763.91796875,8497935,12708.2064453125,12710.6935546875,12614.69052734375,12967.11591796875,13318.173461914062,29.5224932833371,-5.797588007431584,35.320081290768684,12614.69052734375,13573.941939768749,11655.43911491875,49.00661562831134,65.71423240732153,0.012228757739683349
2023-11-29,12778.840835735868,12942.990990496195,12684.33014057083,12913.1455078125,10937300,12748.000390625,12724.62138671875,12690.547802734374,12937.602067057293,13324.018204752605,47.21692372149846,4.805314338354425,42.41160938314404,12690.547802734374,13466.442232947848,11914.653372520901,54.901975041659966,82.85708824481792,0.011691358360955917
2023-11-30,12853.454418164954,13072.3212890625,12813.660441638129,13072.3212890625,7505830,12804.7068359375,12758.94365234375,12744.020947265624,12910.409505208334,13331.85263671875,73.2397799910359,18.49220746889072,54.747572522145184,12744.020947265624,13465.890526801564,12022.151367729684,64.9885709972883,100.0,0.012326646606258596
2023-12-01,12972.836128194127,13102.166549717535,12888.273929505745,13042.4755859375,12187870,12880.3154296875,12815.65009765625,12792.51982421875,12886.450211588543,13338.402058919271,90.41256251712912,32.8762784785384,57.536284038590715,12792.51982421875,13452.072123906886,12132.967524530615,70.29701719337923,92.72727487159833,-0.0022831219081167475
2023-12-04,13196.677608907381,13355.853516741921,13012.630465473694,13047.4501953125,10785090,12967.862109375,12842.013671875,12752.974560546874,12864.066097005209,13342.340006510416,103.2335141043277,46.94772560369627,56.285788500631426,12752.974560546874,13213.234123990189,12292.71499710356,64.28571845925791,67.53928888642122,0.0003814160388664334
2023-12-05,12947.965047232039,13102.166705497191,12803.711883048509,12843.505859375,10848660,12983.7796875,12845.99306640625,12737.056982421875,12839.69228515625,13344.4955078125,95.83290505536206,56.72476149402944,39.108143561332625,12737.056982421875,13158.127784864813,12315.986179978936,52.08330898764797,46.07331328851284,-0.015630972556674005
2023-12-06,12893.248016826923,13057.398165189303,12868.376782226562,12933.0419921875,10410750,12987.758984375,12867.8796875,12743.274755859375,12819.214973958333,13345.490356445312,96.08507773360361,64.59682474194427,31.488252991659337,12743.274755859375,13172.394802112793,12314.154709605957,55.942006553227614,55.497357517293054,0.006971315604387351
2023-12-07,12898.222354486123,12933.042083171584,12734.072204968945,12813.66015625,8603457,12936.0267578125,12870.366796875,12749.492578125,12800.727360026041,13344.288240559896,85.66432493967841,68.8103247814911,16.854000158187304,12749.492578125,13178.923553298377,12320.061602951624,60.69183768342848,41.71122359366169,-0.009230762260697523
2023-12-08,12942.99055620512,13201.651397451342,12903.196580628779,13161.857421875,13287380,12959.903125,12920.10927734375,12786.550732421874,12785.390087890624,13348.060375976562,104.3001059066628,75.90828100652544,28.39182490013735,12786.550732421874,13224.349632634421,12348.751832209327,61.6564550183617,75.31638662552267,0.02717391138668246
2023-12-11,13161.858081714527,13306.111250410568,13127.038351339621,13251.39453125,9059718,13000.6919921875,12984.27705078125,12837.785498046875,12772.871565755207,13352.910270182292,124.85474523656012,85.69757385253237,39.15717138402775,12837.785498046875,13237.935057364533,12437.635938729216,63.235311949824265,86.70888085071256,0.006802771562180121
2023-12-12,13266.316376679322,13420.518029351635,13206.625414354556,13306.1103515625,8320674,13093.212890625,13038.4962890625,12874.594921875,12763.752115885416,13356.682405598958,143.90075607281688,97.33821029658928,46.562545776227594,12874.594921875,13305.272968893521,12443.916874856477,67.86785813037201,86.54969174851894,0.004129061298678183
2023-12-13,13246.420191861434,13291.188416317593,13037.501811066022,13062.373046875,8098073,13119.0791015625,13053.41904296875,12889.02021484375,12754.632666015625,13357.2212890625,137.73951796577603,105.41847183042664,32.32104613534939,12889.02021484375,13324.78929229165,12453.251137395848,57.49320623100955,57.89478026194589,-0.01831769752750312
2023-12-14,13370.776146532438,13420.518617315669,13196.67749879113,13340.9306640625,11675530,13224.533203125,13080.27998046875,12919.61181640625,12745.761930338542,13359.16953125,153.563776455665,115.04753275547432,38.51624370019067,12919.61181640625,13392.437809118283,12446.785823694217,67.08545812036135,90.643269882861,0.02132519230524821
2023-12-15,13355.853515625,13515.029423446229,13276.265561714386,13355.853515625,8249745,13263.332421875,13111.6177734375,12963.633935546875,12737.305712890626,13360.703255208333,165.40211213272232,125.11844863092392,40.2836635017984,12963.633935546875,13426.158956305992,12501.10891478776,69.23077310303375,81.92090679363669,0.0011185765025147898
2023-12-18,13505.081100408057,13738.87071798418,13465.28712294829,13599.591796875,8629491,13332.971875,13166.83193359375,13004.422802734374,12734.404069010418,13364.516845703125,192.23574671294955,138.54190824732905,53.6938384656205,13004.422802734374,13538.52260551754,12470.322999951208,70.58824944663652,86.79245501858134,0.018249547358755613
2023-12-19,13549.848811361791,13828.406643019744,13539.900317374007,13793.5869140625,9869794,13430.4671875,13261.8400390625,13053.916552734376,12736.310856119791,13367.91590983073,226.5439227926072,156.14231115638466,70.40161163622253,13053.916552734376,13684.455145372269,12423.377960096483,71.22302666331457,96.81818210717525,0.014264775008326236
2023-12-20,13863.225977967626,13917.942693345323,13773.689534622303,13828.40625,6102979,13583.673828125,13351.37646484375,13109.628076171875,12737.305696614583,13373.014510091145,253.61946164441906,175.63774125399155,77.98172039042751,13109.628076171875,13807.117540693658,12412.138611650093,69.38775510204081,92.43697311281758,0.0025243133750803004
2023-12-21,13718.973129327705,13962.711230610177,13579.694214309151,13738.8701171875,10935650,13663.26171875,13443.8974609375,13157.13212890625,12742.362841796876,13375.377278645834,264.79975685501813,193.47014437419688,71.32961248082125,13157.13212890625,13891.077494760293,12423.186763052208,67.32674903198719,81.78137689335942,-0.006474797687730627
2023-12-22,13813.484425721243,13843.329908816067,13539.900830685352,13599.591796875,8995894,13712.009375,13487.6708984375,13203.890087890624,12745.098681640626,13376.289225260416,259.4310650793632,206.66232851523014,52.768736564133036,13203.890087890624,13924.708579481501,12483.071596299747,62.877052462225855,70.44539314175996,-0.010137538176320682
2023-12-26,13599.591783166328,13659.282749295806,13365.802165825868,13465.287109375,6169770,13685.1484375,13509.06015625,13246.668603515625,12750.819075520832,13374.133715820313,241.55458146505407,213.64077910519495,27.91380235985912,13246.668603515625,13918.929226495622,12574.407980535629,64.98804165646598,59.51421769501671,-0.009875641085849485
2023-12-27,13559.79808198736,13763.742220417837,13529.952598314607,13723.9482421875,10896410,13671.220703125,13550.8439453125,13294.6701171875,12763.835026041666,13378.52763671875,245.42996721706186,219.99861672756836,25.431350489493497,13294.6701171875,13958.84398655625,12630.496247818748,67.62753653975406,80.56687249551871,0.019209477726799484
2023-12-28,13709.025261724355,13868.201171875,13644.360048225655,13868.201171875,6982738,13679.1796875,13631.4267578125,13342.422900390626,12775.939029947916,13383.460432942707,257.1766716164475,227.4342277053442,29.742443911103294,13342.422900390626,14028.084039443187,12656.761761338064,73.24565633325469,91.07987239847637,0.010511037140468416
2024-01-02,13788.612406861655,14077.118727062945,13753.7926785615,13977.6337890625,8061960,13726.932421875,13695.0970703125,13387.688525390626,12799.069270833334,13387.439827473958,272.17880923643315,236.38314401156202,35.79566522487113,13387.688525390626,14116.448343617529,12658.928707163723,70.09807058714838,90.43061569414289,0.007890902059412896
2024-01-03,13798.560716650443,13838.354691319948,13639.384817972428,13733.8955078125,20158020,13753.7931640625,13732.90126953125,13422.259521484375,12818.966259765624,13389.056453450521,261.3873583348686,241.38398687622336,20.003371458645262,13422.259521484375,14147.658267850238,12696.860775118512,61.04783374975795,66.98560652783173,-0.017437735522927045
2024-01-04,13614.515119795467,13788.613778616382,13485.184687528503,13634.412109375,14531440,13787.6181640625,13736.38330078125,13451.6076171875,12833.971923828125,13390.880346679687,242.01774697441215,241.51073889586115,0.5070080785509958,13451.6076171875,14160.463826491032,12742.751407883967,57.36611945707624,57.41637031142195,-0.007243640260762851
2024-01-05,13619.488456449588,13942.814515496053,13574.720232889307,13863.2265625,10854300,13815.473828125,13743.347265625,13502.59365234375,12859.008968098959,13396.517830403645,242.3370933432907,241.67600978534705,0.6610835579436412,13502.59365234375,14172.93013323113,12832.257171456371,68.08992085270839,75.70625299058449,0.0167821282860936
2024-01-08,13898.045705935252,13942.813927607913,13733.895559802158,13828.40625,9390828,13807.51484375,13743.347265625,13547.361865234376,12876.750439453124,13401.201904296875,237.04792846599412,240.7503935214765,-3.702465055482378,13547.361865234376,14175.826684186355,12918.897046282396,62.373746512892694,68.94406018178162,-0.0025117033428703195
2024-01-09,13977.633707769515,14116.912620160101,13843.329042250021,13922.9169921875,6317910,13796.571484375,13761.751953125,13602.82470703125,12890.097998046875,13407.046638997395,237.74191344071915,240.14869750532506,-2.4067840646059153,13602.82470703125,14149.06526621203,13056.58414785047,63.834961981272016,74.17215712374097,0.006834536133728308
2024-01-10,13873.175660551264,13903.021144224018,13664.257274841995,13723.9482421875,11155670,13794.58203125,13774.18759765625,13630.929248046876,12904.191715494791,13410.487166341145,219.7041733104852,236.0597926663571,-16.35561935587191,13630.929248046876,14138.082399424628,13123.776096669124,53.10175196214597,47.68221162346683,-0.01429073735853248
2024-01-11,13793.586963030533,13992.556843492568,13788.612716018983,13888.09765625,7017818,13845.319140625,13816.46865234375,13662.764404296875,12923.093863932292,13416.912239583333,216.16282962015248,232.0804000571162,-15.917570436963729,13662.764404296875,14149.112765578924,13176.416043014826,52.39295507537713,69.53644266435923,0.011960801014820444
2024-01-12,13818.457793375503,13868.200262034161,13539.899968887012,13614.513671875,12418130,13795.5765625,13805.5251953125,13678.1845703125,12935.612369791666,13422.425358072916,189.10051510213816,223.48442306612063,-34.383907963982466,13678.1845703125,14135.616843108248,13220.752297516752,45.168529907440906,33.11250756981999,-0.019699169112040393
2024-01-15,13584.66885102871,13634.411322105343,13301.136765891895,13395.6474609375,12150240,13709.0248046875,13758.26982421875,13694.848291015625,12947.799283854167,13426.404752604167,148.28344256905802,208.44422696670813,-60.160784397650104,13694.848291015625,14075.695032935944,13314.001549095306,42.675151536371644,11.585375388486563,-0.01607594778722332
2024-01-16,13335.9560546875,13490.157709926332,13171.805905562289,13335.9560546875,11700750,13591.6326171875,13694.10205078125,13694.599560546874,12964.71171875,13428.187190755209,109.85270726457566,188.72592302628166,-78.873215761706,13694.599560546874,14076.424777447384,13312.774343646364,44.17579933008197,17.368424812754057,-0.0044560299473439535
2024-01-17,13400.621773422563,13415.544514818355,13007.65625,13007.65625,10026890,13448.37421875,13621.478125,13677.189697265625,12980.380598958332,13425.575708007813,52.30211589978535,161.4411616009824,-109.13904570119706,13677.189697265625,14145.913613178376,13208.465781352874,40.688238997109984,0.0,-0.024617642960221398
2024-01-19,13231.497370936902,13355.853549235182,12918.11980162524,13007.65625,12560000,13272.2859375,13558.8025390625,13647.592919921875,12996.712711588541,13424.207788085938,6.616585731931991,130.47624642717233,-123.85966069524034,13647.592919921875,14203.578386919637,13091.607452924114,33.71036151620851,7.468884280120179,0.0
2024-01-22,13102.166850080035,13107.141097175738,12783.815035955084,12818.634765625,11156120,13113.11015625,13454.343359375,13598.8453125,13003.842464192709,13415.958829752604,-44.33096042643592,95.51480505645068,-139.8457654828866,13598.8453125,14261.638449768478,12936.052175231522,26.60748504062734,2.6119415474509933,-0.014531555934605866
2024-01-23,12803.71213435683,13017.604761309956,12684.330203034157,12833.5576171875,11743070,13000.6921875,13354.85849609375,13549.102880859375,13017.770361328125,13407.544059244792,-82.55150603354741,59.901542838451064,-142.45304887199848,13549.102880859375,14284.68440817512,12813.521353543629,23.379599753504294,10.416672183700566,0.0011641529566406295
2024-01-24,12853.45441591972,12853.45441591972,12589.819321475547,12763.91796875,11455820,12886.2845703125,13238.95859375,13500.3552734375,13038.164778645832,13391.916634114583,-117.1109196348898,24.499050343782894,-141.6099699786727,13500.3552734375,14308.616308453218,12692.094238421783,25.4407771464968,11.400655573855433,-0.005426371277145625
2024-01-25,12654.483706947743,12694.277680868963,12495.307811262866,12564.947265625,12389620,12797.7427734375,13123.05849609375,13448.623046875,13052.921695963541,13373.470467122395,-158.72509270990304,-12.145778266954292,-146.57931444294874,13448.623046875,14356.45143509032,12540.79465865968,24.220566259989212,4.29447754348309,-0.015588528821020464
2024-01-26,12445.566279101262,12972.836473179892,12415.720796417565,12913.1455078125,9961038,12778.840625,13025.56328125,13421.015966796875,13071.243505859375,13356.848193359376,-161.7434586459094,-42.065314342745324,-119.67814430316409,13421.015966796875,14359.765336755408,12482.26659683834,28.34468018613795,29.23977792819541,0.027711874536878955
2024-01-29,12957.912813497667,13032.526514918958,12594.792799914047,12659.4580078125,11982050,12747.0052734375,12930.05771484375,13367.791455078124,13092.384033203125,13336.743937174479,-182.5022244516622,-70.15269636452871,-112.34952808713348,13367.791455078124,14353.743828386441,12381.839081769807,25.77320130132192,14.327438445990495,-0.019645678107361064
2024-01-30,12763.918142412113,12853.454590800038,12574.896751370936,12699.2529296875,15059860,12720.1443359375,12860.41826171875,13309.34404296875,13114.104915364584,13318.256315104167,-193.51189364333004,-94.82453582028899,-98.68735782304105,13309.34404296875,14308.890968454125,12309.797117483376,24.050668038446275,17.98107886966949,0.0031434933352154637
2024-01-31,12604.742749798954,12719.150438530358,12351.056135655408,12370.953125,9762842,12641.5513671875,12763.91796875,13229.010009765625,13120.239827473959,13297.571744791667,-226.12159730254461,-121.08394811674012,-105.0376491858045,13229.010009765625,14260.165923195133,12197.854096336117,22.80002842764125,1.2121218863687355,-0.025851899045180926
2024-02-01,12336.133577818873,12465.464010489555,12162.034918454494,12440.5927734375,20921330,12616.68046875,12707.21162109375,13164.344873046875,13126.374739583332,13275.933772786459,-243.53832653566315,-145.5748238005247,-97.96350273513843,13164.344873046875,14224.002487444555,12104.687258649195,19.750583562139227,16.326545140025537,0.005629287229030666
2024-02-02,12550.024850285748,12808.6856874696,12490.333887858706,12783.814453125,17353680,12590.8142578125,12684.82744140625,13121.814990234376,13108.799055989582,13258.689713541668,-227.0290393610594,-161.86566691263164,-65.16337244842776,13121.814990234376,14170.254141794849,12073.375838673903,33.13132498964839,42.22965901441812,0.02758885255213306
2024-02-05,12669.407542815836,12689.304531497133,12569.92259940935,12579.87109375,8622063,12574.896875,12660.95107421875,13057.647216796875,13099.099283854166,13244.554557291667,-227.776173070577,-175.0477681442207,-52.72840492635629,13057.647216796875,14071.548396813083,12043.746036780667,33.33334663438767,31.460658455567657,-0.01595324776676077
2024-02-06,12515.205299613403,12564.947769007731,12306.286928157217,12545.05078125,11490200,12544.0564453125,12632.100390625,12993.479443359374,13094.705354817708,13230.295052083333,-228.5434831213879,-185.74691113965415,-42.79657198173376,12993.479443359374,13963.483748178289,12023.47513854046,33.67557593952107,30.555479104950265,-0.002767938736454867
2024-02-07,12654.48376105108,12903.196099122053,12614.689786959725,12659.4580078125,12327330,12601.757421875,12621.65439453125,12930.306494140625,13094.207926432291,13214.211653645832,-217.41366542263495,-192.0802619962503,-25.33340342638465,12930.306494140625,13805.366119293174,12055.246868988075,42.11710168099814,41.66655441059085,0.00911971011974666
2024-02-08,12788.78965630998,13012.630782149712,12734.072936660268,12957.9140625,10090840,12705.2216796875,12660.95107421875,12892.00478515625,13103.161588541667,13200.242309570312,-182.40761396936432,-190.14573239087312,7.738118421508801,12892.00478515625,13683.907083267763,12100.102487044738,49.00794330926553,84.21055347689651,0.023575737168472388
2024-02-13,13032.527159271927,13321.033485698557,12987.758936205726,13271.291015625,9139582,12802.7169921875,12696.765625,12861.164453125,13120.571451822916,13189.962198893229,-127.90376982968701,-177.6973398786359,49.79357004894888,12861.164453125,13527.877277205138,12194.451629044863,58.60112256970784,95.70815085718026,0.024184212953835438
2024-02-14,13032.526636835355,13420.517887855643,12967.861428331973,13330.9814453125,13276360,12952.9390625,12763.91796875,12846.987841796876,13133.255777994791,13182.459375,-78.98210530267716,-157.95429296344415,78.97218766076699,12846.987841796876,13455.79632194015,12238.179361653602,59.29365845683837,92.8853671666491,0.004497710857008785
2024-02-15,13460.31292676979,13485.184162776384,13281.240027522297,13385.69921875,9294685,13121.06875,12832.56259765625,12846.4904296875,13143.452978515625,13178.521435546874,-35.38813429872425,-133.44106123050017,98.05292693177591,12846.4904296875,13453.424833097966,12239.556026277032,61.68223921817008,92.48120010245935,0.0041045570171984735
2024-02-16,13524.977600481525,13564.771576503537,13355.85320238797,13445.3896484375,9182700,13278.255078125,12940.00625,12851.962109375,13155.391162109376,13172.427978515625,3.9315995888318866,-105.96652906663377,109.89812865546565,12851.962109375,13479.112624054138,12224.81159469586,67.45562680084308,91.48935565481861,0.004459268709989361
2024-02-19,13365.80155622519,13574.71992814981,13340.930321472257,13470.2607421875,9279036,13380.7244140625,13042.973046875,12875.092333984376,13171.971988932291,13168.116959635418,36.67687322337042,-77.43784860863293,114.11472183200335,12875.092333984376,13558.059819748056,12192.124848220696,62.66967340977816,92.60562791808486,0.0018497860158994683
2024-02-20,13410.570544384389,13634.411669939767,13360.82807203875,13574.720703125,12745250,13441.4103515625,13122.063671875,12903.445556640625,13185.153759765624,13162.272216796875,70.24702041099044,-47.90087480470826,118.1478952156987,12903.445556640625,13653.38454991749,12153.50656336376,72.33012877786118,95.94594476213011,0.00775485812314991
2024-02-21,13505.080740600988,13743.844598998354,13480.209505351262,13594.6171875,11386790,13494.1375,13223.53828125,12942.244677734376,13198.335514322916,13155.142464192708,97.33506587381453,-18.853686669003704,116.18875254281824,12942.244677734376,13751.64448940193,12132.844866066822,72.0588355590586,90.56603247951762,0.0014657011963730149
2024-02-22,13689.128291863422,13758.767752650518,13579.6948534837,13694.1025390625,8566380,13555.8181640625,13338.44345703125,12985.271923828124,13214.667626953125,13151.5361328125,125.38481539669556,9.994013744136149,115.3908016525594,12985.271923828124,13859.259608944045,12111.284238712204,86.74033688505787,95.9501544526967,0.0073179958060147765
2024-02-23,13803.534963484131,13947.788121661082,13669.230298974557,13733.8955078125,9804116,13613.5193359375,13445.88720703125,13033.77080078125,13230.419401041667,13145.35977376302,149.10659597278027,37.81653018986498,111.29006578291529,13033.77080078125,13962.006889850754,12105.534711711747,86.51685021479818,86.96969489300109,0.002905847143797047
2024-02-26,13718.973319017921,13893.07196519835,13718.973319017921,13808.509765625,8981090,13681.169140625,13530.94677734375,13095.94892578125,13249.487353515626,13140.012459309895,171.94495065449337,64.64221428279066,107.30273637170271,13095.94892578125,14057.943366946165,12133.954484616334,84.10597318036555,91.5151839921124,0.005432854631088224
2024-02-27,13853.278178553428,13868.200919858871,13529.952116935485,13569.74609375,13348120,13680.17421875,13560.79228515625,13128.778955078125,13265.487841796876,13131.680598958334,168.83208718541573,85.48018886331568,83.35189832210006,13128.778955078125,14109.146088053205,12148.411822103046,82.2006287438085,76.96973785903056,-0.017291052831014397
2024-02-28,13659.282603950749,13907.994960177091,13639.38561545264,13798.5615234375,8711026,13720.9630859375,13607.55029296875,13185.734130859375,13282.731901041667,13124.923909505209,182.72230436066457,104.92861196278545,77.79369239787911,13185.734130859375,14183.498721237052,12187.969540481698,86.2069082237616,88.8060322078932,0.016862174730954527
2024-02-29,13793.587791118274,13932.866715803204,13743.845318016512,13912.9697265625,12038360,13764.7365234375,13660.27734375,13246.419970703126,13299.395638020833,13118.498852539062,200.6492279881586,124.07273516786009,76.57649282029851,13246.419970703126,14266.981175863051,12225.8587655432,86.20691600510892,97.13125488344625,0.008291313767067043
2024-03-04,14037.324493847691,14201.47463853124,14032.350247039098,14161.6806640625,8151561,13850.2935546875,13731.9064453125,13335.95634765625,13317.551627604167,13113.98056640625,232.24812638020376,145.70781341032884,86.54031296987492,13335.95634765625,14347.288377775938,12324.624317536563,85.79881450589407,96.77419355274971,0.017876193392785344
2024-03-05,14037.32516425574,14151.732846317358,13922.917482194125,14077.119140625,6168678,13904.0154296875,13792.59228515625,13417.782666015624,13334.795686848958,13110.62294921875,247.61274716664775,166.08880016159262,81.52394700505513,13417.782666015624,14388.078300298184,12447.487031733064,77.73976056552041,89.91940935148125,-0.005971150278235582
2024-03-06,13937.84041032107,14191.52701307852,13907.994927643724,14146.7587890625,9696607,14019.41796875,13849.79609375,13485.9298828125,13353.117496744791,13108.591796875,262.3840573770631,185.3478516046867,77.03620577237638,13485.9298828125,14460.189041562106,12511.670724062893,77.89120188898222,94.05414132285799,0.004947009948685244
2024-03-07,14181.577881725736,14191.526375504569,13927.891290365507,14017.427734375,9904511,14063.1912109375,13892.0771484375,13557.80771484375,13372.682861328125,13106.187573242187,260.64988229759183,200.4082577432677,60.24162455432412,13557.80771484375,14460.065502392474,12655.549927295026,70.55015153151665,78.61273376538672,-0.009142097961512663
2024-03-08,14121.88753758358,14325.831668982286,14077.11931361801,14320.857421875,7467644,14144.76875,13954.75263671875,13646.598046875,13395.813118489583,13107.514046223958,280.52604632595285,216.43181545980477,64.09423086614808,13646.598046875,14475.766569492996,12817.429524257004,74.5810161561245,99.49494971045968,0.021646602589995734
2024-03-11,14231.320802469636,14415.367943221603,14231.320802469636,14385.5224609375,7939848,14189.537109375,14019.91533203125,13732.90126953125,13422.010823567709,13111.369091796874,298.0601261443171,232.75747759670725,65.30264854760986,13732.90126953125,14485.205938068319,12980.596600994182,75.13662198782578,97.16980997118429,0.0045154446523378855
2024-03-12,14380.548432881124,14738.694225744299,14380.548432881124,14723.771484375,6021759,14318.867578125,14111.44150390625,13821.194140625,13448.042724609375,13116.71640625,335.3837845537837,253.28273898812256,82.10104556566114,13821.194140625,14604.389617040699,13037.998664209303,77.96610491769613,98.81422943580608,0.023513155282054
2024-03-13,14778.488488479874,14788.436982918432,14480.033655323094,14674.029296875,7539350,14424.3216796875,14221.86982421875,13891.3310546875,13471.753304036458,13122.312434895834,356.83589188822407,273.99336956814284,82.84252232008123,13891.3310546875,14717.250332683725,13065.411776691275,75.89500663002582,90.90909321709852,-0.003378359108112128
2024-03-14,14669.054184171817,14753.616381910346,14559.62075180431,14688.951171875,5157149,14558.6263671875,14310.9087890625,13959.229541015626,13494.800651041667,13129.276383463543,370.766941601667,293.34808397484767,77.41885762681932,13959.229541015626,14813.959991981566,13104.499090049685,74.87562492766051,92.09479480186451,0.0010168900918834378
2024-03-15,14539.723803962628,14599.414767235825,14370.599408021908,14475.05859375,7067958,14589.4666015625,14367.11767578125,14013.697509765625,13518.34541015625,13136.489038085938,360.3936615939456,306.75719949866726,53.63646209527832,14013.697509765625,14853.244639790506,13174.150379740744,67.04806787321169,75.09875584211605,-0.01456146021742799
2024-03-18,14549.672337582237,14813.307426092275,14529.775349770158,14743.66796875,7338993,14661.095703125,14425.31640625,14078.61142578125,13541.724365234375,13143.743147786457,369.58692612813684,319.3231448245612,50.26378130357563,14078.61142578125,14933.762232755293,13223.460618807207,69.74790539832696,94.57364169958275,0.018556703812997233
2024-03-19,14693.925829207661,14788.4365234375,14559.621158459993,14788.4365234375,14243230,14674.0287109375,14496.44814453125,14144.52021484375,13565.600748697916,13151.45323079427,376.14909015559897,330.6883338907688,45.460756264830195,14144.52021484375,15005.42249956047,13283.617930127028,78.0320452488078,97.88138337414283,0.0030364597725878184
2024-03-20,14823.255919998313,14887.921130387567,14659.105770548667,14743.66796875,8845453,14687.9564453125,14556.1390625,14202.967578125,13584.668684895832,13159.536376953125,373.4325067244881,339.23716845751267,34.195338266975455,14202.967578125,15059.700687111525,13346.234469138477,73.74999447839483,87.39129347218626,-0.0030272675963106677
2024-03-21,14917.76712086625,15106.788511527444,14882.94739100761,15032.1748046875,8420231,14756.601171875,14657.61376953125,14274.845458984375,13605.31181640625,13170.811336263021,390.0632786213446,349.40239049027906,40.66088813106552,14274.845458984375,15157.50007067791,13392.19084729084,75.86206429670068,93.7759337518125,0.019568185918796166
2024-03-22,14942.638215694169,15121.71111042286,14922.741227390981,15057.0458984375,8765543,14872.9986328125,14731.2326171875,14342.992626953124,13625.789143880209,13181.547420247396,400.631938969349,359.6483001860931,40.98363878325591,14342.992626953124,15247.056025432334,13438.929228473915,73.07693469370496,94.6721306922602,0.0016545239842638004
2024-03-25,15101.814123705082,15415.19168951319,15066.994394170848,15365.44921875,8101083,14997.3548828125,14829.22529296875,14424.5703125,13652.898795572917,13197.630818684896,428.94859654363245,373.508359457601,55.44023708603146,14424.5703125,15389.605385897117,13459.535239102883,79.77009834230705,96.69966974308701,0.020482325842182902
2024-03-26,15430.114982054405,15663.904602994624,15315.70729521132,15440.0634765625,9682141,15127.6802734375,14900.8544921875,14506.147998046876,13683.573323567709,13214.336002604166,452.19784345390144,389.2462562568611,62.95158719704034,14506.147998046876,15526.18284621003,13486.113149883722,79.81650054214111,87.10602477505624,0.004855976336926693
2024-03-27,15400.2692331114,15529.599659487658,15171.453863368788,15315.70703125,9285234,15242.0880859375,14965.022265625,14593.446044921875,13714.413655598959,13232.616365559896,455.3396413392511,402.4649332733391,52.87470806591199,14593.446044921875,15574.139248364756,13612.752841478994,80.0,78.05641544096889,-0.008054140807210342
2024-03-28,15325.65508334692,15405.243035743397,15226.17014285132,15256.015625,6087515,15286.85625,15021.7287109375,14666.31875,13739.948111979167,13251.891569010417,447.8504005361574,411.5420267259028,36.30837381025458,14666.31875,15614.369873384672,13718.267626615328,74.35231026039828,71.52774044735477,-0.0038973980194454416
2024-03-29,15305.757853055991,15330.62908778634,15057.045505752514,15091.865234375,5703744,15293.8201171875,15083.409375,14725.263525390625,13760.342513020832,13268.140771484375,423.7844354065437,413.990508462031,9.793926944512691,14725.263525390625,15621.26279206674,13829.26425871451,67.48766329064344,55.76918960480231,-0.010759715685923044
2024-04-01,15166.479887050049,15370.424024593196,15101.8146727071,15131.66015625,5221252,15247.0623046875,15122.20859375,14773.7625,13779.576285807292,13289.322778320313,403.2744059485085,411.84728795932654,-8.572882010818034,14773.7625,15646.008159164956,13901.516840835046,61.849707046875906,58.84618349840834,0.0026368458276686546
2024-04-02,15076.942835956064,15116.736812428398,14624.28635358325,14654.1318359375,11027650,15089.8759765625,15108.778125,14802.613134765625,13794.913557942707,13306.939908854167,344.51614756245544,398.3810598799523,-53.864912317496874,14802.613134765625,15613.87747227872,13991.348797252529,49.53702672770264,21.92308737471464,-0.0315582239742056
2024-04-03,14514.853614833492,14514.853614833492,14286.038239137008,14395.4716796875,13697030,14905.82890625,15073.95849609375,14815.048779296874,13807.597884114582,13320.784903971355,273.920506475808,373.48894919912345,-99.56844272331546,14815.048779296874,15590.831983798858,14039.26557479489,43.86697517876246,7.942239060405775,-0.017651005132604758
2024-04-04,14514.853614833492,14629.261302681733,14286.038239137008,14395.4716796875,11121740,14733.7201171875,15010.28818359375,14833.9509765625,13816.468636067708,13337.738802083333,215.48893005207174,341.88894536971316,-126.40001531764142,14833.9509765625,15543.5005381748,14124.401414950202,48.17354269114523,7.942239060405775,0.0
2024-04-05,14271.114824074784,14350.702777084613,14077.11918861333,14171.6298828125,9999561,14549.673046875,14921.74658203125,14826.489599609375,13822.189029947916,13349.46973470052,149.39716495453285,303.39058928667714,-153.9934243321443,14826.489599609375,15561.44087608516,14091.538323133589,36.59676977225123,5.956110595837656,-0.015549459014312705
2024-04-08,14156.706728857369,14161.68097577545,13922.917123707583,14072.14453125,11398140,14337.769921875,14792.41611328125,14810.820703125,13824.676155598958,13357.387076822917,87.97718231809085,260.30790789295986,-172.330725574869,14810.820703125,15596.937438489742,14024.703967760259,33.636385134577395,8.571423362764689,-0.007020035972231886
2024-04-09,14131.835635955205,14320.85702073743,13977.633979948656,14047.2734375,9808278,14216.3982421875,14653.137109375,14776.99580078125,13830.064908854167,13367.12831217448,36.869505454005775,215.62022740516906,-178.75072195116329,14776.99580078125,15633.911580919174,13920.080020643325,33.94498263258805,7.142860891988903,-0.0017673989699842352
2024-04-11,13898.046277711952,14087.067665884126,13858.252301254652,14037.3251953125,9459327,14144.7689453125,14525.29892578125,14745.160595703124,13832.552034505208,13377.82294921875,-4.385878992403377,171.6190061256546,-176.00488511805798,14745.160595703124,15663.30380270816,13827.017388698088,23.68424587540079,9.917351966670944,-0.0007081973759365257
2024-04-12,14087.06780817359,14201.475491643927,13977.63437181066,14012.4541015625,6572111,14068.1654296875,14400.9427734375,14711.3357421875,13839.184375,13387.398372395834,-38.64251099181456,129.56670270216077,-168.20921369397533,14711.3357421875,15686.285662480495,13736.385821894506,22.368465918777915,8.5399498097865,-0.0017717829717519562
2024-04-15,13907.995194769772,14052.248363814237,13808.510250601175,13962.7119140625,9265774,14026.3818359375,14288.02744140625,14685.718408203125,13848.63544921875,13398.217366536459,-69.00941984044948,89.85147819363873,-158.86089803408822,14685.718408203125,15712.362474826348,13659.074341579902,7.012275597304864,8.310991313647438,-0.003549855517061329
2024-04-16,13818.458130149536,13888.097587968863,13604.565509704456,13659.2822265625,10205080,13943.809375,14140.7896484375,14631.49912109375,13854.02421875,13409.36796875,-116.21994264390378,48.63719402613022,-164.85713667003398,14631.49912109375,15755.206251818756,13507.791990368743,2.139085153961645,2.842376425592544,-0.021731429350368647
2024-04-17,13763.741874770474,13838.35558207859,13539.900752846126,13544.875,10990210,13843.3296875,14029.86396484375,14569.321044921875,13862.977864583334,13421.679231770833,-161.01030259867366,6.707694701169437,-167.7179972998431,14569.321044921875,15789.908437464386,13348.733652379364,2.1505864372144856,0.2666667238222799,-0.00837578612586376
2024-04-18,13589.64266794786,13977.633930063503,13574.71992709726,13952.7626953125,9850925,13826.4171875,13985.59306640625,14529.77578125,13878.729638671875,13437.721175130207,-161.72953994459021,-26.979752227982495,-134.74978771660773,14529.77578125,15777.525782315694,13282.025780184307,20.361999391485682,22.554312684172228,0.030113802845172177
2024-04-19,13768.716292388168,13818.45876454275,13470.261459460678,13788.61328125,13589360,13781.6490234375,13924.9072265625,14467.597705078126,13894.895947265624,13449.369205729166,-173.54451346054157,-56.292704474494315,-117.25180898604725,14467.597705078126,15733.737725524345,13201.457684631907,20.36200843569999,16.753925565685464,-0.011764653183533813
2024-04-22,13922.918440133897,14131.836830446731,13803.536502812276,13942.8154296875,10309400,13777.6697265625,13902.02578125,14411.886181640624,13913.383577473958,13465.576969401041,-168.52251775340483,-78.73866713027643,-89.7838506231284,14411.886181640624,15666.825635501486,13156.946727779763,24.301076993941834,28.70094407274654,0.011183296339682514
2024-04-23,13942.8154296875,14067.17161439752,13898.047203191893,13942.8154296875,5924381,13834.3763671875,13889.09287109375,14340.7544921875,13933.031868489583,13485.598323567709,-162.66742119934133,-95.52441794408941,-67.14300325525193,14340.7544921875,15527.5411724186,13153.9678119564,30.623320074826495,40.77256550039861,0.0
2024-04-24,14216.398482984663,14310.9091796875,14087.068055917622,14310.9091796875,8011731,13987.583203125,13915.4564453125,14284.29677734375,13962.131233723958,13507.52646484375,-126.86273106496628,-101.79208056826478,-25.070650496701504,14284.29677734375,15352.384935938528,13216.208618748973,47.82607822422886,72.53216858861009,0.02640024547812936
2024-04-25,14146.758235021209,14286.037148727466,14067.17028433192,14072.14453125,7321386,14011.4595703125,13918.93837890625,14222.11865234375,13981.447884114583,13526.34569498698,-116.41164686279262,-104.71599382717035,-11.695653035622271,14222.11865234375,15176.084068588641,13268.153236098859,42.59678556846442,68.36152049447615,-0.016684100600428353
2024-04-26,14221.372384833685,14335.780067537838,14067.170725536782,14131.8359375,10182130,14080.1041015625,13930.8765625,14165.90966796875,14005.987516276042,13549.185774739582,-102.13513940396479,-104.19982294252925,2.0646835385644664,14165.90966796875,14986.53287057965,13345.28646535785,49.014778920635415,76.436771187286,0.0042418130454418
2024-04-29,14246.404879624,14341.048828125,14161.723452017844,14341.048828125,9308133,14159.75078125,13968.71025390625,14128.36884765625,14033.35078125,13573.727848307291,-73.09656092449586,-97.97917053892257,24.882609614426713,14128.36884765625,14830.823243076942,13425.914452235556,56.314467151048405,100.0,0.01480436735540036
2024-04-30,14375.917651256947,14430.711516178577,14291.236223650789,14341.048828125,6047191,14239.3974609375,14036.8869140625,14088.83828125,14066.185709635416,13593.212768554688,-49.51252865796778,-88.28584216273163,38.77331350476385,14088.83828125,14622.196333081129,13555.480229418872,56.98002604289932,90.66451322206414,0.0
2024-05-02,14251.386849889366,14365.95584588638,14211.536764325188,14281.2744140625,5845554,14233.4705078125,14110.52685546875,14070.19541015625,14096.863736979167,13611.61923828125,-35.239094486521935,-77.67649262748968,42.437398140967744,14070.19541015625,14542.98335278246,13597.40746753004,55.66210683213596,84.44092942981946,-0.004168064329107768
2024-05-03,14351.011665962838,14430.711834881757,14181.648807010135,14191.611328125,9498875,14257.3638671875,14134.41171875,14060.002392578124,14120.327018229167,13614.563037109376,-30.807230187821915,-68.30264013955613,37.49540995173422,14060.002392578124,14511.577252085208,13608.42753307104,54.036857334609586,75.10537630307752,-0.006278367275767138
2024-05-07,14410.786498767167,14460.599103325643,14221.498601444957,14236.4423828125,9114112,14278.28515625,14179.19462890625,14052.050927734375,14147.936539713543,13623.517911783854,-23.407625817040753,-59.32363727505306,35.916011458012306,14052.050927734375,14483.924743846761,13620.17711162199,56.181508314492554,77.36562657172834,0.003158982701185753
2024-05-08,14231.461860491461,14296.218249776162,14042.173953351568,14256.3681640625,7770835,14261.3490234375,14210.54990234375,14056.287841796875,14176.45849609375,13635.58192545573,-15.753940403272281,-50.60969790069691,34.85575749742463,14056.287841796875,14494.714117110183,13617.861566483567,65.46371206380778,79.37764554055559,0.0013996320649642957
2024-05-09,14221.499368895194,14286.255758315734,14151.76171875,14151.76171875,6780379,14223.4916015625,14231.44453125,14060.268701171875,14201.330224609375,13647.769075520833,-17.922604843019144,-44.07227928916136,26.149674446142214,14060.268701171875,14500.74224454537,13619.79515779838,65.79773674539962,68.81494039039538,-0.0073375241231629085
2024-05-10,14246.40570284796,14266.330745789006,14037.192751966977,14047.1552734375,7673557,14176.6677734375,14205.069140625,14060.26279296875,14219.484244791667,13661.322916666666,-27.76212840514927,-40.81024911235894,13.04812070720967,14060.26279296875,14500.737073445676,13619.788512491823,52.917815282109615,58.25223524023515,-0.007391761350383996
2024-05-13,14072.060751501536,14096.967053716582,13758.241343591944,13788.12890625,9631504,14095.9712890625,14176.667578125,14047.802978515625,14228.098209635416,13674.334830729167,-55.81785133168705,-43.81176955622456,-12.00608177546249,14047.802978515625,14504.797586397714,13590.808370633536,49.98585682545041,4.255318923135077,-0.018439773900506884
2024-05-14,13832.960961625604,14032.211389592843,13798.092136731337,13912.6611328125,12095270,14031.2150390625,14154.75009765625,14042.813330078125,14237.79287109375,13685.52432454427,-67.22853525112077,-48.49512269520381,-18.733412555916964,14042.813330078125,14503.596458375294,13582.030201780955,49.10400588701618,21.98591630554554,0.009031843799056194
2024-05-16,14116.892659505209,14201.574090419672,13952.51105831831,13987.3798828125,9004312,13977.4173828125,14119.383203125,14044.046728515625,14247.820882161459,13695.636930338542,-69.44192253556503,-52.68448266327606,-16.75743987228897,14044.046728515625,14504.058487765715,13584.034969265535,51.26787454726705,32.624191310626976,0.005370557744972304
2024-05-17,13763.222566178702,13862.847774764867,13339.8154296875,13339.8154296875,11045790,13815.028125,14019.25986328125,14028.073388671875,14246.061311848958,13700.726236979166,-122.04226014405504,-66.55603815943186,-55.48622198462317,14028.073388671875,14560.781749123267,13495.365028220484,26.162669167381026,0.0,-0.04629633702311309
2024-05-20,13384.64690643629,13474.309595054025,13260.115394467213,13369.703125,17254330,13679.5376953125,13928.102734375,14019.314794921875,14244.3853515625,13708.178670247396,-159.47835226088864,-85.14050097972323,-74.33785128116541,14019.314794921875,14589.888448847756,13448.741140995993,30.78704470397679,9.128631211247045,0.0022404879190445204
2024-05-21,13449.403849844157,13449.403849844157,13294.984768605205,13384.6474609375,14645530,13598.84140625,13847.40634765625,13990.909033203125,14241.217464192709,13713.185611979166,-185.79906598406706,-105.272213980592,-80.52685200347506,13990.909033203125,14628.109917998001,13353.708148408248,29.050327666772716,10.373490748050832,0.00111777619875153
2024-05-22,13474.30948983853,13474.30948983853,13384.646801920935,13419.515625,7616156,13500.2123046875,13765.713671875,13972.454150390626,14238.299104817708,13718.317309570313,-201.52183355155466,-124.52213789478455,-76.99969565677011,13972.454150390626,14654.150764143209,13290.757536638042,21.362265745063624,13.278000305757121,0.0026050864742057644
2024-05-23,13419.516100556124,13514.160052267545,13329.853409461095,13379.666015625,7612228,13378.66953125,13678.04345703125,13944.2966796875,14233.05849609375,13723.863061523438,-214.72258229615,-142.56222677505764,-72.16035552109236,13944.2966796875,14675.846764821697,13212.746594553304,20.845963858632885,9.958537569116237,-0.002969526657188859
2024-05-24,13235.209722760475,13379.666283528279,13185.397115599164,13255.134765625,6034485,13361.7333984375,13588.38076171875,13909.912646484376,14225.079150390626,13727.749275716145,-232.55218507557765,-160.56021843516166,-71.991966640416,13909.912646484376,14703.748499653653,13116.076793315098,20.058175816572927,5.4687532404312895,-0.009307500639744726
2024-05-27,13280.041010566962,13489.25395972068,13195.359578766647,13464.34765625,8532092,13380.6623046875,13530.1,13867.5845703125,14219.343115234375,13734.415234375,-227.18173233067682,-173.8845212142647,-53.297211116412115,13867.5845703125,14661.671876751267,13073.497263873733,30.163070694155877,21.875008299521937,0.015783535537304383
2024-05-28,13414.534496889468,13524.12222764757,13394.609454933448,13449.4033203125,4423810,13393.6134765625,13496.22744140625,13836.447509765625,14217.33740234375,13741.412622070313,-221.5772878066873,-183.42307453274924,-38.15421327393807,13836.447509765625,14645.458606965798,13027.436412565452,28.17682789456353,23.76676105545443,-0.0011099190483664367
2024-05-29,13419.516478156827,13419.516478156827,13180.415961842229,13205.322265625,8287830,13350.7748046875,13425.4935546875,13790.121826171875,14207.450081380208,13745.090991210938,-234.1320973107504,-193.56487908834947,-40.567218222400925,13790.121826171875,14633.300449872311,12946.943202471439,24.07863851744024,2.2522524385717073,-0.01814809541170248
2024-05-30,13150.527818674012,13285.021853183178,13110.677734375,13110.677734375,9005925,13296.9771484375,13337.82333984375,13728.603271484375,14194.078548177084,13746.737093098958,-248.85030557107712,-204.62196438489502,-44.22834118618209,13728.603271484375,14582.010864661686,12875.195678307064,24.197538035559546,0.0,-0.0071671504372423644
2024-05-31,13185.396379992708,13275.059067880833,13006.071004216456,13235.208984375,8313674,13292.9919921875,13327.3626953125,13673.311279296875,14178.637353515625,13748.094490559895,-247.6116475918916,-213.21990102629434,-34.39174656559726,13673.311279296875,14502.597687207768,12844.024871385982,30.073342718670446,19.166657351446993,0.009498460150041632
2024-06-03,13240.191007161702,13384.64756818792,13190.378399911282,13334.8349609375,6141351,13267.089453125,13323.87587890625,13625.989306640626,14166.265950520834,13750.530818684896,-235.87203255373242,-217.75032733178196,-18.121705221950464,13625.989306640626,14416.300425667981,12835.67818761327,37.93106317345699,27.500050858518645,0.007527344425019233
2024-06-04,13285.022036690178,13578.916412454977,13270.078254871629,13484.2724609375,6127768,13274.06328125,13333.83837890625,13590.62236328125,14155.22451171875,13754.17100423177,-212.06538792208448,-216.61333944984247,4.547951527757988,13590.62236328125,14336.410450523343,12844.834276039159,38.74345012342765,40.00001858964318,0.01120655039509355
2024-06-05,13534.084647385216,13743.297586358414,13509.178345126502,13683.5224609375,13648910,13369.7033203125,13360.2390625,13562.9763671875,14149.659423828125,13761.171142578125,-175.10217189532705,-208.31110593893942,33.20893404361237,13562.9763671875,14246.344233922759,12879.608500452243,42.50612948753149,79.06977406581845,0.01477647389410186
2024-06-07,13813.036018880208,14047.1552734375,13738.317107851284,14047.1552734375,8487782,13556.998828125,13426.98798828125,13552.51572265625,14145.097721354166,13770.455419921875,-115.1391751860956,-189.67671978837066,74.53754460227506,13552.51572265625,14196.4606081229,12908.5708371896,70.28573605095885,100.0,0.026574503278528283
2024-06-10,13912.660683874776,13952.51076818233,13813.03547310589,13847.904296875,7143120,13679.537890625,13486.26494140625,13537.3228515625,14136.137418619792,13779.07412109375,-82.74215680423731,-168.289807191544,85.5476503873067,13537.3228515625,14134.368385048987,12940.277318076012,62.50000000000001,80.86120572049535,-0.014184436114212717
2024-06-11,13897.716902955272,14136.817408812567,13887.754381877885,14032.2109375,5865737,13819.0130859375,13543.05126953125,13536.575634765624,14124.611409505209,13786.327067057291,-41.714422844896035,-142.9747303222144,101.26030747731838,13536.575634765624,14130.966070965143,12942.185198566105,65.55022913609291,90.74890082450175,0.01330935256871979
2024-06-12,14101.949141525376,14156.743009613252,13942.548797997008,14047.1552734375,9527917,13931.5896484375,13602.82646484375,13549.526953125,14114.163509114584,13792.95840657552,-7.902668040202116,-115.96031786581196,108.05764982560984,13549.526953125,14177.344013581778,12921.709892668221,65.21740159877864,90.47619689522541,0.0010650022298026585
2024-06-13,14191.611515244513,14236.442860852516,14012.2861328125,14012.2861328125,5468265,13997.3423828125,13683.5228515625,13554.508203125,14102.885758463543,13798.843204752604,15.896498073621842,-89.5889546779252,105.48545275154704,13554.508203125,14195.890938118093,12913.125468131908,65.37528772161507,81.78138366616422,-0.002482291962055516
2024-06-14,14012.28586747298,14062.098472760832,13768.2041015625,13768.2041015625,8732022,13941.5521484375,13749.27548828125,13543.5494140625,14091.104850260417,13804.725130208333,14.890480449708775,-68.69306765239841,83.58354810210719,13543.5494140625,14160.827352882094,12926.271475242906,61.78487136040038,61.94331357917924,-0.01741914409515477
2024-06-17,13698.466874688746,13887.754780593536,13633.71048582658,13753.2607421875,5734670,13922.6234375,13801.0806640625,13564.2216796875,14074.598063151041,13808.161214192709,12.740535062601339,-52.40634710939846,65.1468821719998,13564.2216796875,14180.462696918794,12947.980662456206,57.28642324979989,60.728773495675014,-0.0010853528364896947
2024-06-18,13857.86660502624,13927.604251492941,13668.57870747376,13763.22265625,6127991,13868.82578125,13843.91943359375,13583.89765625,14057.511165364584,13811.55595703125,11.705596236519341,-39.58395844021491,51.28955467673425,13583.89765625,14199.116530138,12968.678782361998,57.9345024723176,61.538440427568005,0.0007243310694999838
2024-06-19,13763.223394583483,13892.736173540838,13683.52322291742,13783.1484375,7572738,13816.0244140625,13873.80703125,13603.822705078124,14041.502506510416,13813.085595703125,12.3508706321918,-29.196992625733564,41.547863257925364,13603.822705078124,14217.681565990615,12989.963844165633,66.47724741128874,63.15793303401293,0.0014477554964897887
2024-06-20,13798.091584748456,13887.754273746821,13638.691248751362,13713.41015625,7979936,13756.24921875,13876.79580078125,13618.517431640625,14019.523095703125,13812.417456054687,7.152509097380971,-21.927092281110657,29.079601378491628,13618.517431640625,14227.85347067884,13009.18139260241,67.43512935710153,57.489867654114654,-0.0050596771533173435
2024-06-21,13608.803737945778,13738.316511440138,13519.14104860353,13688.50390625,5119560,13740.3091796875,13840.9306640625,13633.959326171875,13996.7140625,13811.251603190105,1.011385284096832,-17.33939676806916,18.350782052165993,13633.959326171875,14233.38159290219,13034.53705944156,63.91435567109201,47.61900675705126,-0.001816196680199833
2024-06-24,13678.541196523292,13678.541196523292,13494.2345598622,13499.2158203125,5899667,13689.5001953125,13806.06181640625,13646.16337890625,13965.610172526041,13809.25448404948,-18.911466556472078,-17.653810725749747,-1.2576558307223316,13646.16337890625,14222.609385403668,13069.717372408833,54.78258102424051,23.711295304352557,-0.013828252322817702
2024-06-25,13484.272486400569,13623.747783637073,13464.347443938212,13563.97265625,6759659,13649.6501953125,13759.23798828125,13651.14462890625,13934.3419921875,13808.957657877605,-29.13923574074579,-19.950895728748957,-9.188340011996832,13651.14462890625,14222.676198838148,13079.613058974352,52.439020745707445,12.903225447178876,0.004797081311942453
2024-06-26,13603.82247599479,13623.747518068747,13429.478357847656,13504.197265625,6774526,13593.8599609375,13704.9421875,13653.884326171876,13904.150162760418,13809.281909179688,-41.58878138237742,-24.27847285947465,-17.31030852290277,13653.884326171876,14221.858277844225,13085.910374499526,44.00002091165674,9.259255828368666,-0.004406923556975473
2024-06-27,13414.534759791552,13573.935098563676,13399.590978031665,13509.1787109375,5937636,13553.013671875,13654.6314453125,13669.0771484375,13875.036214192709,13807.492163085937,-50.4713724284411,-29.51705277326794,-20.95431965517316,13669.0771484375,14201.685190829367,13136.469106045633,26.315834729163143,13.0952364636425,0.0003688812607307579
2024-06-28,13519.141363709528,13578.916491330941,13454.384975452998,13539.06640625,4508755,13523.126171875,13631.71767578125,13690.49658203125,13849.156233723957,13804.749373372395,-54.47129145751387,-34.50790051011713,-19.96339094739674,13690.49658203125,14159.169029010145,13221.824135052355,34.02067585593596,16.666680338722866,0.0022123991363220963
2024-07-01,13499.216447420546,13763.22326355091,13469.328883330316,13753.2607421875,5496378,13573.93515625,13631.71767578125,13716.399169921875,13826.18291015625,13802.879597981771,-39.89764804131846,-35.5858500163574,-4.311798024961064,13716.399169921875,14133.554829163826,13299.243510679924,36.000058814015375,42.261930864478536,0.015820465718273002
2024-07-02,13703.448090189102,13728.35439351551,13394.609928941656,13409.5537109375,8083076,13543.0513671875,13596.35078125,13720.135107421875,13805.43994140625,13800.17674967448,-55.443102011062365,-39.55730041529839,-15.885801595763972,13720.135107421875,14124.030157552454,13316.240057291296,25.93988287301613,1.7751481831345444,-0.02499094852435202
2024-07-03,13558.991211291455,13753.260372658233,13519.141126908527,13743.2978515625,8386803,13590.871484375,13592.36572265625,13733.086376953124,13794.570377604166,13801.084130859375,-40.3672943077454,-39.7192991937878,-0.6479951139575988,13733.086376953124,14121.44970976079,13344.72304414546,41.71779325574039,52.238787594128986,0.024888534534358353
2024-07-04,13803.07350396099,13927.605022401634,13798.092243223364,13862.8486328125,8552343,13661.60546875,13607.3095703125,13742.052685546874,13785.693326822917,13801.080981445313,-18.55892345121174,-35.48722404527259,16.92830059406085,13742.052685546874,14133.862961669862,13350.242409423887,53.1561615427402,87.85047172408973,0.008698842340552737
2024-07-05,13867.829728835977,14156.742848186728,13857.867207479056,14121.8740234375,7879130,13778.1669921875,13650.64658203125,13745.788623046876,13784.8640625,13803.526546223959,19.40189881902006,-24.509399472414064,43.91129829143412,13745.788623046876,14151.042319872991,13340.53492622076,60.571415448281115,95.42483681406027,0.018684860340457243
2024-07-08,14096.967897504786,14311.162109375,14091.986636763619,14311.162109375,8737414,13889.747265625,13731.8412109375,13768.951513671875,13788.847688802083,13806.761922200521,64.02208381984201,-6.80310281396285,70.82518663380486,13768.951513671875,14245.470543483014,13292.432483860735,64.24870334742569,100.0,0.013403892827775321
2024-07-09,14306.1806640625,14390.862095569833,14211.536711201363,14306.1806640625,7961492,14069.07265625,13806.06201171875,13782.65,13793.162809244792,13811.61385904948,97.85394157253722,14.128306063337167,83.72563550920006,13782.65,14304.618137293171,13260.681862706828,63.70755108611582,91.50000026660537,-0.0003480811183905752
2024-07-10,14241.423643268348,14336.067591929454,14161.723475974786,14236.4423828125,7094068,14167.7015625,13879.2865234375,13792.11435546875,13796.481429036457,13814.516731770833,117.68207046342468,34.83905894335467,82.84301152007001,13792.11435546875,14340.473439548905,13243.755271388594,63.70755108611582,84.49993707115658,-0.004874695971454068
2024-07-11,14331.086784497398,14370.936869403891,14101.948796285065,14116.892578125,6463664,14218.5103515625,13940.05791015625,13797.344677734374,13798.2220703125,13818.70322265625,122.33908650869489,52.33906445642272,70.00002205227217,13797.344677734374,14356.436452734513,13238.252902734235,60.69651328828477,72.49998277322847,-0.008397449409961566
2024-07-12,14027.229756011315,14196.592615281339,13917.642023542478,14087.0048828125,8383012,14211.5365234375,13994.8517578125,13813.284716796876,13800.293619791666,13824.464534505209,122.20936456472009,66.3131244780822,55.89624008663789,13813.284716796876,14386.8688914053,13239.700542188451,65.94593764008093,69.49996969283988,-0.0021171582306160897
2024-07-15,14146.779956649312,14146.779956649312,14012.285921850182,14111.9111328125,4850389,14171.686328125,14030.716796875,13831.217236328124,13807.837434895833,13830.930826822916,122.70185461357505,77.59087050518077,45.11098410839428,13831.217236328124,14419.14628309366,13243.288189562589,65.19335281167834,71.99996425589266,0.0017680301957152533
2024-07-16,14111.911669693787,14111.911669693787,13842.923589861997,13862.8486328125,8101313,14083.019921875,14076.0462890625,13836.19853515625,13813.136995442708,13838.057430013021,101.82116328873235,82.43692906189109,19.384234226841258,13836.19853515625,14423.389653457923,13249.007416854578,59.0000122529499,47.00001862536482,-0.017649097819280368
2024-07-17,13897.716955236487,13922.623258023648,13623.747624577703,13638.69140625,12085640,13963.4697265625,14065.58564453125,13828.97568359375,13807.902473958333,13843.316056315105,66.4198039974599,79.23350404900485,-12.813700051544956,13828.97568359375,14422.434777403721,13235.516589783778,52.92792484504987,24.499969534263542,-0.016169636739157167
2024-07-18,13499.216635607798,13623.748154386467,13389.628899082569,13573.935546875,14558180,13854.8783203125,14036.6943359375,13822.001953125,13804.32451171875,13849.610229492188,32.76106586757487,69.93901641271886,-37.177950545143986,13822.001953125,14424.389741848752,13219.614164401248,50.77606015476864,18.407964142524868,-0.004747952530498978
2024-07-19,13479.291562585351,13713.410817367876,13459.366519625137,13678.5419921875,10559240,13773.1857421875,13992.3611328125,13821.503857421874,13799.919954427083,13856.65176595052,14.361587860626969,58.82353070230049,-44.46194284167352,13821.503857421874,14424.372708989154,13218.635005854594,48.25175208660079,28.855724532362338,0.0077064197742255924
2024-07-22,13648.653576304612,13653.63483673392,13265.096523247876,13339.8154296875,9447861,13618.7666015625,13895.22646484375,13813.533837890625,13789.869954427084,13861.450911458332,-27.238544770008957,41.611115607838606,-68.84966037784756,13813.533837890625,14438.164303168098,13188.903372613153,48.36447185440474,6.637163924413872,-0.024763352899268343
2024-07-23,13389.62890625,13539.066728864398,13319.891255696615,13389.62890625,12716760,13524.12265625,13803.5712890625,13804.816650390625,13774.515283203125,13868.323258463543,-55.54710588281341,22.179471309708205,-77.72657719252162,13804.816650390625,14448.68164224671,13160.95165853454,40.43129291171066,11.062017356355016,0.00373419533613939
2024-07-24,13245.172056408162,13539.066434493187,13230.228274471636,13434.4599609375,7923068,13483.2763671875,13723.373046875,13801.32978515625,13763.88720703125,13872.667545572916,-73.51689605728643,3.040197836309277,-76.5570938935957,13801.32978515625,14452.760438265203,13149.899132047296,37.921349861500424,17.596565148568487,0.003348192470560063
2024-07-25,13215.284709768584,13299.966142134233,13105.69697376598,13150.5283203125,12173040,13398.594921875,13626.73662109375,13783.397265625,13747.532080078125,13876.759798177083,-109.40780959361473,-19.449403649675524,-89.9584059439392,13783.397265625,14486.395026561482,13080.39950468852,22.991711714060102,3.488372488944824,-0.0211345779026898
2024-07-26,13200.3409815287,13265.097371249407,13105.697027321512,13125.6220703125,13224130,13288.0109375,13530.59833984375,13762.725048828124,13727.274967447916,13880.312874348958,-138.2674819130334,-43.21301930234711,-95.0544626106863,13762.725048828124,14518.321937208448,13007.1281604478,13.719534244593916,1.5503919464102058,-0.001893935315247286
2024-07-29,13200.340738567358,13354.759818905315,13145.546871350663,13329.853515625,7097243,13286.0185546875,13452.392578125,13741.5546875,13710.421712239584,13888.3037109375,-143.01067134733057,-63.172549711343805,-79.83812163598677,13741.5546875,14521.598698593001,12961.510676406999,23.369571876603217,17.71652495560964,0.015559753603940019
2024-07-30,13195.359242726796,13349.7783203125,13195.359242726796,13349.7783203125,6332442,13278.0484375,13401.085546875,13738.56591796875,13694.89677734375,13895.880257161458,-143.50765105613937,-79.23956998030292,-64.26808107583645,13738.56591796875,14524.402589090914,12952.729246846586,25.1396700053119,19.291309686647086,0.0014947504609967854
2024-07-31,13309.928288551402,13359.74089442173,13155.509210353388,13324.8720703125,7481258,13256.130859375,13369.70361328125,13717.64462890625,13680.451123046874,13900.38907063802,-144.2484311578428,-92.24134221581089,-52.0070889420319,13717.64462890625,14524.937408464679,12910.35184934782,26.5486720545925,20.091298214562904,-0.0018656676839422515
2024-08-01,13399.590978031665,13524.122492697386,13359.740893338634,13509.1787109375,5362724,13327.8609375,13363.2279296875,13699.9611328125,13668.330061848957,13908.13330078125,-128.4824336246129,-99.48956049757129,-28.992873127041605,13699.9611328125,14509.353038039895,12890.569227585103,34.324325756371536,38.75596314657423,0.013831775618741604
2024-08-02,13270.077744638718,13280.040265468026,12891.501953125,12891.501953125,12114590,13281.0369140625,13284.52392578125,13638.442529296875,13645.582291666668,13911.020393880208,-163.93932867479634,-112.3795141330163,-51.55981454178004,13638.442529296875,14498.271453964471,12778.61360462928,24.94887336993149,0.0,-0.04572274681009347
2024-08-05,12846.670948214767,12846.670948214767,11167.986144202214,11531.6181640625,30147910,12921.38984375,13103.70419921875,13499.46533203125,13601.913232421875,13901.621728515625,-298.3314509478769,-149.5699014959884,-148.76154945188847,13499.46533203125,14723.055089466736,12275.875574595764,17.13483037784799,13.200723174597368,-0.10548683884990251
2024-08-06,11969.968913421506,12443.188658230098,11880.306224931457,12263.86328125,27393240,12704.2068359375,12991.12763671875,13397.349462890625,13572.19169921875,13895.837972005209,-341.8119197229644,-188.01830514138362,-153.79361458158075,13397.349462890625,14677.064586225211,12117.634339556038,33.04668044296085,43.05282134650165,0.06349890421012128
2024-08-07,12194.125613839286,12657.382836914063,12179.181832449776,12552.7763671875,7852730,12549.7876953125,12902.95927734375,13313.166162109375,13551.602490234374,13889.850349934895,-348.93532379136013,-220.2017088713789,-128.73361491998122,13313.166162109375,14581.934857245471,12044.39746697328,38.067512826944146,54.40311149585375,0.023558081112924123
2024-08-08,12293.751081851204,12567.720413091809,12204.088391627005,12428.2451171875,7118810,12333.6009765625,12830.73095703125,13228.7337890625,13526.862223307291,13882.32754720052,-360.47398425758,-248.25616394861916,-112.21782030896085,13228.7337890625,14497.048800566066,11960.418777558934,35.457701044979544,50.70141153783384,-0.009920614082277512
2024-08-09,12712.177442283288,12881.540307893645,12642.439791737846,12757.0087890625,7574442,12306.70234375,12793.86962890625,13162.233984375,13506.356038411459,13877.088460286459,-339.1801178150745,-266.44095472191026,-72.73916309316422,13162.233984375,14379.513939608561,11944.954029141438,43.205584592005366,67.01681314161996,0.02645294398163589
2024-08-12,12771.952410774942,12936.334013565727,12771.952410774942,12831.7275390625,8223161,12566.72421875,12744.05703125,13098.2248046875,13497.887906901042,13871.974609375,-312.6711185474105,-275.6869874870103,-36.984131060400216,13098.2248046875,14237.367062534175,11959.082546840824,43.53348345516867,70.16807493499581,0.00585707443143435
2024-08-13,12811.802047771167,12866.595913449815,12577.682803507852,12766.970703125,6590333,12667.345703125,12685.77626953125,13043.430908203125,13487.842366536459,13866.11385904948,-293.5045434290405,-279.25049867541634,-14.254044753624157,13043.430908203125,14132.017283335059,11954.844533071191,42.298845912470526,67.86468703069892,-0.005046618683288484
2024-08-14,12981.164774027804,12981.164774027804,12896.483346108205,12921.3896484375,5424975,12741.068359375,12645.42802734375,13007.5658203125,13480.121402994791,13860.66943359375,-262.82489442614497,-275.9653778255621,13.140483399417121,13007.5658203125,14060.249540949357,11954.882099675644,47.27487314997802,74.41859234314506,0.012095190699756397
2024-08-16,13145.546952756487,13205.32208099941,13090.753085200473,13200.3408203125,7085330,12895.4875,12614.54423828125,12988.886083984375,13476.468489583332,13857.38379720052,-213.54046175947406,-263.4803946123445,49.93993285287047,12988.886083984375,14012.099619039347,11965.672548929402,50.83798699122453,86.25793992815056,0.021588325982316636
2024-08-19,13185.397151799005,13200.340933988426,12956.259158227886,12966.2216796875,6641548,12937.330078125,12622.0162109375,12953.270068359376,13469.577750651042,13851.318123372395,-191.1699634891811,-249.01830838771184,57.84834489853074,12953.270068359376,13923.631541879877,11982.908594838875,45.948948079248346,76.32136979822035,-0.017735840597747354
2024-08-20,13090.75250766106,13145.546372799672,13021.01486112101,13105.6962890625,7314185,12992.123828125,12779.4240234375,12941.564111328125,13467.087109375,13846.083129882812,-160.33846508238094,-231.2823397266457,70.94387464426475,12941.564111328125,13897.837849602107,11985.290373054144,47.351348487256935,82.24100214310056,0.010756765758023201
2024-08-21,12996.10935202649,13095.734567450227,12876.559093518004,12916.4091796875,7278521,13022.0115234375,12844.67861328125,12917.903125,13457.954801432292,13838.648958333333,-149.45534012597454,-214.9169398065115,65.46159968053695,12917.903125,13850.624814363295,11985.181435636707,45.72025483692467,74.20720946824562,-0.01444311734378978
2024-08-22,12966.221151079028,13006.07123529287,12732.101906322703,12846.6708984375,7539988,13007.0677734375,12874.06806640625,12888.513671875,13447.909261067709,13832.623331705729,-144.78864824985794,-200.89128149518078,56.102633245322835,12888.513671875,13789.194651419622,11987.832692330378,42.88769867346241,79.48114289936872,-0.005399200372164681
2024-08-23,12717.158151192196,12966.221178046724,12702.214369580925,12926.37109375,5600088,12952.273828125,12923.8806640625,12877.305810546875,13443.260074869791,13825.355078125,-133.12454475219056,-187.33793414658274,54.21338939439218,12877.305810546875,13769.800099264927,11984.811521828824,50.42322034340278,86.30805149945292,0.006203957114071734
2024-08-26,13006.07152997325,13040.94035445039,12732.10219479572,12801.83984375,7481438,12919.3974609375,12928.36376953125,12861.11669921875,13438.112776692707,13816.095662434896,-132.40303010584466,-176.35095333843515,43.94792323259048,12861.11669921875,13746.36256621269,11975.87083222481,72.02073293245782,69.54887480012782,-0.009633890988957616
2024-08-28,12732.101984797298,12747.045766469595,12602.589210304055,12717.158203125,4959755,12841.68984375,12916.9068359375,12830.48193359375,13429.478597005209,13804.057975260417,-137.08410500422724,-168.4975836715936,31.41347866736635,12830.48193359375,13689.444126516633,11971.519740670867,60.133635249036786,52.42717761393819,-0.0066148023767336195
2024-08-29,12592.627268244576,12667.346180041914,12567.72096431213,12627.49609375,5225587,12783.9072265625,12902.959375,12794.367822265625,13417.689615885416,13791.977783203125,-146.34193474649874,-164.06645388657464,17.7245191400759,12794.367822265625,13621.547706643129,11967.187937888122,51.83376145786349,42.28859921687172,-0.007050483130182861
2024-08-30,12662.364622935636,12876.558831742179,12612.55201623644,12856.6337890625,4875872,12785.8998046875,12896.4837890625,12770.955908203125,13407.228971354167,13781.226741536459,-133.64871529176708,-157.98290616761312,24.334190875846048,12770.955908203125,13560.566885615506,11981.344930790743,60.00000911848006,45.31247157336316,0.01814593278123544
2024-09-02,12851.652185693642,12926.37109375,12781.914538174375,12926.37109375,6895222,12785.8998046875,12869.08681640625,12741.81552734375,13394.609781901041,13772.134602864584,-116.61773311949219,-149.70987155798895,33.09213843849676,12741.81552734375,13456.143159946918,12027.487894740581,54.497343246348095,56.24992178515497,0.005424227354661637
2024-09-03,12901.465085113034,12981.165255523,12697.2333984375,12697.2333984375,5806534,12764.978515625,12842.18798828125,12732.102099609376,13372.111083984375,13758.60440266927,-120.22418451235899,-143.81273414886294,23.588549636503956,12732.102099609376,13443.135205421613,12021.068993797138,46.6992613470231,20.31245409328404,-0.017726374529297706
2024-09-04,12333.601514550941,12393.376643054418,12114.426043371523,12174.201171875,8345519,12656.387109375,12749.0384765625,12764.23125,13344.216031901042,13740.176725260417,-163.4030441668856,-147.73079615246746,-15.67224801441813,12764.23125,13277.403938279094,12251.058561720907,38.12375171394763,5.4794523439150185,-0.04119261339457325
2024-09-05,12263.863412208195,12303.713496407085,11940.08147809222,12109.4443359375,11578060,12552.7767578125,12668.3419921875,12756.510302734376,13312.169921875,13718.390665690104,-200.5362795930323,-158.29189284058043,-42.244386752451874,12756.510302734376,13304.824470481293,12208.196134987458,33.12628618048538,13.385822226707656,-0.005319185630602408
2024-09-06,12089.51972664547,12099.482248051852,11725.8876953125,11725.8876953125,11265520,12326.6275390625,12556.263671875,12715.165869140625,13273.48212890625,13693.822819010416,-257.94106751701474,-178.2217277758673,-79.71933974114745,12715.165869140625,13428.138626392936,12002.193111888313,20.634890380682165,0.0,-0.03167417347852286
2024-09-09,11546.562536002304,11930.11961765553,11516.674971198156,11890.26953125,16555500,12119.4072265625,12452.653515625,12688.26708984375,13238.115185546874,13670.500472005207,-286.86374843660815,-199.95013190801546,-86.91361652859268,12688.26708984375,13482.751734269514,11893.782445417986,27.9591661182006,22.93579221076163,0.014018711436509124
2024-09-10,11855.399778451492,11940.081205440432,11676.074403651386,11681.0556640625,7099786,11916.1716796875,12340.57509765625,12634.46943359375,13203.329378255208,13647.217114257812,-322.9442912867271,-224.5489637837578,-98.39532750296928,12634.46943359375,13546.389728730104,11722.549138457394,21.626974865489757,10.410037294001137,-0.01759538475033251
2024-09-11,11720.906381229468,11950.04437253272,11686.037556465928,11750.7939453125,5601439,11831.490234375,12243.938671875,12580.42275390625,13169.954931640625,13622.276497395833,-341.96907830563396,-248.03298668813306,-93.93609161750089,12580.42275390625,13568.098835896972,11592.746671915529,25.625002552697893,15.359462773786724,0.0059702036575814965
2024-09-12,11955.025389823553,12263.863545727329,11955.025389823553,12139.33203125,6060035,11837.4677734375,12195.122265625,12549.0408203125,13142.890087890624,13600.200626627604,-321.98296352138095,-262.82298205478264,-59.15998146659831,12549.0408203125,13551.5333536442,11546.548286980802,36.94853146540648,40.84964907641728,0.03306483695873941
2024-09-13,12139.33187353436,12214.05078125,12014.800360674959,12214.05078125,8417842,11935.100390625,12130.86396484375,12513.673876953126,13116.738460286459,13579.120483398438,-296.69453497506584,-269.5972926388393,-27.097242336226543,12513.673876953126,13510.75032335936,11516.597430546892,36.832410262335095,45.751600588336885,0.006155095668167965
2024-09-19,12323.638803395917,12418.282755402595,12154.275941910282,12353.5263671875,11127330,12027.7517578125,12073.5794921875,12471.333154296875,13094.07373046875,13556.798413085937,-262.37427173750075,-268.15268845857156,5.778416721070812,12471.333154296875,13416.18600697611,11526.480301617641,41.75824215281416,57.14284382399627,0.011419273460989032
2024-09-20,12497.982502092635,12602.588971819196,12473.076199776786,12552.7763671875,8184220,12202.0958984375,12059.1337890625,12450.660888671875,13075.144938151041,13535.929500325521,-216.60056952302693,-257.84226467146266,41.241695148435724,12450.660888671875,13367.603098963362,11533.718678380388,47.10017120544275,70.7482601338667,0.01612899783249211
2024-09-23,12577.682855410721,12796.85831902976,12522.888989505962,12742.064453125,6579616,12400.35,12115.9201171875,12432.479296875,13062.525748697917,13514.06796061198,-163.16969546797736,-238.90775083076562,75.73805536278826,12432.479296875,13308.228911034008,11556.729682715993,51.952450723577385,83.67344563789788,0.015079380082982485
2024-09-24,12771.952276922708,13011.052787567127,12761.989755645858,12986.146484375,8192909,12569.712890625,12203.59033203125,12435.966162109375,13052.8953125,13493.61865234375,-99.977484579058,-211.1216975804241,111.1442130013661,12435.966162109375,13320.341486728286,11551.590837490463,52.1959438761909,98.33333291492214,0.019155611098022662
2024-09-25,13060.865505981445,13065.846766662597,12717.158518981933,12752.02734375,8404037,12677.308203125,12306.204296875,12431.233984375,13040.359147135418,13472.254654947918,-68.00474385179405,-182.4983068346981,114.49356298290405,12431.233984375,13307.330237828903,11555.137730921097,47.20000702633118,79.74276165939919,-0.018028376694094184
2024-09-26,12871.57777217742,13125.6220703125,12821.765164699953,13125.6220703125,6441716,12831.72734375,12429.73955078125,12441.196533203125,13033.966536458332,13454.50137532552,-12.377464594943376,-148.47413838674714,136.09667379180377,12441.196533203125,13345.090573858626,11537.302492547624,56.57492418910218,100.0,0.029296888760641293
2024-09-27,13060.86539395138,13120.640521612486,12951.277659906022,12986.146484375,8462836,12918.4013671875,12560.2486328125,12450.411865234375,13024.751204427082,13436.95371907552,20.219957763358252,-114.73531915672606,134.95527692008432,12450.411865234375,13373.344773719244,11527.478956749506,64.1247702307376,91.33125097684844,-0.010626207671556087
2024-09-30,13050.902445467353,13085.771268794937,12786.895640272784,12816.783203125,6087644,12933.3451171875,12666.84755859375,12455.393115234376,13009.143245442709,13417.66307779948,32.018360733385634,-85.38458317870374,117.40294391208937,12455.393115234376,13385.435850058859,11525.350380409893,61.87289917309421,80.80490854189661,-0.0130418428171728
2024-10-02,12712.17717698666,13016.034076593314,12662.364570493764,12881.5400390625,8674359,12912.423828125,12741.068359375,12468.0953125,13000.343017578125,13402.891479492188,46.06302962248628,-59.09506061846574,105.15809024095202,12468.0953125,13414.824576308136,11521.366048691863,71.72282031664167,84.82970438342214,0.005052503027570099
2024-10-04,12911.427417048055,13205.321791124381,12866.596071849972,13060.865234375,10012920,12974.19140625,12825.7498046875,12478.306884765625,12988.969140625,13391.769759114582,70.84689655913098,-33.1066691829464,103.95356574207739,12478.306884765625,13446.836527641417,11509.777241889833,71.88078877369449,90.5537483383844,0.013921099089760025
2024-10-07,13150.527556925103,13290.002849195522,13075.808650351666,13235.208984375,9315329,12996.1087890625,12913.91806640625,12493.748779296875,12978.508479817709,13382.100903320312,103.3648476170838,-5.812365822940357,109.17721344002416,12493.748779296875,13501.414778603066,11486.082779990684,79.43394893378081,96.58384972113238,0.013348560518115171
2024-10-08,13160.490313884047,13309.928129711647,13140.5652717737,13215.2841796875,7219510,13041.936328125,12980.16884765625,12519.651318359374,12963.398649088542,13374.13135579427,126.07448470887357,20.56500428342243,105.50948042545114,12519.651318359374,13574.853434438182,11464.449202280566,78.2692196038187,93.01470524504484,-0.0015054393709250657
2024-10-10,13270.078151603293,13364.722102384247,13040.940165502034,13165.4716796875,4631944,13111.6740234375,13022.5095703125,12569.21484375,12944.30380859375,13366.575748697916,138.4565424336779,44.143311913473525,94.31323052020437,12569.21484375,13648.933318446912,11489.496369053088,72.78760495791275,85.23985379741693,-0.003769309787266195
2024-10-11,13140.565510444583,13240.1907228058,12996.108952520819,13011.052734375,7445075,13137.5765625,13025.0001953125,12614.295263671875,12922.718343098959,13357.940576171875,134.2614120514463,62.166931941068086,72.09448011037823,12614.295263671875,13688.460677121077,11540.129850222673,67.09401888420646,70.78190013252937,-0.011729085677252837
2024-10-14,13011.052469951923,13035.958772536058,12831.727091346154,12951.27734375,4376464,13115.658984375,13044.9251953125,12675.56474609375,12901.29892578125,13348.890177408854,124.6761771773181,74.66878098831809,50.007396189000005,12675.56474609375,13673.447638562715,11677.681853624787,63.27432687924489,53.631283738847394,-0.0045942009340316226
2024-10-15,13040.940376447532,13135.584328759413,12886.521296359726,13065.8466796875,4862573,13081.7865234375,13038.94765625,12734.343603515625,12883.781494140625,13341.001782226562,124.88500084442603,84.71202495953969,40.17297588488634,12734.343603515625,13674.269815656195,11794.417391375055,61.839084500377226,64.49706977255015,0.00884618041113816
2024-10-16,12956.25918846219,12956.25918846219,12836.708930667844,12861.615234375,6259153,13011.052734375,13026.49453125,12793.37158203125,12863.358333333334,13331.8259765625,107.33345109036964,89.23631018570569,18.097140904663945,12793.37158203125,13592.520819124744,11994.222344937756,52.739737064018804,28.368837071473806,-0.015630938454987642
2024-10-17,12896.483689135173,12961.24007691376,12771.952174176356,12851.65234375,3745163,12948.2888671875,13029.9814453125,12848.414501953124,12842.354020182293,13325.095727539063,91.56430315810212,89.70190878018498,1.8623943779171412,12848.414501953124,13479.098624720868,12217.730379185381,46.54731355212398,26.95034432773065,-0.0007746220395687953
2024-10-18,12841.689743933895,12861.614786205322,12522.889067591084,12612.5517578125,8569730,12868.588671875,13003.0826171875,12872.07548828125,12821.515738932292,13317.3263671875,59.09253876990806,83.5800347781296,-24.48749600822154,12872.07548828125,13420.95149502757,12323.199481534932,46.42856607013987,10.650887588825226,-0.018604657171089722
2024-10-21,12637.458008191896,12846.670951173393,12522.889015606788,12821.7646484375,8339814,12842.6861328125,12979.17255859375,12902.461181640625,12807.90029296875,13307.901383463543,49.667625880068954,76.79755299851747,-27.12992711844852,12902.461181640625,13357.162238909574,12447.760124371676,41.504167777054505,35.50295628968556,0.01658767350511825
2024-10-22,12796.85889005642,12801.840150815491,12378.432986294356,12388.3955078125,9706716,12707.1958984375,12894.4912109375,12904.204638671876,12788.141292317709,13296.23290201823,7.146664382276867,62.86737527526936,-55.72071089299249,12904.204638671876,13350.228071659876,12458.181205683875,35.64594053201972,1.0101015367218218,-0.03379949269914351
2024-10-23,12453.151106126239,12677.307826036511,12199.106823561262,12577.6826171875,13601280,12650.409375,12830.7310546875,12905.449951171875,12769.793636067709,13284.856795247395,-11.149096321205434,48.064080955974404,-59.21317727717984,12905.449951171875,13347.463066630944,12463.436835712806,44.31279125461489,32.47862313614458,0.015279388622653434
2024-10-24,12552.776497840498,12562.73901887053,12358.50733775487,12398.357421875,6533056,12559.750390625,12754.01962890625,12888.264599609374,12754.102669270833,13271.986311848957,-39.661470329534495,30.518970698872625,-70.18044102840712,12888.264599609374,13380.85717359871,12395.672025620039,39.101107161281824,17.094027672229668,-0.01425741138255876
2024-10-25,12458.132814877994,12497.982899851613,12214.05104441457,12273.826171875,7977625,12492.0052734375,12680.29697265625,12852.648583984375,12735.50595703125,13255.010620117188,-71.48235913572353,10.118704731953393,-81.60106386767691,12852.648583984375,13413.692548016696,12291.604619952055,31.797221908526254,6.410292458519258,-0.010044173253166866
2024-10-28,12323.638283565959,12602.5888671875,12318.657023144146,12602.5888671875,7167081,12448.1701171875,12645.428125,12845.17666015625,12721.641438802084,13242.764322916666,-69.3725571881696,-5.779547652071205,-63.59300953609839,12845.17666015625,13415.762268946964,12274.591051365536,36.34407378129117,34.61537017888666,0.026785673082599715
2024-10-29,12542.814500612745,12702.21484375,12373.451636029413,12702.21484375,8992951,12510.933984375,12609.06494140625,12824.006298828124,12714.169547526042,13230.850813802082,-58.98163665233005,-16.419965452122977,-42.56167120020707,12824.006298828124,13382.061657231472,12265.950940424776,39.29314539417132,43.16244213071457,0.007905199289797382
2024-10-31,12433.22627360346,12662.3642578125,12273.825936762392,12662.3642578125,6455323,12527.8703125,12589.13984375,12807.8171875,12706.448583984375,13216.861775716146,-53.34741076140381,-23.805454513979143,-29.541956247424665,12807.8171875,13364.85246609466,12250.781908905341,39.457198660166135,44.49760817426916,-0.003137294277234526
2024-11-01,12502.963812014477,12537.832635394598,12343.5634765625,12343.5634765625,7894926,12516.9115234375,12538.33095703125,12784.156201171874,12690.010416666666,13200.216064453125,-73.75658486952125,-33.79568058508757,-39.96090428443368,12784.156201171874,13378.53756126036,12189.774841083388,36.91405509617612,15.425533683339488,-0.025177034458892966
2024-11-04,12373.451601742236,13016.03423323368,12288.770169685224,12991.1279296875,16385480,12660.371875,12576.18857421875,12789.635595703125,12684.03291015625,13189.46484375,-37.248584450017006,-34.486261358073456,-2.76232309194355,12789.635595703125,13389.789420727113,12189.481770679136,50.63492858745465,84.5744934320289,0.05246171045780845
2024-11-06,12971.202788730838,13090.753044848172,12552.776892320166,12672.3271484375,10900520,12674.31953125,12561.24482421875,12770.20869140625,12673.157161458334,13176.804142252604,-33.652366278611225,-34.31948234218101,0.6671160635697859,12770.20869140625,13358.43073643534,12181.986646377158,44.11326448207877,53.07265522790425,-0.024539884679410484
2024-11-07,12637.458248823117,12652.4020307492,12273.826221955129,12433.2265625,10694470,12620.521875,12565.7279296875,12730.1095703125,12655.224625651043,13161.77734375,-49.5248646945638,-37.36055881265757,-12.16430588190623,12730.1095703125,13293.687887892098,12166.5312527329,43.65781369728339,26.257021377922037,-0.018867930344347306
2024-11-08,12612.551468417945,12717.15793794274,12497.98247798603,12657.3828125,11677620,12619.5255859375,12573.69794921875,12702.214501953125,12651.322639973958,13148.452465820312,-43.51478664786373,-38.59140437969881,-4.9233822681649215,12702.214501953125,13217.870354785638,12186.558649120612,47.295417442064085,51.39661650528949,0.018028807636794708
2024-11-11,12707.195843537584,12727.120886020592,12398.35768505098,12458.1328125,8242620,12642.439453125,12579.67548828125,12666.84755859375,12666.76455078125,13134.338891601563,-54.20472793152658,-41.71406909006436,-12.490658841462214,12666.84755859375,13144.33700139006,12189.35811579744,47.82608815200514,29.05030972540731,-0.015741800888192103
2024-11-12,12458.132439645105,12502.963783890129,12159.256811344943,12263.86328125,10044840,12496.9865234375,12578.67919921875,12629.4880859375,12666.76455078125,13119.478125,-77.4596049009906,-48.863176252249616,-28.596428648740982,12629.4880859375,13110.492806063754,12148.483365811247,42.1126719728295,11.229940191131655,-0.015593791956935776
2024-11-13,12258.882504759717,12358.507718126313,11855.400390625,11855.400390625,14973600,12333.601171875,12503.9603515625,12574.69423828125,12655.141617838543,13103.372054036457,-127.38044160896425,-64.56662932359254,-62.81381228537171,12574.69423828125,13143.090400625028,12006.298075937473,42.41134282387639,0.0,-0.03330621691204694
2024-11-14,11974.950974069148,12169.220145445479,11705.962890625,11705.962890625,21618060,12188.1484375,12404.33515625,12506.700048828125,12643.103580729166,13084.98290201823,-176.96151946724603,-87.04560735232324,-89.91591211492279,12506.700048828125,13148.342952500518,11865.057145155732,37.44621005747814,0.0,-0.012605015020679677
2024-11-15,11601.35609654018,11925.138039981619,11536.599707851892,11855.400390625,18107810,12027.751953125,12323.63876953125,12456.389306640625,12628.076774088542,13067.21640625,-201.86949762439144,-110.0103854067369,-91.85911221765454,12456.389306640625,13137.441853567956,11775.336759713295,42.11288464702978,20.512820400930035,0.012765929757019956
2024-11-18,11770.718983543537,12139.332273760305,11686.037552007252,11935.1005859375,14725980,11923.1455078125,12282.79248046875,12410.56171875,12613.132991536459,13055.51044921875,-212.72593789210623,-130.55349590381076,-82.17244198829547,12410.56171875,13102.882061556382,11718.241375943617,45.01466473762294,25.641027085254827,0.006722691152255322
2024-11-19,11885.28790459966,11915.175468483816,11626.262350936968,11696.0,10456590,11809.5728515625,12153.2796875,12364.734130859375,12595.283479817708,13041.562923177084,-237.88101973912308,-152.01900067087323,-85.86201906824985,12364.734130859375,13119.299957758225,11610.168303960525,36.29519161697333,10.256407032280457,-0.020033395128585596
2024-11-20,11770.718322308394,11825.512186694934,11591.392947952447,11601.35546875,12818820,11758.7638671875,12046.18251953125,12303.713671875,12573.28291015625,13026.70215657552,-262.42851348263684,-174.10090323322595,-88.3276102494109,12303.713671875,13098.950240226926,11508.477103523075,33.33332347676027,4.166626249586262,-0.00809204268553354
2024-11-21,11596.374946420918,11720.906464316331,11282.555521324475,11621.28125,12891530,11741.8275390625,11964.98798828125,12265.357958984376,12546.965250651041,13011.716870117187,-277.080721034019,-194.69686679338457,-82.38385424063443,12265.357958984376,13115.500421494246,11415.215496474506,34.1426503859215,18.732783574188193,0.001717539067195517
2024-11-22,11581.431145918998,11750.79400998835,11352.293153354578,11357.2744140625,14700770,11642.20234375,11834.9771484375,12204.337548828125,12520.149462890626,12994.863606770834,-306.46313014725274,-217.05011946415823,-89.41301068309451,12204.337548828125,13131.770304738597,11276.904792917654,34.72223314735068,4.132230675353295,-0.02271753262468368
2024-11-25,11506.712322980102,11915.175704142166,11506.712322980102,11860.3818359375,14824580,11627.25859375,11775.20205078125,12177.43876953125,12499.394222005209,12983.240665690104,-285.85715343229276,-230.81152625778515,-55.045627174507615,12177.43876953125,13112.353979785692,11242.52355927681,31.66397563566501,31.955928879218614,0.044298253571477986
2024-11-26,11855.400691878212,11875.32573505784,11576.450087363432,11626.2626953125,7945510,11613.3111328125,11711.4419921875,12145.060595703126,12477.891780598959,12967.923291015624,-285.1314090652195,-241.67550281927203,-43.45590624594746,12145.060595703126,13110.282495457512,11179.83869594874,32.55814332162694,23.793120227572963,-0.019739595559698397
2024-11-27,11651.168496916649,11705.962363298044,11466.861855451956,11586.412109375,11234660,11610.3224609375,11684.5431640625,12094.2517578125,12456.887467447918,12952.398364257813,-284.4924092619276,-250.23888410780316,-34.253525154124446,12094.2517578125,13065.033157868444,11123.470357756558,34.875443722581295,21.034464446989222,-0.0034276350863435834
2024-11-28,11666.112596442348,11735.85024646378,11561.5061214102,11621.28125,7907753,11610.3224609375,11676.075,12040.205078125,12435.135970052082,12939.198022460938,-277.9681057848502,-255.78472844321257,-22.183377341637623,12040.205078125,12988.570943289316,11091.839212960684,30.152692318916394,23.44827980468577,0.0030094856195204134
2024-11-29,11626.262412544073,11631.243673217827,11257.649122686205,11302.48046875,7563243,11599.363671875,11620.7830078125,11972.210888671874,12410.146647135416,12924.129711914062,-295.1201456585404,-263.65181188627815,-31.46833377226227,11972.210888671874,12927.730144134839,11016.69163320891,28.832131411689716,3.6000014663324817,-0.02743249856809038
2024-12-02,11397.123757414323,11496.748965084029,11277.573508210677,11337.3486328125,11152890,11494.75703125,11561.0078125,11921.900146484375,12387.149820963541,12908.314208984375,-302.41365502856934,-271.40418051473637,-31.00947451383297,11921.900146484375,12900.766827337933,10943.033465630817,31.976744848726398,7.239759080450463,0.0030850010454701593
2024-12-03,11372.21749040629,11705.961937124302,11372.21749040629,11601.35546875,9310691,11489.7755859375,11551.543359375,11852.4115234375,12370.047477213542,12893.86854654948,-283.6212591607473,-273.8475962439386,-9.77366291680869,11852.4115234375,12700.230069452884,11004.592977422117,44.763849706291545,37.70483456389554,0.02328647062801026
2024-12-04,11431.993402342045,11611.31878904545,11327.386926765059,11412.068359375,13581660,11454.9068359375,11532.6146484375,11789.398583984375,12345.97138671875,12876.600179036459,-280.76554737216065,-275.231186469583,-5.534360902577646,11789.398583984375,12564.879449721813,11013.917718246938,44.0404023601708,17.514141730016654,-0.01631594772566647
2024-12-05,11461.880329277832,11496.749152530741,11297.498733942688,11342.330078125,10907770,11399.1166015625,11504.71953125,11734.853759765625,12319.570703125,12857.09024251302,-280.8917266987992,-276.3632945154263,-4.5284321833728995,11734.853759765625,12472.183686399758,10997.523833131492,39.24843141829255,9.60446565590293,-0.006110923896868403
2024-12-06,11357.273964766211,11372.217746298798,10938.848081853772,11292.517578125,19474220,11397.1240234375,11498.24384765625,11666.610498046875,12296.158772786459,12834.134928385416,-281.76318655073374,-277.4432729224878,-4.319913628245956,11666.610498046875,12287.954006298909,11045.266989794842,36.36363636363636,36.22446893823095,-0.004391734295942307
2024-12-09,11088.286519085132,11088.286519085132,10714.691959816764,10729.6357421875,26719970,11275.5814453125,11385.16923828125,11580.18564453125,12272.082682291666,12808.149357096354,-324.1372324747499,-286.78206483294025,-37.35516764180966,11580.18564453125,12218.580152184626,10941.791136877873,31.970270789294077,1.2448133880507708,-0.04984555764853282
2024-12-10,10908.96026191796,11282.554791435698,10908.96026191796,11232.7421875,31030770,11201.8587890625,11345.8171875,11528.62958984375,12257.470979817708,12784.820450846355,-313.50855221963684,-292.1273623102796,-21.38118990935726,11528.62958984375,12097.283061151675,10959.976118535824,44.03225673849376,43.15345627394132,0.046889424524856116
2024-12-11,11232.742819317431,11427.011985593874,11172.96769123237,11302.48046875,16372370,11179.9412109375,11317.4240234375,11500.98359375,12250.414192708333,12761.948160807291,-296.045323860566,-292.9109546203369,-3.1343692402290912,11500.98359375,12056.353628055824,10945.613559444175,44.920631956956726,48.96263791256389,0.006208482317666464
2024-12-12,11436.974396858808,11546.562130626618,11252.667753703854,11536.599609375,11709080,11218.7951171875,11308.955859375,11492.5154296875,12244.519694010416,12741.317439778646,-260.3134006933651,-286.39144383494255,26.07804314157744,11492.5154296875,12039.83198364929,10945.198875725711,52.884613269953086,68.46470461956129,0.020713961087772903
2024-12-13,11496.749287782866,11656.149624528556,11417.049119410021,11556.5244140625,8111069,11271.596484375,11334.36025390625,11477.571630859375,12242.444173177084,12722.886775716146,-227.76232660503774,-274.6656203889616,46.90329378392386,11477.571630859375,11998.872334339201,10956.270927379548,44.21251087188621,72.53213478738184,0.0017270951027292814
2024-12-16,11686.037747524753,11710.944051334482,11511.693620856651,11571.46875,11866740,11439.9630859375,11357.772265625,11459.3900390625,12239.455419921875,12704.70517578125,-198.4716255025869,-259.42682141168666,60.95519590909976,11459.3900390625,11937.039113069399,10981.740965055602,48.86128171105874,83.90244699442935,0.0012931514183722737
2024-12-17,11616.299378875652,11621.280639329716,11392.142658442803,11446.9365234375,6762173,11482.801953125,11342.33037109375,11446.936865234375,12227.915494791667,12685.402791341146,-183.19548031331396,-244.18055319201213,60.98507287869816,11446.936865234375,11911.417382233747,10982.456348235002,47.19999372648658,71.7072537329221,-0.010762006902753862
2024-12-18,11466.861829511634,11556.524519751083,11347.311575859037,11506.7119140625,6401537,11523.6482421875,11351.7947265625,11442.2046875,12216.126513671876,12666.432486979167,-164.37088548196516,-228.21861965000275,63.84773416803759,11442.2046875,11901.965562857595,10982.443812142405,47.72276505109458,79.49995397642289,0.0052219552805774505
2024-12-19,11197.874207981326,11317.424466429524,11138.099078757225,11202.85546875,10378890,11456.8994140625,11337.847265625,11421.2833984375,12196.948665364584,12645.511197916667,-171.98835940846584,-216.9725676016954,44.98420819322956,11421.2833984375,11884.798781360378,10957.76801551462,48.007971550484534,48.9999984029699,-0.02640688735251584
2024-12-20,11192.89274273918,11212.817785449886,10884.054580723236,10933.8671875,9686866,11332.36796875,11301.9822265625,11400.113037109375,12169.966845703126,12622.555891927082,-197.45423908696648,-213.06890189874963,15.614662811783148,11400.113037109375,11912.08233144107,10888.14374277768,42.62296252783138,21.99997666748567,-0.02401068923903682
2024-12-23,11068.361037476188,11242.705158228513,10958.77330443187,11113.1923828125,14527830,11240.7126953125,11340.337890625,11362.753564453125,12142.818977864583,12602.67236328125,-200.85080457554068,-210.62528243410785,9.774477858567167,11362.753564453125,11841.259164233858,10884.247964672393,40.78948095743305,39.99995848326395,0.016400893868320443
2024-12-24,11163.004645740533,11227.761031458796,11093.266999582405,11182.9296875,6202421,11187.911328125,11335.356640625,11340.5869140625,12112.765364583332,12582.830338541668,-195.65994349236644,-207.63221464575957,11.972271153393137,11340.5869140625,11808.655397521823,10872.518430603177,45.472427574432345,46.99992418283506,0.0062751819895923155
2024-12-26,11257.648886474173,11257.648886474173,11093.267287689374,11138.0986328125,8372497,11114.188671875,11318.91845703125,11318.171240234375,12085.866552734375,12563.112849934896,-192.93955306332646,-204.69368232927297,11.754129265946517,11318.171240234375,11779.562894498626,10856.779585970124,45.92445668971555,42.499953234798895,-0.0040088828187492265
2024-12-27,11123.155117964863,11217.799071050995,10928.885951103855,11013.5673828125,7916488,11076.3310546875,11266.615234375,11287.785546875,12050.665641276042,12542.316088867188,-198.543568504243,-203.463659564267,4.920091060023992,11287.785546875,11745.153935349503,10830.417158400498,44.59460022049648,29.999979477124196,-0.01118065606216978
2024-12-30,10968.735386640798,11292.517312222837,10933.86656388581,11232.7421875,8504761,11136.1060546875,11234.23701171875,11284.2986328125,12021.442236328125,12523.096720377604,-183.18754411958435,-199.4084364753305,16.220892355746145,11284.2986328125,11742.258275363,10826.338990262002,61.24720174058612,42.16858711709203,0.01990043707632272
