Date,Open,High,Low,Close,Volume,MA_5,MA_10,MA_20,MA_60,MA_120,MACD,MACD_Signal,MACD_Hist,BB_Middle,BB_Upper,BB_Lower,RSI,Stochastic,Returns
2021-06-25,40108.11891334177,40350.17428824579,40080.71641806962,40149.22265625,4136736,39761.93671875,39697.540234375,39528.557421875,39106.89752604167,38579.43557942708,248.18083291056246,206.05456062980892,42.12627228075354,39528.557421875,40086.98130644423,38970.13353730577,59.519961463352544,84.61536207742046,0.005030235388380211
2021-06-28,40204.02983241645,40245.13357755921,40007.64527228991,40108.12109375,3513373,39919.04453125,39760.109375,39581.079296875,39137.30091145833,38610.20465494792,264.41573628002516,217.72679575985217,46.68894052017299,39581.079296875,40150.51628682698,39011.64230692302,60.291663201086806,81.46867125020678,-0.001023720007032325
2021-06-29,40130.9560707626,40153.791484482164,39829.52860966435,39952.83984375,3939461,39991.20390625,39798.016015625,39614.6470703125,39157.99654947917,38635.113509114584,261.7349969110219,226.52843599008614,35.20656092093574,39614.6470703125,40188.854200550166,39040.43994007484,67.26945396503297,69.58050799574966,-0.003871566300426843
2021-06-30,40048.754946552144,40208.60286799465,40012.21827879385,40094.42578125,3252256,40050.5765625,39825.87578125,39656.89296875,39179.7779296875,38664.196451822914,267.94657222690876,234.81206323745067,33.134508989458084,39656.89296875,40242.205714688724,39071.58022281127,67.38748512849597,78.70787676649421,0.003543826622931512
2021-07-01,40112.68956232814,40112.68956232814,39802.12792163153,39861.5,4290079,40033.221875,39853.278515625,39669.2248046875,39196.77786458333,38684.22705078125,251.17869487068674,238.0853895640979,13.093305306588832,39669.2248046875,40261.16423245745,39077.285376917556,57.27440408403072,59.31584004693193,-0.0058094305308377114
2021-07-02,39847.802291857864,40021.35145943271,39806.69854164276,39811.265625,3436772,39965.63046875,39863.78359375,39686.580078125,39211.366796875,38690.02819010417,231.17173318280402,236.70265828783914,-5.530925105035124,39686.580078125,40273.53714343913,39099.62301281087,56.54556594707066,55.13362011680446,-0.0012602228967800722
2021-07-05,39980.2433872959,40108.121707474595,39925.4383929336,39998.51171875,2774715,39943.70859375,39931.3765625,39706.2185546875,39229.676106770836,38696.56630859375,227.79933782127773,234.92199419452686,-7.122656373249129,39706.2185546875,40307.88580353746,39104.551305837536,58.14361059141967,70.72263351887757,0.004703344412954724
2021-07-06,40108.121986175836,40281.67113619573,40094.42073749006,40181.1953125,4009188,39989.3796875,39990.291796875,39738.873046875,39254.102734375,38707.171875,237.13419408707705,235.36443417303693,1.7697599140401223,39738.873046875,40370.007172913305,39107.738920836695,57.168476911333265,85.93179988530615,0.004567259777927379
2021-07-07,40044.18880818941,40044.18880818941,39829.535880043324,39930.01171875,3816728,39956.496875,40003.53671875,39781.347265625,39274.34296875,38713.85016276042,221.7080062572859,232.63314858988673,-10.925142332600842,39781.347265625,40335.58502495762,39227.109506292385,56.66092409782421,65.01972460015944,-0.006251272312744249
2021-07-08,39975.68168125867,40076.15751777046,39514.40625,39514.40625,5209381,39887.078125,39960.15,39796.4189453125,39280.31197916667,38717.47685546875,173.94166208856768,220.89485128962295,-46.95318920105527,39796.4189453125,40299.62284759663,39293.21504302837,46.656197777562895,30.4188467256717,-0.010408348278917345
2021-07-09,39130.76322283879,39322.58068961741,38769.963701993285,39094.2265625,8288519,39743.6703125,39854.650390625,39776.0953125,39274.7814453125,38724.750748697916,101.01703945394547,196.91928892248745,-95.90224946854198,39776.0953125,40356.49994074865,39195.690684251356,46.06916399384073,20.520230868450845,-0.010633582214081727
2021-07-12,39331.71746012794,39514.40077392324,39331.71746012794,39445.89453125,3929269,39633.146875,39788.427734375,39774.2685546875,39274.5125,38742.365950520834,70.78445752421248,171.69232264283247,-100.90786511861998,39774.2685546875,40358.78033388329,39189.75677549171,47.55348922368696,42.77473111097777,0.008995393941040986
2021-07-13,39624.01214659873,39792.99421776334,39624.01214659873,39779.29296875,3654600,39552.76640625,39771.073046875,39784.54453125,39280.17486979167,38754.562760416666,72.88718797785259,151.93129570983652,-79.04410773198393,39784.54453125,40361.39106450744,39207.69799799256,49.70672592763523,63.87308600117374,0.008452044033020245
2021-07-14,39642.28125,39701.653330213136,39482.43334173387,39642.28125,3453656,39495.2203125,39725.85859375,39775.8671875,39283.628515625,38763.783854166664,62.774293384791235,134.09989524482745,-71.32560186003622,39775.8671875,40355.94447563284,39195.78989936716,45.06632068222757,55.202613853855354,-0.003444297485569514
2021-07-15,39756.4574594669,39934.5736962181,39624.0120526519,39911.73828125,2841123,39574.68671875,39730.882421875,39792.08046875,39287.451432291666,38770.5345703125,75.63085659952776,122.40608751576752,-46.775230916239764,39792.08046875,40368.09891343274,39216.06202406726,46.25367262832015,75.52880626396473,0.006797213045099504
2021-07-16,39733.623646144566,39788.42864427718,39592.04406763532,39742.7578125,3617046,39704.39296875,39724.031640625,39793.9076171875,39300.29889322917,38778.16022135417,71.36184900024818,112.19723981266367,-40.83539081241548,39793.9076171875,40369.010350409015,39218.80488396598,44.45989729252676,64.3506864157183,-0.004233853899302198
2021-07-19,39400.22650665751,39418.49483933708,39212.97609669194,39295.18359375,4034494,39674.25078125,39653.698828125,39792.5376953125,39304.712630208334,38774.30849609375,31.50001820023317,96.05779549017758,-64.55777728994441,39792.5376953125,40372.47785379168,39212.597536833324,40.83976443243102,34.74348805023996,-0.011261780595639204
2021-07-20,39007.44899829466,39212.96769691581,38966.34525857043,39167.296875,3885032,39551.8515625,39552.308984375,39771.300390625,39306.62018229167,38778.41116536458,-10.291525012871716,74.78793138956773,-85.07945640243945,39771.300390625,40410.25970504148,39132.341076208526,37.03691566580918,26.283734803245355,-0.0032545138374245886
2021-07-21,39409.35070543249,39409.35070543249,38934.37417589663,38966.34375,4986269,39416.6640625,39455.9421875,39729.739453125,39299.258072916666,38781.924641927086,-58.94735345605295,48.0408744204436,-106.98822787649655,39729.739453125,40462.72140025788,38996.75750599213,37.37104311789084,12.99061204328352,-0.005130635530997463
2021-07-22,39194.708183498784,39532.67234168789,39194.708183498784,39450.46484375,3684633,39324.409375,39449.548046875,39704.8490234375,39299.215104166666,38795.39293619792,-57.77690554451692,26.8773184274515,-84.65422397196842,39704.8490234375,40440.38943711441,38969.308609760585,45.46499010659348,45.015399564780104,0.012424083123015572
2021-07-23,39514.40099051017,39642.2793108678,39404.79100163219,39523.53515625,5383684,39280.56484375,39492.47890625,39673.5646484375,39307.359765625,38816.55218098958,-50.37249087827513,11.427356566306173,-61.7998474445813,39673.5646484375,40382.258944677495,38964.87035219751,43.85346255178814,49.84902747761437,0.001852204094157317
2021-07-26,39646.85078636039,39646.85078636039,39098.80078125,39098.80078125,3752968,39241.28828125,39457.76953125,39623.0986328125,39310.63287760417,38826.4904296875,-77.87921026081312,-6.433956799117688,-71.44525346169544,39623.0986328125,40345.1212232792,38901.0760423458,36.81879114177554,25.175213301791654,-0.0107463660151067
2021-07-27,39304.31001913265,39455.02373405612,39162.73046875,39162.73046875,3617517,39240.375,39396.11328125,39583.5931640625,39319.46236979167,38832.27744140625,-93.44274228118593,-23.835713895531335,-69.60702838565459,39583.5931640625,40316.03678711357,38851.14954101143,40.20967867346389,30.06956257276584,0.0016350805196729823
2021-07-28,39094.23395535403,39340.856459277995,38957.221453174054,39281.484375,3691893,39303.403125,39360.03359375,39542.94609375,39334.38170572917,38836.39361979167,-95.09827208597562,-38.08822553362019,-57.01004655235543,39542.94609375,40245.6515363675,38840.240651132495,46.784373786617195,43.92205764533135,0.0030323193717241015
2021-07-29,39395.799664140606,39473.53948936294,39203.7365665325,39336.3515625,3999341,39280.58046875,39302.494921875,39516.688671875,39344.8109375,38846.362890625,-90.93472894629667,-48.65752621615549,-42.277202730141184,39516.688671875,40208.435754608676,38824.94158914133,53.71767189674199,40.18971999448389,0.0013967697090113695
2021-07-30,39171.72755641697,39185.44634963075,38824.18479500118,38856.1953125,5066159,39147.1125,39213.838671875,39468.93515625,39343.43170572917,38848.283919270834,-124.93946319360111,-63.91391361164462,-61.0255495819565,39468.93515625,40205.47179658063,38732.398515919376,41.289252688587744,2.8828203761527638,-0.012206425632461104
2021-08-02,39039.11328125,39103.13431743806,38751.018618403716,39039.11328125,5666629,39135.175,39188.231640625,39420.965234375,39340.9146484375,38854.87688802083,-135.56579065864935,-78.24428902104557,-57.321501637603774,39420.965234375,40136.96035310219,38704.970115647804,38.557746887114895,24.341466506002778,0.0047075625206967064
2021-08-03,38988.809962661115,39382.08203125,38961.372376480496,39382.08203125,4634044,39179.0453125,39209.71015625,39381.0095703125,39333.15286458333,38865.41468098958,-114.98702111521561,-85.59283543987958,-29.394185675336033,39381.0095703125,40001.14806548602,38760.87107513897,46.21844255082402,53.31931100423629,0.008785259735003326
2021-08-04,39482.68608296118,39976.56262882171,39414.09211825833,39935.40625,6976309,39309.8296875,39306.61640625,39381.279296875,39346.259114583336,38878.35260416667,-53.41383640323329,-79.15703563255032,25.743199229317028,39381.279296875,40002.427078611625,38760.131515138375,50.317755833040515,96.64178695568242,0.014050151495569319
2021-08-05,39926.26322577291,40090.88875276041,39793.64821792187,39862.2421875,5139328,39415.0078125,39347.794140625,39398.67109375,39368.9546875,38885.996907552086,-10.400482011762506,-65.40572490839276,55.00524289663025,39398.67109375,40054.04880190273,38743.29338559727,51.646506099845396,82.93516965581233,-0.0018320600532265585
2021-08-06,39857.66331870966,39949.12193118949,39583.28748127017,39674.74609375,3737342,39578.71796875,39362.915234375,39427.6970703125,39395.90872395833,38890.65481770833,8.461010183971666,-50.63237788991987,59.09338807389154,39427.6970703125,40077.701200395015,38777.69294022998,55.63426016124394,68.94156766840615,-0.004703601289362314
2021-08-09,39500.977893230374,39647.31168491634,39359.217032534594,39491.83203125,3972301,39669.26171875,39402.218359375,39429.9939453125,39413.876953125,38897.310774739584,8.55067560588941,-38.79576719075801,47.34644279664742,39429.9939453125,40080.593205310965,38779.39468531403,54.73999381548935,55.2899414540625,-0.004610339838540645
2021-08-10,39624.44915501166,39624.44915501166,39103.1349941725,39235.75,3407441,39639.9953125,39409.5203125,39402.816796875,39430.317578125,38906.44169921875,-11.904713529147557,-33.417556458435925,21.512842929288368,39402.816796875,40037.18778095416,38768.445812795835,53.87244861290787,36.17748983031228,-0.006484430275287334
2021-08-11,39130.57108979919,39254.04022844879,38860.76815719452,38883.6328125,4612520,39429.640625,39369.73515625,39364.884375,39433.35364583333,38909.8654296875,-55.884469677344896,-37.910939102217725,-17.97353057512717,39364.884375,40028.995574246575,38700.77317575343,41.530962305489766,9.897540865776207,-0.008974396755509928
2021-08-12,38874.486134634404,38956.798892006875,38595.53734576101,38728.15234375,4505379,39202.82265625,39308.915234375,39305.705078125,39435.85364583333,38915.365983072916,-102.10768388546421,-50.75028805886703,-51.357395826597184,39305.705078125,39975.55065417792,38635.85950207208,38.40179995443153,8.868483847224692,-0.00399860963351184
2021-08-13,38636.69712065368,38664.1347088563,37914.173964651396,38074.2265625,7095485,38882.71875,39230.718359375,39222.278515625,39427.759440104164,38915.75436197917,-189.32385210964276,-78.46500086902218,-110.85885124062058,39222.278515625,40058.00909674724,38386.54793450276,35.99580553844051,7.35294300948114,-0.016885023985801717
2021-08-17,38110.81404883382,38206.84561771137,37580.353954081635,37644.375,5913734,38513.22734375,39091.24453125,39139.7380859375,39414.327864583334,38919.30553385417,-289.7882241985644,-120.72964553493063,-169.0585786636338,39139.7380859375,40231.89409210668,38047.58207976831,31.133845686400704,2.550095937808069,-0.011289830452481664
2021-08-18,37658.095768048166,38019.35740322434,37456.88675605131,37831.8671875,4808571,38232.45078125,38936.223046875,39072.9666015625,39397.931640625,38913.14016927083,-350.2405551890479,-166.6318274657541,-183.60872772329378,39072.9666015625,40311.507398435686,37834.42580468931,32.29045971065507,14.236148336910434,0.004980616293934981
2021-08-19,37539.19420055809,37772.41370405772,37077.328125,37077.328125,6759342,37871.18984375,38650.415234375,38978.5158203125,39370.25377604167,38909.56780598958,-453.80329750137025,-224.06612147287734,-229.7371760284929,38978.5158203125,40505.75662070372,37451.27501992128,26.431334575526833,0.0,-0.019944536672229285
2021-08-20,37223.66179435484,37379.14146278335,36565.15966924586,36716.06640625,8408192,37468.77265625,38335.79765625,38841.7958984375,39337.69674479167,38899.50003255208,-558.5892492702624,-290.9707470323543,-267.61850223790805,38841.7958984375,40654.11055254096,37029.48124433404,27.103746578347995,4.28015691023286,-0.00974346688445471
2021-08-23,36967.57657426552,37337.98400901509,36821.24277288298,37045.31640625,5409615,37262.990625,38072.8546875,38717.8849609375,39306.66901041667,38888.6537109375,-608.0558582143276,-354.387769268749,-253.66808894557857,38717.8849609375,40667.61059170745,36768.15933016755,29.316889890962372,13.618650940857421,0.008967463898691408
2021-08-24,37351.70186250757,37772.41153089037,37351.70186250757,37749.546875,4241423,37284.025,37898.626171875,38650.422265625,39284.86673177083,38887.76031901042,-583.704407792,-400.2510969733992,-183.45331081860076,38650.422265625,40637.66315367595,36663.181377574045,34.24537214003041,33.59268899281129,0.01900997311042496
2021-08-25,37850.14577798575,38055.92765064606,37612.353391800505,37868.4375,3821022,37291.3390625,37761.894921875,38585.7076171875,39261.31595052083,38889.54397786458,-548.4895815888376,-429.89879389648695,-118.59078769235066,38585.7076171875,40586.950962981624,36584.46427139338,28.227286418017798,36.96477522473148,0.0031494583337299265
2021-08-26,37927.89960191325,38042.22290671767,37520.90863680952,37584.9296875,3769213,37392.859375,37632.024609375,38500.8798828125,39233.572981770834,38891.92526041667,-537.26503235173,-451.3720415875356,-85.89299076419445,38500.8798828125,40521.675306746176,36480.084458878824,27.0295082277254,30.135383887774747,-0.007486651977652858
2021-08-27,37447.735308524316,37712.9653302479,37283.109777799335,37562.05859375,5072400,37562.0578125,37515.415234375,38412.165234375,39199.3595703125,38896.06448567708,-524.1726661277644,-465.9321664955814,-58.240499632183,38412.165234375,40434.312810794836,36390.01765795517,27.958003289704266,32.344249064797545,-0.0006085176675907356
2021-08-30,37937.0412959983,38010.20820303012,37562.06089746022,37653.51953125,4219723,37683.6984375,37473.34453125,38352.0314453125,39169.1822265625,38902.72705078125,-500.64560736394196,-472.8748546692535,-27.77075269468844,38352.0314453125,40390.0486984675,36314.014192157505,30.44748164853263,35.575576194016215,0.0024349287798410835
2021-08-31,37685.52892774205,38398.90625,37502.61166562463,38398.90625,4764658,37813.5703125,37548.79765625,38320.02109375,39149.06829427083,38909.34345703125,-417.0463147300252,-461.7091466814079,44.662831951382714,38320.02109375,40332.551084929946,36307.49110257006,41.93833408092674,68.19739815061635,0.019795937485508563
2021-09-01,38353.172860272476,38563.52768936184,38183.974410787545,38453.77734375,4582369,37930.63828125,37610.988671875,38273.605859375,39131.162825520834,38913.644205729164,-342.4184476125083,-437.85100686762803,95.43255925511971,38273.605859375,40224.88859026892,36322.323128481075,45.60746216109844,78.96749879874588,0.001428975434684343
2021-09-02,38376.039943891024,38449.2068455953,37978.19491587404,38101.6640625,5990056,38033.98515625,37713.422265625,38181.91875,39114.8484375,38916.547037760414,-308.13592518296355,-411.90799053069514,103.7720653477316,38181.91875,39969.91959352819,36393.917906471805,43.845470781326384,73.20260433107907,-0.00915679305318573
2021-09-03,38220.555593958685,38430.91041058014,38110.80525485184,38348.59765625,4498314,38191.29296875,37876.675390625,38106.2365234375,39100.4421875,38918.88463541667,-258.06647220901505,-381.13968686635917,123.07321465734412,38106.2365234375,39713.800050413454,36498.67299646155,52.92964986348405,89.24472214585535,0.0064809136247945265
2021-09-06,38389.76011957813,38526.948065210934,38261.71803698752,38481.21875,4452547,38356.8328125,38020.265625,38046.56015625,39083.450846354164,38924.83798828125,-205.31787938374327,-345.975325369836,140.65744598609274,38046.56015625,39489.1018725172,36604.0184399828,59.54118307249682,95.8811921261097,0.0034583036109636645
2021-09-07,38449.202432008366,38462.92122450314,38115.3784813023,38252.56640625,3591745,38327.56484375,38070.567578125,37984.596875,39062.953125,38926.60009765625,-179.8909024051536,-312.75844077689953,132.86753837174592,37984.596875,39262.85557404257,36706.33817595743,54.75195617393821,84.43923841946813,-0.005941920531038258
2021-09-08,38115.38213837509,38234.27835140422,37854.725055965086,37918.74609375,4229352,38220.55859375,38075.5984375,37918.7466796875,39035.3693359375,38928.915299479166,-184.5489835198823,-287.11654932549607,102.56756580561375,37918.7466796875,39053.22707563147,36784.266283743535,60.50230959831419,67.73459197098133,-0.008726742905423968
2021-09-09,37799.8520593539,37836.43551162523,37219.089754546505,37246.52734375,4219444,38049.53125,38041.758203125,37836.89140625,38992.54765625,38925.104166666664,-239.7196427007002,-277.6371680005369,37.91752529983671,37836.89140625,38912.97937685017,36760.803435649825,56.14410537250657,24.409588055581395,-0.01772787392120012
2021-09-10,37315.123350238304,37511.75941691235,37196.227123877245,37420.30078125,4861901,37863.871875,38027.582421875,37771.498828125,38956.428125,38925.7013671875,-266.35040182868397,-275.37981476616636,9.029412937482391,37771.498828125,38776.12111136144,36766.87654488855,54.50555990485363,16.388032231474963,0.004665493668610576
2021-09-13,37283.11255725293,37626.08243849836,37228.23737625366,37502.61328125,4517520,37668.15078125,38012.491796875,37742.9181640625,38919.701432291666,38928.408430989584,-277.61338517022523,-275.82652884697814,-1.7868563232470933,37742.9181640625,38743.79477414258,36742.041553982424,46.511679238931904,22.40810580402021,0.002199674996766543
2021-09-14,37644.37468193384,37964.479908821035,37644.37468193384,37740.40625,5231165,37565.71875,37946.641796875,37747.7197265625,38893.3318359375,38931.74814453125,-264.30473489456926,-273.5221700564964,9.217435161927142,37747.7197265625,38747.52664480175,36747.91280832325,48.2501436146472,39.79952468825957,0.0063407039655256625
2021-09-15,37749.54412904567,37937.034293708406,37584.9186186101,37795.2734375,4602430,37541.02421875,37880.79140625,37745.8900390625,38863.38567708333,38932.65970052083,-246.48884026383894,-268.11550409796496,21.62666383412602,37745.8900390625,38745.18236818666,36746.59770993834,53.06650782116669,43.81233568863782,0.0014538048990926367
2021-09-16,37946.193058289085,37946.193058289085,37388.29530544367,37466.03515625,5613806,37584.92578125,37817.228515625,37765.325390625,38824.52688802083,38931.38974609375,-255.98555106297863,-265.68951349096767,9.70396242798904,37765.325390625,38724.16993322629,36806.48084802372,48.71491125349215,19.732898470434705,-0.008711096687643805
2021-09-17,37333.41202329864,37626.07963347638,37200.797012436844,37562.05859375,4331783,37613.27734375,37738.574609375,37807.625,38784.756640625,38927.397623697914,-252.8487904233989,-263.1213688774539,10.272578454055008,37807.625,38637.54654423325,36977.70345576675,48.77746449456976,26.755746257085583,0.0025629463352483395
2021-09-23,37333.41480650226,37598.64484799872,37264.82083025317,37502.61328125,5441902,37613.27734375,37640.7140625,37830.48984375,38740.646484375,38923.77200520833,-252.25182293742546,-260.94745968944824,8.695636752022779,37830.48984375,38594.56729096708,37066.41239653292,35.32920118823681,22.40810580402021,-0.0015825893128735835
2021-09-24,37680.962979067495,37744.984032672706,37415.732899845905,37466.03515625,6265872,37558.403125,37562.0609375,37816.3142578125,38696.61171875,38916.956315104166,-251.82736182519875,-259.1234401165983,7.296078291399567,37816.3142578125,38597.05272749625,37035.57578812874,33.73492890922097,20.27532775597155,-0.0009753486970542902
2021-09-27,37470.60377128954,37767.84434306569,37388.29099756691,37589.5,4760621,37517.2484375,37529.136328125,37802.3673828125,38657.22272135417,38907.609635416666,-238.7759319728866,-255.053938487856,16.278006514969377,37802.3673828125,38589.12785855902,37015.60690706599,40.87943215049904,29.55336944863926,0.003295380555617733
2021-09-28,37562.05350979909,37562.05350979909,37095.61456920991,37100.1875,5408563,37444.07890625,37514.50234375,37778.1302734375,38607.31875,38893.54833984375,-264.8628352854794,-257.0157178473807,-7.847117438098678,37778.1302734375,38620.96270437022,36935.29784250478,29.53507224994908,0.31948744320364697,-0.013017265459769334
2021-09-29,36652.03136709968,36802.938046465155,36277.05113352486,36610.875,10565670,37253.8421875,37433.559765625,37730.57109375,38553.14166666667,38874.959765625,-321.3163881909568,-269.87585191609594,-51.44053627486085,37730.57109375,38719.435545922075,36741.70664157792,22.549945880496793,15.271898721380053,-0.013188949516764525
2021-09-30,36542.29615973691,36853.25550635962,36405.10821269747,36761.796875,6593205,37105.67890625,37359.478125,37685.9849609375,38502.3171875,38856.8419921875,-349.8453027101641,-285.8697420749096,-63.97556063525451,37685.9849609375,38765.71488589222,36606.25503598278,27.609900908776225,24.76696303050391,0.0041223236265179874
2021-10-01,36556.01721938775,36642.90292456268,36048.421783892125,36075.859375,4788681,36827.64375,37193.0234375,37569.8326171875,38436.9396484375,38833.307877604166,-422.9288362769439,-313.2815609153165,-109.64727536162741,37569.8326171875,38813.93869452492,36325.72653985008,24.968935267570544,1.4319811466519603,-0.018658976391506932
2021-10-05,35746.60221086111,35892.93600525123,35248.152723719766,35540.8203125,8937945,36417.9078125,36967.578125,37424.184765625,38359.60006510417,38806.851399739586,-518.0494919343764,-354.2351471191285,-163.81434481524792,37424.184765625,38894.11612063395,35954.25341061605,25.935417169549495,10.774386472494212,-0.014830944342542063
2021-10-06,35723.74330853045,35906.660580975564,34992.07421875,34992.07421875,7893498,35996.28515625,36720.18203125,37268.7052734375,38277.301106770836,38775.822037760416,-630.4451414017676,-409.47714597565636,-220.96799542611126,37268.7052734375,39059.67810286443,35477.73244401057,19.019757550869073,0.0,-0.015439882617368839
2021-10-07,35303.034242448586,35664.295862287116,35293.88837865521,35577.41015625,5015041,35789.5921875,36521.7171875,37130.1458984375,38211.68450520833,38745.9982421875,-664.6263858118182,-460.5069939428887,-204.11939186892948,37130.1458984375,38996.54462983943,35263.747167035566,28.231611008837177,19.6923300024369,0.01672767192481417
2021-10-08,35732.88354816115,35751.17527252673,35449.361820494654,35499.6640625,4381313,35537.165625,36321.422265625,36981.0681640625,38151.775130208334,38713.27828776042,-690.0344407819503,-506.412483310701,-183.62195747124923,36981.0681640625,38869.255811746414,35092.88051637858,23.712357845185977,17.182444963155117,-0.0021852656899012946
2021-10-12,35389.91830357142,35417.35589367628,34745.13493610747,34891.46875,5355639,35300.2875,36063.965625,36813.01328125,38075.86803385417,38675.190266927086,-750.5944011912288,-555.2488668868066,-195.34553430442224,36813.01328125,38819.30962682316,34806.71693567684,19.848123979894808,4.571420083831561,-0.01713242444855878
2021-10-13,34864.02486376022,35367.04725817439,34813.7226243188,35243.578125,4243628,35240.8390625,35829.3734375,36679.2548828125,38000.272786458336,38640.223828125,-761.3993841193951,-596.4789703333242,-164.92041378607087,36679.2548828125,38731.338514468196,34627.171251156804,27.03203934211281,16.48994732160242,0.010091560705652425
2021-10-14,35444.79864792895,35705.45579190159,35440.22571557855,35687.1640625,4368453,35379.85703125,35688.07109375,36601.28671875,37934.354166666664,38608.99134114583,-725.8021377341283,-622.3436038134851,-103.45853392064328,36601.28671875,38680.92939085973,34521.64404664027,31.92256093381252,31.16505755478835,0.012586291208194433
2021-10-15,35934.09596770358,36153.5966811739,35911.23131005042,36052.9921875,3721040,35474.9734375,35632.2828125,36532.9212890625,37870.041731770834,38578.74658203125,-660.4584374296173,-629.9665705367115,-30.49186689290582,36532.9212890625,38588.96276039738,34476.87981772762,36.80270217022847,43.267713673761286,0.010250972152320958
2021-10-18,36094.143713616555,36121.58129910771,35691.72579307959,35938.6640625,3503005,35562.7734375,35549.96953125,36454.723828125,37806.64016927083,38553.46953125,-610.8568310664778,-626.1446226426648,15.287791576187033,36454.723828125,38474.11655914459,34435.331097105416,36.2889714107379,39.48540748392978,-0.003171113354625721
2021-10-19,36194.75895849764,36304.50933310331,36062.143922515774,36240.48828125,3872812,35832.57734375,35566.432421875,36379.7279296875,37755.72858072917,38530.22060546875,-540.9566965960257,-609.1070374333369,68.1503408373112,36379.7279296875,38307.40327601188,34452.05258336312,38.26583624693775,53.08472027229549,0.00839831492414711
2021-10-20,36382.235289923956,36487.412692094425,36080.421875,36080.421875,3835724,35999.94609375,35620.392578125,36293.9853515625,37704.2806640625,38505.450423177084,-492.7957154257747,-585.8447730318245,93.04905760604981,36293.9853515625,38105.61197624869,34482.35872687631,40.590791330812294,63.34015984355281,-0.004416783929835022
2021-10-21,36126.160517315264,36249.62967351368,35970.68083913947,36016.41015625,3907613,36065.7953125,35722.826171875,36221.5041015625,37655.11510416667,38477.18658854167,-454.55319531602436,-559.5864574886646,105.0332621726402,36221.5041015625,37949.76662985927,34493.24157326574,44.047822988608246,60.30372446821072,-0.0017741399746312725
2021-10-22,35970.67423767918,36194.74785039801,35897.507343730176,36048.4140625,2771293,36064.8796875,35769.9265625,36145.821875,37598.4142578125,38448.814680989584,-416.85799535463593,-531.0407650618589,114.18276970722297,36145.821875,37755.40186720093,34536.24188279907,42.68288969484062,68.67431289392778,0.0008885923419674757
2021-10-25,35956.95745125568,36290.78142352348,35760.32141279657,36235.90625,3550983,36124.328125,35843.55078125,36082.4865234375,37543.620442708336,38425.49010416667,-367.6175588281403,-498.3561238151152,130.7385649869749,36082.4865234375,37561.67952945828,34603.29351741673,51.82855857528455,85.56450363725425,0.005201121668624076
2021-10-26,36437.12453113278,36638.333552138036,36336.52002063015,36574.3125,3599613,36191.09296875,36011.83515625,36037.900390625,37501.545638020834,38406.0892578125,-297.85412498171354,-458.2557240484349,160.40159906672136,36037.900390625,37389.7789483224,34686.0218329276,62.36329413699839,96.6183657860332,0.009338975756953749
2021-10-27,36459.977155505294,36519.425255721224,36139.87200049647,36267.9140625,2868589,36228.59140625,36114.26875,35971.82109375,37453.29869791667,38386.380533854164,-264.2438555865665,-419.45335035606126,155.20949476949477,35971.82109375,37117.899049860935,34825.74313763906,66.2018320225962,80.43419816064058,-0.00837742165351707
2021-10-28,36240.41781234161,36419.145214299286,36153.345488310944,36167.09375,3524611,36258.728125,36162.26171875,35925.16640625,37401.3921875,38367.886946614584,-242.94234346118174,-384.15114897708537,141.20880551590363,35925.16640625,36947.082790022454,34903.25002247754,58.53916809307619,75.10880273480893,-0.002779876237885004
2021-10-29,36318.32660073245,36327.49210902286,35507.17911703155,35585.0859375,5479280,36166.0625,36115.47109375,35873.876953125,37338.87109375,38341.841015625,-269.9125244915922,-361.30342407998677,91.39089958839457,35873.876953125,36852.956380353244,34894.797525896756,51.07935542718152,44.366766079390054,-0.01609219188367883
2021-11-01,35882.96918586476,35905.88295929123,35695.07624376763,35731.73828125,4179211,36065.22890625,36094.778515625,35822.3740234375,37286.79680989583,38315.1142578125,-276.2683195354475,-344.2964031710789,68.02808363563139,35822.3740234375,36708.77230292881,34935.97574394619,62.01918295325398,50.312954007592616,0.004121174359605906
2021-11-02,35924.205216309645,36492.466658690355,35924.205216309645,36208.3359375,3437518,35992.03359375,36091.56328125,35828.9978515625,37239.6171875,38290.26591796875,-240.08038786570978,-323.45320011000507,83.37281224429529,35828.9978515625,36725.296479619945,34932.69922350505,63.325297876610776,64.11027442464392,0.013338216363800282
2021-11-03,36350.40810156952,36350.40810156952,35603.419130243776,35695.07421875,4442344,35877.465625,36053.028515625,35836.710546875,37178.16705729167,38255.6599609375,-249.93601568438316,-308.7497632248807,58.81374754049756,35836.710546875,36725.18859241128,34948.23250133872,50.10719242655069,16.61091499860169,-0.014175236322264362
2021-11-04,36034.20139553811,36245.00811869654,35832.56018208222,35896.71875,5563851,35823.390625,36041.059375,35881.9427734375,37110.85559895833,38228.557356770834,-238.72378409577504,-294.74456739905963,56.02078330328459,35881.9427734375,36676.51505147971,35087.370495395284,47.7836796922436,34.43735186626221,0.005649085641740381
2021-11-05,36162.51575772936,36222.09156622644,35534.678391260095,35740.90234375,5550859,35854.55390625,36010.308203125,35890.1173828125,37042.1666015625,38205.56064453125,-239.64857199249673,-283.72536831774704,44.076796325250314,35890.1173828125,36674.800362984395,35105.43440264061,47.22790156742627,20.66236222611362,-0.004340686605234678
2021-11-08,35809.64307938278,35827.97409708403,35337.61937357572,35695.07421875,5076877,35847.22109375,35956.225,35899.887890625,36975.83873697917,38185.87373046875,-241.29788790026942,-275.23987223425155,33.941984333982134,35899.887890625,36668.80836917173,35130.96741207827,41.76362465167092,27.48142913067781,-0.0012822318966441149
2021-11-09,35704.24478366308,36061.6996794564,35589.675906806246,35786.734375,4565165,35762.90078125,35877.4671875,35944.651171875,36914.087109375,38163.98203125,-232.52833219667082,-266.6975642267354,34.16923203006456,35944.651171875,36554.08634851761,35335.215995232385,45.471421722045136,34.52833903299872,0.0025678656861245486
2021-11-10,35585.090716917715,35795.8974359104,35360.53573364289,35406.36328125,4753805,35705.15859375,35791.312109375,35952.7904296875,36850.263997395836,38140.290787760416,-253.350695381072,-264.0281904576027,10.677495076530704,35952.7904296875,36526.0780583878,35379.5028009872,41.42942440626324,5.285089438347174,-0.010628829380300187
2021-11-11,35168.05687196602,35401.77734375,35076.40178499191,35401.77734375,4274634,35606.1703125,35714.78046875,35938.52109375,36792.233072916664,38112.793359375,-267.1431550511188,-264.65118337630594,-2.4919716748128735,35938.52109375,36552.41541429129,35324.626773208714,40.84484141249343,20.83161157241825,-0.00012952297482715647
2021-11-12,35640.075980990616,35910.45845275074,35498.01061447259,35777.55859375,3505198,35613.5015625,35734.027734375,35924.7494140625,36743.05651041667,38089.455078125,-244.92799490599282,-260.70654568224336,15.77855077625054,35924.7494140625,36540.187082314194,35309.3117458108,43.83913504158979,44.89036099439887,0.010614756608154918
2021-11-15,36020.45369285805,36258.756948841336,35956.295123939475,36190.015625,5272240,35712.48984375,35779.85546875,35937.3169921875,36711.652994791664,38069.706217447914,-191.829197485662,-246.93107604292712,55.10187855726511,35937.3169921875,36564.111746047434,35310.52223832757,44.935309101617115,77.1722610613715,0.011528372741510973
2021-11-16,36176.26185898452,36341.24101111569,35983.78618149816,36125.8515625,4428306,35780.31328125,35771.60703125,35931.58515625,36686.34427083333,38050.33606770833,-153.15998856676015,-228.17685854769374,75.01686998093359,35931.58515625,36548.728963817855,35314.44134868215,48.00004839302173,74.11028950722867,-0.0017729769217251778
2021-11-17,36194.59811994155,36199.180874831385,35626.336513601615,35672.1640625,4195620,35833.4734375,35769.316015625,35911.172265625,36650.34921875,38024.1404296875,-157.30978227910964,-214.00344329397694,56.6936610148673,35911.172265625,36534.56349857294,35287.781032677056,43.66208596616897,42.0716796647947,-0.01255852749145836
2021-11-18,35525.5078125,35736.31448940596,35438.43548943014,35525.5078125,4510585,35858.21953125,35732.194921875,35886.6271484375,36624.485546875,37997.36966145833,-170.46741516167094,-205.29623766751575,34.82882250584481,35886.6271484375,36530.87976160602,35242.37453526899,49.14131871645952,31.715074347909272,-0.004111223803048514
2021-11-19,35621.75519232616,35841.72743589128,35465.94151980087,35786.734375,4258535,35860.0546875,35736.778125,35873.5431640625,36608.9966796875,37973.34671223958,-157.99486710486235,-195.83596355498509,37.841096450122734,35873.5431640625,36514.582047546806,35232.5042805782,50.767300642986925,50.16243275301784,0.007353211215972655
2021-11-22,35979.200342224656,36643.69964799749,35965.4520807259,36616.203125,5040107,35945.2921875,35828.891015625,35892.5580078125,36601.84479166667,37954.25690104167,-80.25396914462908,-172.7195646729139,92.46559552828481,35892.5580078125,36598.163692243616,35186.95232338138,55.18043763867224,98.24560961598188,0.023178106761801986
2021-11-23,36556.63105764678,36602.45860065499,36245.00376519097,36295.4140625,5007395,35979.2046875,35879.758984375,35878.6130859375,36577.60924479167,37931.23798828125,-44.02129374393553,-146.97991048711822,102.95861674318269,35878.6130859375,36536.92698647443,35220.29918540057,58.017066267153126,77.77795824786043,-0.008760849982312302
2021-11-24,36400.82118626645,36579.54862253289,36034.200804181426,36222.09375,5758295,36089.190625,35961.33203125,35876.3220703125,36550.170182291666,37905.74306640625,-20.981116649447358,-121.78015171958405,100.7990350701367,35876.3220703125,36529.22818937534,35223.415951249655,54.4993345202496,73.09982308091807,-0.0020200985274266836
2021-11-25,36245.00257396285,36245.00257396285,35892.130504397144,35956.2890625,3914923,36175.346875,36016.783203125,35865.7818359375,36523.026171875,37878.299576822916,-23.894387539527088,-102.20299888357268,78.30861134404559,35865.7818359375,36505.598424917865,35225.96524695714,52.890475516483974,56.14039923596553,-0.0073381922462723015
2021-11-26,35791.31248377045,35960.874399506625,35236.799191768376,35296.375,5059924,36077.275,35968.66484375,35851.3462890625,36485.26477864583,37842.312174479164,-78.54728125638212,-97.47185535813456,18.92457410175244,35851.3462890625,36529.69587723566,35172.99670088934,45.406571132059,14.03518885594919,-0.018353230539250642
2021-11-29,34934.338541666664,35296.37615740741,34833.51793981482,35016.828125,5194357,35757.4,35851.34609375,35815.60078125,36441.319921875,37805.25107421875,-142.77140988061728,-106.53176626263112,-36.23964361798616,35815.60078125,36589.151846753375,35042.04971574663,41.49795964144904,10.12661791667402,-0.007919988242418685
2021-11-30,35323.87149345445,35397.19556505477,33999.45545017366,34306.5,7565591,35359.6171875,35669.4109375,35720.508984375,36373.11315104167,37761.09072265625,-248.12678661036625,-134.85077033217817,-113.27601627818808,35720.508984375,36724.145132570025,34716.87283617998,38.679247558860354,11.61180764163293,-0.020285336023706413
2021-12-01,34411.91358351814,35200.147587561965,34311.092955093925,35131.40625,5262582,35141.4796875,35615.33515625,35692.3255859375,36317.74029947917,37724.4515625,-262.0380300697361,-160.28822227968976,-101.74980779004636,35692.3255859375,36730.047304615255,34654.60386725974,47.619155726443864,42.80810375826554,0.02404518822963575
2021-12-02,34902.25147682034,35704.2333581811,34819.76191188038,35685.90234375,5465496,35087.40234375,35631.374609375,35681.784765625,36277.47760416667,37696.16302083333,-225.71765743739525,-173.37410931123088,-52.343548126164364,35681.784765625,36715.03795723735,34648.53157401265,49.21751820143904,63.77803135445126,0.015783486997478224
2021-12-03,35566.754959732665,36057.10965380449,35406.35856447553,35956.2890625,6274555,35219.38515625,35648.330078125,35692.5541015625,36237.605794270836,37669.02399088542,-173.11993313927087,-173.32327407683889,0.20334093756801508,35692.5541015625,36732.86740451452,34652.24079861047,47.95503916027894,74.0035135157631,0.007576849707917166
2021-12-06,35837.13832527668,36185.42764915405,35520.928281230124,36025.03125,9783182,35421.02578125,35589.212890625,35709.051953125,36196.6693359375,37640.06009114583,-124.45430588987074,-163.54948043944526,39.09517454957452,35709.051953125,36759.94500898288,34658.15889726712,49.118591604320365,76.60320485881583,0.0019118265341706575
2021-12-07,36061.700920526586,36354.99725537393,35832.56315892711,36322.91796875,5021847,35824.309375,35591.96328125,35735.8611328125,36164.508528645834,37613.73082682292,-61.14463967292977,-143.06851228614218,81.92387261321241,35735.8611328125,36821.868722657026,34649.85354296797,55.84845065715335,87.86868173856678,0.00826888161963768
2021-12-08,36639.130092698,36918.678177207636,36368.747519155884,36483.31640625,7043627,36094.69140625,35618.085546875,35789.7087890625,36140.584700520834,37587.97701822917,1.9490726300646202,-114.06499530290083,116.01406793296545,35789.7087890625,36913.08138550989,34666.336192615105,58.586800227207945,85.08638046265223,0.004415901763123786
2021-12-09,36437.48321266437,36726.19676346274,36414.569438791485,36593.296875,7336363,36276.1703125,35681.786328125,35849.284765625,36129.697526041666,37561.12259114583,60.132627381637576,-79.22547076599315,139.35809814763073,35849.284765625,37011.7336797771,34686.835851472904,57.43242854098635,88.85383772898228,0.0030145414283433425
2021-12-10,36464.97641345155,36565.79700929118,36313.7455196921,36391.65234375,2822148,36363.24296875,35791.3140625,35879.989453125,36112.553385416664,37534.49075520833,88.94715778664249,-45.59094505546602,134.53810284210851,35879.989453125,37066.650217840186,34693.32868840982,47.66002483056194,81.94636440114625,-0.005510422631193945
2021-12-13,36570.387174405434,36996.583415911664,36382.494207719894,36419.15625,4707617,36442.06796875,35931.546875,35891.446484375,36094.495768229164,37507.09860026042,112.70304555082839,-13.932146934207143,126.63519248503553,35891.446484375,37095.01462219182,34687.87834655819,51.37343008071145,80.73398358319747,0.0007557751428872717
2021-12-14,36203.7602723203,36396.23595984402,36057.11212944508,36212.92578125,5005482,36420.06953125,36122.189453125,35895.8001953125,36069.037760416664,37481.184798177084,113.5794097330072,11.570164399235727,102.00924533377147,35895.8001953125,37103.56118142098,34688.03920920402,49.90115972033296,73.85304719651177,-0.005662692110007361
2021-12-15,36052.53182328568,36235.84201432819,35974.62499209261,36222.09375,3644663,36367.825,36231.258203125,35923.2966796875,36042.818098958334,37453.101888020836,113.7030155340617,31.996734626200926,81.70628090786079,35923.2966796875,37134.65473261025,34711.93862676474,53.03351551842506,74.15893899875726,0.0002531684074735807
2021-12-16,36515.39193396226,36602.464279186315,36203.76459316038,36432.90234375,5060072,36335.74609375,36305.958203125,35968.66640625,36025.59921875,37425.06305338542,129.32073678236338,51.46153505743342,77.85920172492996,35968.66640625,37185.25250868479,34752.08030381521,64.45218006375926,81.19262578690515,0.0058198897944710115
2021-12-17,36212.93124313833,36552.055124686325,36102.945119393036,36524.55859375,3682394,36362.32734375,36362.78515625,36005.5576171875,36008.30755208333,37396.53209635417,147.39471226997557,70.64817049994186,76.74654177003372,36005.5576171875,37243.47487641286,34767.64035796214,70.13455413099022,84.2507618107179,0.0025157548288414766
2021-12-20,36341.24934587914,36341.24934587914,35786.73595737329,35850.89453125,4632691,36248.675,36345.371484375,35967.2921875,35980.77890625,37360.7126953125,106.13593922158907,77.7457242442713,28.39021497731777,35967.2921875,37172.616672312884,34761.96770268712,70.82813110767633,57.33781588958619,-0.01844413973603165
2021-12-21,36038.77923220855,36258.75143505011,35892.13109698085,36125.8515625,5241992,36231.26015625,36325.66484375,35958.8140625,35958.44251302083,37327.527115885416,94.5350575401244,81.10359090344193,13.431466636682472,35958.8140625,37156.78368943256,34760.844435567444,65.7472356450244,59.999850617097295,0.007669460827827601
2021-12-22,36332.07638801262,36492.4727898265,36199.176512223974,36318.328125,4839291,36250.50703125,36309.166015625,35963.62578125,35937.25631510417,37297.239518229166,99.72298078068707,84.82746887889095,14.895511901796112,35963.62578125,37166.80966648643,34760.441896013566,61.31148090753987,57.348466143065835,0.005327945340388718
2021-12-23,36515.38961263184,36533.72063151369,36304.58289549065,36497.05859375,4722100,36263.33828125,36299.5421875,35990.6642578125,35927.20416666667,37267.261458333334,116.90884999159607,91.24374510143198,25.665104890164088,35990.6642578125,37217.23153420912,34764.09698141589,60.0,66.14894561597781,0.004921219614924199
2021-12-24,36639.124273085974,36918.67231319332,36629.95876357426,36767.44140625,4644586,36311.91484375,36337.12109375,36064.217578125,35929.81360677083,37241.47763671875,150.6102670372784,103.11704948860127,47.49321754867712,36064.217578125,37291.91228927606,34836.52286697394,62.7759963969051,81.0602561467962,0.007408345300086827
2021-12-27,36781.184581087015,36794.93284345223,36552.046875,36552.046875,3732560,36452.1453125,36350.41015625,36140.978515625,35926.3177734375,37214.31748046875,158.11568511253427,114.11677661338787,43.998908499146395,36140.978515625,37281.843457015755,35000.113574234245,54.05825758592586,63.25681078433541,-0.005858295356211185
2021-12-28,36698.69878590971,36849.9296875,36428.316264884656,36849.9296875,5060924,36596.9609375,36414.110546875,36268.15,35939.2189453125,37188.079296875,185.95684175140195,128.4847896409907,57.472052110411255,36268.15,37062.38176783072,35473.918232169286,56.191786858921496,87.87832900944079,0.008149552158287943
2021-12-29,36849.93099185544,37005.744653554626,36721.61385869142,36767.44140625,4309822,36686.78359375,36468.6453125,36349.9517578125,35959.66263020833,37159.63134765625,199.07028572202398,142.60188885719737,56.468396864826616,36349.9517578125,36968.88028586324,35731.02322976176,52.96872190665184,80.45106256820527,-0.0022384922291447396
2021-12-30,36794.93036597457,36895.75094986441,36469.55484523922,36542.87890625,3863164,36695.94765625,36479.64296875,36392.8005859375,35985.509375,37131.40524088542,189.16192660244997,151.9138964062479,37.24803019620208,36392.8005859375,36931.63623167753,35853.96494019747,52.55804057554261,62.029331804227624,-0.006107645552998031
2022-01-04,36726.19458582405,36726.19458582405,36405.40177062469,36607.04296875,4708649,36663.86796875,36487.89140625,36425.33828125,36002.669921875,37107.17721354167,184.36177641927497,158.4034724088533,25.95830401042167,36425.33828125,36930.7441647254,35919.932397774595,53.13922388418177,67.29295811805133,0.0017558568022133514
2022-01-05,36524.55776626397,36574.96807183849,35892.13756905639,36084.61328125,8813841,36570.38125,36511.26328125,36428.3173828125,36012.41907552083,37082.09710286458,136.8246833821031,154.08771460350326,-17.263031221400155,36428.3173828125,36924.404612818056,35932.230152806944,48.061021623433966,24.43602944013769,-0.014271288941474447
2022-01-06,35837.14309052277,36167.10144122835,35685.91217978271,35722.57421875,10391290,36344.91015625,36470.935546875,36398.3001953125,36026.270833333336,37051.06943359375,69.14065754519834,137.0983031918423,-67.95764564664395,36398.3001953125,36985.52037461536,35811.08001600964,43.17901297127416,2.7777797330985754,-0.010033059234366815
2022-01-07,35951.70359861982,36249.58259593152,35878.379537743094,36171.67578125,3681317,36225.75703125,36456.2703125,36382.7181640625,36041.73912760417,37021.00595703125,51.149700322050194,119.90858261788388,-68.75888229583369,36382.7181640625,36976.93692319998,35788.499404925016,46.65088112566132,36.80494389405637,0.012571926080967577
2022-01-10,36130.43924741478,36153.35302167114,35635.501723477595,35896.71875,4980669,36096.525,36396.236328125,36347.8892578125,36045.231705729166,36989.79293619792,14.537424217618536,98.83435093783082,-84.29692672021228,36347.8892578125,36971.08926252236,35724.689253102646,42.311971506935286,19.063555869448646,-0.007601445753102953
2022-01-11,35951.710791811194,36153.35199956642,35791.31437655137,36002.12109375,4298895,35975.540625,36319.704296875,36328.4126953125,36044.38385416667,36957.21279296875,-5.904911966397776,77.88649835698511,-83.79141032338289,36328.4126953125,36969.932330937045,35686.89305968796,52.15117933125294,26.755793606013693,0.002936266807116006
2022-01-12,36245.00751213212,36602.46238454915,36231.25924780839,36593.296875,4323445,36077.27734375,36323.829296875,36337.1197265625,36055.29440104167,36930.96728515625,25.305626701010624,67.37032402579021,-42.06469732477959,36337.1197265625,36988.47674594247,35685.76270718253,56.100527741072455,69.89966016234513,0.016420581990449046
2022-01-13,36639.11889574679,36689.52919066277,36368.736404833835,36405.3984375,4178583,36213.8421875,36279.376171875,36346.743359375,36058.04290364583,36906.8857421875,34.480895580592914,60.792438336750756,-26.31154275615784,36346.743359375,36996.05861034875,35697.428108401255,51.13769533243773,56.1868773137274,-0.005134777501514698
2022-01-14,36116.69186025604,36185.43318469505,35777.567993023586,35841.7265625,4234215,36147.85234375,36186.8046875,36327.725,36054.0646484375,36879.17265625,-3.6887259021386853,47.89620548897287,-51.58493139111155,36327.725,37013.661836449304,35641.78816355069,42.21982512750926,15.050239230996185,-0.015483194778590281
2022-01-17,35841.724832761785,35878.38687069326,35378.866603876864,35580.5078125,5841437,36084.61015625,36090.567578125,36285.1052734375,36046.799609375,36850.957356770836,-54.38962619884114,27.439039151410064,-81.82866535025121,36285.1052734375,37045.41847924605,35524.79206762894,35.87786330498572,12.394365309869118,-0.007288118487944306
2022-01-18,35690.48647415303,35740.896765783196,35204.71457298968,35305.53515625,5738430,35945.29296875,35960.416796875,36224.1541015625,36034.418294270836,36816.416276041666,-115.4278696512556,-1.1343426091230704,-114.29352704213254,36224.1541015625,37091.54955277467,35356.758650350326,35.37632565672193,5.597939998242256,-0.007728182455940091
2022-01-19,35062.65842121715,35406.365045395854,34938.92403651281,35048.91015625,5790865,35636.415625,35856.846484375,36184.0548828125,36014.635026041666,36779.127734375,-182.405947915664,-37.38866367043126,-145.01728424523276,36184.0548828125,37187.574720184784,35180.53504544022,28.664480643701395,5.321512608801379,-0.0072686902737564285
2022-01-20,35053.49548442984,35255.13671875,34920.595579991554,35255.13671875,4624230,35406.36328125,35810.102734375,36140.519140625,35992.648763020836,36747.09720052083,-216.3518282035584,-73.18129657705668,-143.1705316265017,36140.519140625,37226.80604816317,35054.232233086834,32.59496231718305,16.937459394902273,0.0058839650528541565
2022-01-21,34920.588248586646,34993.91231839995,34627.29196933342,34856.4296875,9151779,35209.30390625,35678.578125,36067.42421875,35969.1240234375,36711.21136067708,-272.28774456070096,-113.00258617378555,-159.2851583869154,36067.42421875,37291.35264396173,34843.49579353827,31.33876632902792,10.91702475218692,-0.011309189762351735
2022-01-24,34755.60877659574,34865.59488031915,34324.82987034574,34462.3125,10270660,34985.66484375,35535.1375,35965.6869140625,35940.71100260417,36671.051595052086,-344.4487339338375,-159.29181572579594,-185.15691820804156,35965.6869140625,37364.95680660844,34566.41702151656,27.88273216744399,5.813958183733389,-0.01130687196116753
2022-01-25,34375.24765369446,34402.74418561316,33444.94832377845,33623.67578125,11372530,34649.29296875,35297.29296875,35808.4986328125,35908.020833333336,36623.445963541664,-463.9595751500092,-220.2253676106386,-243.73420753937057,35808.4986328125,37503.58967946577,34113.407586159236,26.175637736579702,5.508491383146679,-0.024334893914910727
2022-01-26,33738.24176771432,33921.55196476791,33486.19024676562,33518.26953125,5888382,34343.16484375,34989.790234375,35656.809765625,35871.1296875,36578.96324869792,-560.714612283482,-288.3232165452073,-272.3913957382747,35656.809765625,37596.990439182584,33716.62909206742,27.544294448450344,2.2598052099702106,-0.0031348818221349495
2022-01-27,33600.89587611528,33646.798739334015,32412.01171875,32412.01171875,10446220,33774.53984375,34590.4515625,35434.9138671875,35807.8576171875,36523.73740234375,-718.3784171625957,-374.334256668685,-344.04416049391074,35434.9138671875,37774.5428702058,33095.284864169196,16.22210835889409,0.0,-0.0330046218963842
2022-01-28,32586.43336799569,33495.309802262935,32315.60655172414,33279.56640625,11148430,33459.1671875,34334.235546875,35260.5201171875,35767.59915364583,36472.88310546875,-764.5108998495052,-452.36958530484907,-312.14131454465615,35260.5201171875,37699.78155955761,32821.25867481739,28.74953613103149,22.03879524398203,0.026766456060427934
2022-02-03,33853.35633324795,34151.72489754098,33600.890625,33600.890625,6866201,33286.8828125,34136.273828125,35113.420703125,35729.3353515625,36420.095475260416,-766.3095067284303,-515.1575695895654,-251.15193713886492,35113.420703125,37581.73118688812,32645.11021936187,31.16325333656924,29.385157886279977,0.009655300637860798
2022-02-04,33692.69301594525,34050.73525780407,33605.47759805657,34041.5546875,5619747,33370.45859375,34009.87578125,34985.1462890625,35701.012890625,36371.58974609375,-723.8331110440777,-556.8926778804678,-166.9404331636099,34985.1462890625,37392.527344209375,32577.765233915623,29.498418237967314,39.459960274804416,0.01311465423396041
2022-02-07,33972.702725860014,34041.55700783379,33375.96561542064,33692.6953125,7116290,33405.34375,33874.254296875,34865.550390625,35667.639908854166,36321.73932291667,-710.1343111655224,-587.5410045374787,-122.5933066280437,34865.550390625,37280.59469091287,32450.506090337138,28.754697540208255,35.58528304712845,-0.01024804472658536
2022-02-08,33958.937437321525,34115.007168717704,33513.679674220664,33756.96484375,4930794,33674.334375,33724.437109375,34767.269921875,35633.81041666667,36273.94876302083,-686.1820203214593,-607.2692076942748,-78.91281262718451,34767.269921875,37195.41091234868,32339.12893140132,32.28701397061704,40.45599680540818,0.0019075212194779034
2022-02-09,34059.91769422278,34234.34853955707,33972.70227155563,34225.16796875,4851709,33863.4546875,33661.3109375,34669.94453125,35614.123828125,36232.19391276042,-622.2467053260116,-610.2647072206222,-11.98199810538938,34669.94453125,37015.711166442525,32324.17789605748,38.87574727141333,55.74889418677843,0.013869822928902487
2022-02-10,34431.72687581056,34583.206276810655,34280.24747481046,34509.76171875,4664133,34045.22890625,33666.055859375,34600.5966796875,35599.25690104167,36195.74498697917,-542.3611684455245,-596.6839994656027,54.32283102007818,34600.5966796875,36874.566142821845,32326.627216553155,43.47881201303482,70.99083191127235,0.008315335377166111
2022-02-11,34197.62197590796,34431.72650218599,34027.781437235666,34188.44140625,4820161,34074.60625,33722.532421875,34509.9126953125,35572.77161458333,36157.9140625,-499.22442039447196,-577.1920836513766,77.96766325690464,34509.9126953125,36691.32126498713,32328.504125637875,43.02263115350211,63.71204743990586,-0.00931099771475441
2022-02-15,33830.40460149082,33862.536600433894,33362.19547403464,33522.85546875,5334150,34040.63828125,33722.991015625,34356.390625,35528.3189453125,36119.98597005208,-512.8338302360207,-564.3204329683055,51.48660273228472,34356.390625,36344.00981489387,32368.77143510613,36.92716587427364,45.07509680361264,-0.019468156784073876
2022-02-16,33890.07082842973,34156.30733229657,33876.29997478144,34128.765625,4230431,34114.9984375,33894.66640625,34242.558984375,35495.0341796875,36090.689225260416,-469.3174997815513,-545.3198463309546,76.00234654940334,34242.558984375,35981.26509652031,32503.85287222969,44.67513772230518,71.10460283066757,0.018074538931053485
2022-02-17,34234.35222754911,34647.47795837231,33977.29621725912,34349.109375,8161860,34139.78671875,34001.620703125,34167.928125,35472.98326822917,36061.666243489584,-412.297881906612,-518.7154534460861,106.41757153947412,34167.928125,35737.530201649024,32598.326048350973,49.149990086150765,87.20475826747317,0.006456247273080251
2022-02-18,33986.47356639839,34312.38383425553,33880.89700075453,34220.578125,5459390,34081.95,34063.589453125,34099.931640625,35451.23444010417,36037.85999348958,-373.17904588599777,-489.60817193406854,116.42912604807077,34099.931640625,35522.84643531967,32677.016845930335,55.01697748832982,81.69282267644712,-0.0037419092471011606
2022-02-21,33812.04053807809,34243.52734375,33536.62342807473,34243.52734375,3998311,34092.9671875,34083.78671875,34046.83125,35425.514322916664,36017.25550130208,-336.4469256175871,-458.97592267077226,122.52899705318515,34046.83125,35354.94421759412,32738.71828240588,56.1814900884944,82.67697723508066,0.0006706262724776035
2022-02-22,33701.87059006053,33885.48197981842,33518.259200302644,33747.7734375,5092278,34137.95078125,34089.29453125,33981.7744140625,35377.70716145833,35989.7759765625,-343.3813660697633,-435.8570113505705,92.47564528080716,33981.7744140625,35206.83152540698,32756.717302718014,62.70734841519999,61.41706106489197,-0.014477302565049088
2022-02-23,33986.480258030635,34059.92483989563,33688.11164420405,33867.1328125,4660928,34085.62421875,34100.311328125,33912.37421875,35337.23580729167,35957.422526041664,-335.37960869105154,-415.7615308186667,80.38192212761516,33912.37421875,34980.96865162713,32843.77978587287,56.517410003613634,39.28609816273691,0.003536807405118081
2022-02-24,33454.00255741127,33509.085986430066,32880.21683846555,32981.203125,10463990,33812.04296875,33975.91484375,33818.612890625,35283.220963541666,35916.695572916666,-395.960889420654,-411.80140253906416,15.840513118410172,33818.612890625,34867.32256788602,32769.903213363985,43.891422577708774,5.714282139572894,-0.026158981110234736
2022-02-25,33288.75552444605,33536.63097926129,33187.76922803984,33353.01953125,8181295,33638.53125,33860.240625,33763.1482421875,35239.83313802083,35881.42965494792,-409.251912976084,-411.2915046264681,2.039591650384125,33763.1482421875,34785.52044588755,32740.776038487445,43.119362749116426,26.753414504439167,0.011273585285558108
2022-02-28,33137.27134324631,33605.48046875,33059.236488995695,33605.48046875,6546067,33510.921875,33801.94453125,33762.2384765625,35211.6515625,35848.458170572914,-394.8619345596744,-408.0055906131094,13.143656053434995,33762.2384765625,34785.16548324159,32739.311469883418,49.11132710661288,41.0388494442018,0.007569357768745899
2022-03-02,33623.83137976187,33711.04677856261,33431.03944557074,33467.76171875,5075944,33454.91953125,33796.43515625,33759.7130859375,35185.8337890625,35813.57685546875,-390.07399495069694,-404.41927148062695,14.345276529930004,33759.7130859375,34785.42172953624,32734.004442338766,47.096632005283126,33.24607063813231,-0.004098103883027782
2022-03-03,33779.902313257066,34128.76392160162,33738.58975437416,34105.8125,4082459,33502.65546875,33794.13984375,33844.403125,35182.488997395834,35777.80107421875,-330.9788347020585,-389.7311841249133,58.75234942285476,33844.403125,34659.70537148607,33029.10087851393,48.841281988467045,69.3500042370147,0.01906463858001417
2022-03-04,33977.30023282638,34004.841951469585,33431.05614640294,33577.9453125,7789332,33622.00390625,33717.0234375,33859.3220703125,35156.597981770836,35737.169140625,-323.01643254484225,-376.3882338088991,53.37180126405684,33859.3220703125,34641.346040298355,33077.29810032664,41.361828730678226,39.480779958043875,-0.015477337990408513
2022-03-07,33050.05287721997,33073.00430282915,32618.566075767376,32825.12890625,14965080,33516.42578125,33577.478515625,33820.533984375,35108.91842447917,35693.198014322916,-373.15071474308934,-375.7407299957372,2.590015252647845,33820.533984375,34724.047063790706,32917.02090495929,38.29793511906997,10.180966076132247,-0.022419966416758363
2022-03-08,32412.01109307479,32756.282560569565,32283.483078543406,32398.240234375,6369838,33274.977734375,33392.9498046875,33738.36826171875,35049.61761067708,35643.61170247396,-442.2310781563283,-389.03879962785544,-53.192278528472855,33738.36826171875,34835.41124343144,32641.325280006065,39.93434105938847,4.854374127912655,-0.013004935124374173
2022-03-10,33050.06073014992,33206.13046137562,32962.84529211202,33068.421875,2368076,33195.109765625,33325.0146484375,33707.15458984375,35000.34078776042,35598.505061848955,-437.85241630023665,-398.8015229623317,-39.05089333790494,33707.15458984375,34844.45489913975,32569.85428054774,40.61753622877826,33.20391271377904,0.020685742058111245
2022-03-11,32972.02218294988,33077.598754049395,32770.04961215079,32944.48046875,9987144,32962.843359375,33232.7494140625,33666.53037109375,34944.03349609375,35554.27101236979,-439.31913339247694,-406.9050450483608,-32.414088344116124,33666.53037109375,34853.30673719104,32479.754004996466,37.3554039265992,32.57908935888734,-0.0037480290628474355
2022-03-14,32907.75611455716,33086.777245603014,32756.276695979897,32884.8046875,8660429,32824.215234375,33223.1095703125,33599.51220703125,34884.05830078125,35512.32150065104,-440.2222460471676,-413.5684852481222,-26.653760799045358,33599.51220703125,34804.700252847055,32394.32416121544,37.82430666576465,30.67898106337987,-0.0018114045327443096
2022-03-15,32779.22816251144,32834.31158751496,32494.630466659917,32600.20703125,13216340,32779.230859375,33147.8283203125,33504.03447265625,34817.50680338542,35473.60216471354,-458.61598214646074,-422.57798462778993,-36.03799751867081,33504.03447265625,34708.150945250716,32299.918000061778,35.702944508977765,17.16399722557584,-0.008654381832414515
2022-03-16,32939.88821014844,33137.270483425535,32696.60308262087,33086.77734375,5859523,32916.93828125,33095.9580078125,33448.95126953125,34762.425553385416,35437.48946940104,-428.98591020549065,-423.8595697433301,-5.126340462160556,33448.95126953125,34621.62394818728,32276.27859087522,44.24006192405725,43.532358135539,0.014925374922729162
2022-03-17,33642.208435834356,33839.59074757414,33577.94442736094,33587.125,8279341,33020.67890625,33107.8943359375,33452.16474609375,34715.22503255208,35404.86040039062,-360.9689649075153,-411.28144877616717,50.31248386865184,33452.16474609375,34626.041756957384,32278.287735230122,47.71192949058017,70.64734489391049,0.015122284381211104
2022-03-18,33495.31611433332,33678.927549796295,33421.87154014813,33660.56640625,4372507,33163.89609375,33063.3697265625,33428.75478515625,34672.685709635414,35370.86173502604,-297.7071552449197,-388.5665900699177,90.859434824998,33428.75478515625,34563.85240221595,32293.65716809655,56.40138777649525,74.62730309519353,0.002186594007376419
2022-03-21,33830.40495724545,33830.40495724545,33279.57068385747,33316.29296875,5565648,33250.19375,33037.2044921875,33377.11396484375,34624.255696614586,35333.53689778646,-272.2137933412305,-365.2960307241803,93.08223738294981,33377.11396484375,34426.66333720478,32327.56459248273,49.65213363218811,55.97033611940081,-0.010227796922516297
2022-03-22,33316.29116602949,33646.79171217914,33293.339739213545,33619.25,4524529,33454.00234375,33116.6166015625,33347.04755859375,34577.361490885414,35301.48035481771,-224.97069769485097,-337.2309641183145,112.26026642346352,33347.04755859375,34327.00451234422,32367.090604843288,50.129186371405865,72.38827230454565,0.00909335956236701
2022-03-23,33807.45857143764,34050.7437451357,33729.42370440241,33913.03515625,6119415,33619.25390625,33268.09609375,33330.52294921875,34533.836100260414,35271.07182617187,-161.95725476455118,-302.17622224756184,140.21896748301066,33330.52294921875,34256.488044551064,32404.55785388644,54.05871842912393,88.30916355289922,0.00873859935156207
2022-03-24,33678.92997805191,33766.14541618507,33495.31852935052,33756.96484375,5749483,33653.221875,33336.950390625,33330.98251953125,34498.937272135416,35239.858089192705,-123.19213489307003,-266.3794047766635,143.18726988359344,33330.98251953125,34257.82826775686,32404.136771305642,46.51390378757006,83.37659480917584,-0.004602074446622861
2022-03-25,33903.84769251775,33908.43797788094,33550.39571955216,33619.25,4337330,33644.95859375,33404.42734375,33318.58837890625,34457.16057942708,35207.80154622396,-102.40250275851577,-233.58402437303394,131.18152161451818,33318.58837890625,34221.56860879732,32415.60814901518,50.44767336017511,75.58403503837826,-0.004079597925567002
2022-03-28,33509.08484274799,33734.00883689794,33325.473418952104,33642.203125,4105327,33710.140625,33480.1671875,33351.63837890625,34412.55849609375,35174.907405598955,-83.116330826786,-203.49048566378437,120.37415483699837,33351.63837890625,34251.00362855539,32452.273129257122,60.520092541367,76.8828318392067,0.0006827375685061199
2022-03-29,33816.625,33963.514100040724,33692.68732184064,33816.625,4225755,33749.615625,33601.808984375,33374.81865234375,34367.884602864586,35147.54438476563,-53.144891782532795,-173.42136688753408,120.27647510500128,33374.81865234375,34297.91857246357,32451.718732223926,69.53196735729306,84.95490345246479,0.005184615120238156
2022-03-30,34041.557034525904,34151.72388577032,33867.126186722235,33935.98046875,4375540,33754.2046875,33686.729296875,33391.34365234375,34320.693587239584,35125.253597005205,-19.53612132868875,-142.64431777576502,123.10819644707627,33391.34365234375,34343.214402652055,32439.472902035443,64.08326115050343,86.98061228580947,0.003529490856937878
2022-03-31,33913.02670324299,34179.26324206108,33862.53356657059,34041.5546875,4502992,33811.12265625,33732.172265625,33420.03330078125,34278.85205078125,35102.58491210938,15.440045295588789,-111.02744516149427,126.46749045708306,33420.03330078125,34415.205636658786,32424.860964903717,67.91587193243217,91.82560397898648,0.0031109818337859974
2022-04-01,33899.26149633952,33903.851782256424,33614.66376949144,33779.9140625,4077720,33843.25546875,33744.10703125,33403.73837890625,34227.68512369792,35083.45203450521,21.795453103273758,-84.46286550854067,106.25831861181443,33403.73837890625,34361.60425886535,32445.872498947152,63.713094309091,76.29458565734099,-0.007685918795479529
2022-04-04,33715.65020783321,33972.70622030954,33559.58048597258,33940.57421875,4646082,33902.9296875,33806.53515625,33421.86982421875,34180.57067057292,35070.11665039063,39.342574783317104,-59.70177745016912,99.04435223348622,33421.86982421875,34406.961659210785,32436.77798922672,71.34501978153226,83.90129917558444,0.004756085404857613
2022-04-05,34073.699546606374,34115.012128570466,33821.233767936916,33908.44921875,4490357,33921.29453125,33835.455078125,33476.03583984375,34136.66350911458,35061.08644205729,50.07929319608229,-37.74556332091883,87.82485651700112,33476.03583984375,34441.917904675625,32510.15377501188,65.29932707050196,69.89927049615613,-0.0009465072627513615
2022-04-06,33692.69640781015,33747.77983517986,33536.626696929285,33559.578125,5233744,33846.0140625,33800.109375,33534.102734375,34085.87242838542,35044.271175130205,30.090375149717147,-24.178375626791638,54.26875077650878,33534.102734375,34356.07845900821,32712.127009741795,49.45642119803164,31.12256943656532,-0.010288618376480874
2022-04-07,33403.51179941961,33403.51179941961,33045.469485230424,33118.9140625,10234720,33661.4859375,33736.304296875,33536.62734375,34036.444108072916,35024.43159179688,-21.066057082047337,-23.55591191784278,2.4898548357954446,33536.62734375,34352.87097789943,32720.383709600563,40.66459935934119,6.477772242711846,-0.013130798630979545
2022-04-08,33187.76613898026,33229.0787109375,32962.84213610197,33141.86328125,6370443,33533.87578125,33688.565625,33546.496484375,33993.43225911458,35009.85154622396,-59.07510696924146,-30.65975092812252,-28.41535604111894,33546.496484375,34336.96039594655,32756.032572803444,46.61924186949398,14.717037074663011,0.0006929339140375745
2022-04-11,33013.335279605264,33270.391282894736,32893.98784950658,33141.86328125,8974553,33374.13359375,33638.531640625,33559.3494140625,33942.935384114586,34992.33725585938,-88.18105651654332,-42.164012045806686,-46.017044470736636,33559.3494140625,34311.965303736186,32806.73352438881,39.51621066573791,19.285783667791637,0.0
2022-04-12,32912.35171324455,33040.87972551384,32701.198550230707,32829.7265625,9639935,33158.3890625,33539.841796875,33570.825390625,33891.81884765625,34968.52527669271,-134.87974604486226,-60.707158845617805,-74.17258719924445,33570.825390625,34266.72422656582,32874.926554684185,26.399911497647025,8.695695998943664,-0.009418200663647958
2022-04-13,32921.53073759948,33481.54562186985,32880.218164169695,33454.00390625,6828087,33137.27421875,33491.644140625,33589.18671875,33849.35022786458,34946.86704101563,-120.1300452218129,-72.59173612085684,-47.53830910095607,33589.18671875,34249.79395646405,32928.57948103596,44.518218417451685,50.93182728606075,0.019015612041773267
2022-04-14,33444.81014342142,33444.81014342142,33155.62224347144,33265.7890625,7430712,33166.64921875,33414.067578125,33573.119921875,33793.891764322914,34924.593082682295,-122.21929797899793,-82.51724849248507,-39.70204948651286,33573.119921875,34249.38335328058,32896.856490469414,43.71925080239441,38.197956787001445,-0.005626078249929223
2022-04-15,33050.04843946376,33050.04843946376,32802.17307616778,32871.02734375,6497906,33112.48203125,33323.17890625,33533.64296875,33734.985579427084,34896.51424153646,-153.9543277263292,-96.8046643392539,-57.14966338707531,33533.64296875,34277.239717162534,32790.04622033746,37.896108896455914,11.489943197884244,-0.011866897791250941
2022-04-18,32765.46372806788,33004.15861653237,32655.296856468885,32898.58203125,5517718,33063.82578125,33218.9796875,33512.757421875,33685.93317057292,34869.99890950521,-174.86539501866355,-112.41681047513583,-62.448584543527716,33512.757421875,34303.9968015372,32721.518042212807,34.894572640947956,15.963946257684455,0.0008382666964390495
2022-04-19,33031.6983304027,33362.19892514826,33022.51775832644,33284.1640625,3026251,33154.71328125,33156.551171875,33496.003125,33647.66077473958,34847.23019205729,-158.49726125888265,-121.6329006318852,-36.86436062699744,33496.003125,34291.9248305039,32700.081419496102,40.138969817381984,41.26516253747575,0.011720323717409498
2022-04-20,33293.339470108695,33334.652038043474,33008.7417798913,33256.6171875,2807810,33115.2359375,33126.255078125,33463.1822265625,33613.51214192708,34823.96521809896,-146.06445975182578,-126.51921245587333,-19.54524729595245,33463.1822265625,34240.617910229936,32685.746542895064,37.837909813244764,41.19435773014705,-0.0008276270645786177
2022-04-21,33362.20694697334,33587.131016924046,33339.255511264084,33403.51953125,5716294,33142.78203125,33154.715625,33445.5099609375,33586.08896484375,34800.361995442705,-122.94040311807476,-125.80345058831362,2.863047470238868,33445.5099609375,34210.80108301099,32680.218838864013,43.95300821477655,51.25812472345266,0.004417236513316158
2022-04-22,33105.139439610255,33137.27143851171,32903.16687508684,33036.28515625,5189540,33175.83359375,33144.1578125,33416.36171875,33549.10810546875,34770.87843424479,-132.7172843524022,-127.18621734113134,-5.5310670112708635,33416.36171875,34198.02281389317,32634.70062360683,36.37634795872969,26.100179059755828,-0.010993882685219503
2022-04-25,32678.242909510907,32770.04862073302,32494.631487066683,32508.40234375,6727922,33097.79765625,33080.81171875,33359.6716796875,33509.97431640625,34739.54916992188,-180.97509618154436,-137.94399310921395,-43.03110307233041,33359.6716796875,34231.61234602741,32487.73101334758,31.64873245321199,1.098900756965557,-0.01597887928389341
2022-04-26,32641.513231103683,32788.40233578591,32591.020101369166,32646.103515625,2878893,32970.185546875,33062.4494140625,33301.14560546875,33479.70416666667,34710.20758463542,-205.73681998720713,-151.5025584848126,-54.23426150239453,33301.14560546875,34200.64250078322,32401.648710154277,37.32485250237812,13.864722539339978,0.004235864021212787
2022-04-27,32205.445866089216,32297.251584065525,31994.292714743704,32260.529296875,4420137,32770.96796875,32943.101953125,33217.373046875,33456.98505859375,34682.50294596354,-253.5505091370942,-171.9121486152689,-81.63836052182529,33217.373046875,34177.93317117077,32256.812922579233,37.904343992174994,16.714601963479943,-0.011810727076983496
2022-04-28,32456.107313290515,32591.147071121995,32199.99742774805,32581.833984375,6629596,32606.630859375,32874.7064453125,33144.38701171875,33441.37779947917,34656.253743489586,-262.49076905068796,-190.02787270235274,-72.46289634833522,33144.38701171875,34062.14229620964,32226.63172722785,42.720603280939244,36.88643529145711,0.009959684310918204
2022-04-29,32605.11136387637,33098.704880667414,32498.010883817937,33070.765625,6267371,32613.526953125,32894.6802734375,33108.92958984375,33452.35703125,34630.10732421875,-227.5008045564755,-197.5224590731773,-29.9783454832982,33108.92958984375,33976.738205840236,32241.12097384726,49.18007234788249,67.58205831582377,0.015006265174006828
2022-05-03,32949.70059241286,33196.497388822965,32865.8828125,32865.8828125,5987778,32685.023046875,32891.4103515625,33055.19501953125,33445.4623046875,34606.53072916667,-213.83834101193497,-200.78563546092883,-13.052705551006142,33055.19501953125,33834.78693541713,32275.60310364538,50.42754545672904,54.71930807811615,-0.006195284827186454
2022-05-04,33014.88720185513,33126.64422482332,32823.96895428446,32945.0390625,5560940,32744.81015625,32857.4978515625,33007.02451171875,33434.5314453125,34581.9333984375,-194.38276882163336,-199.50506213306974,5.12229331143638,33007.02451171875,33675.81140054627,32338.237622891233,43.09078201773876,59.688817531250706,0.0024084626130869147
2022-05-06,32605.106908749283,32605.106908749283,32395.562519875573,32488.693359375,6080928,32790.44296875,32780.70546875,32953.4802734375,33408.65042317708,34554.83165690104,-213.32825674151536,-202.26970105475888,-11.058555686756478,32953.4802734375,33607.30666541957,32299.653881455422,40.16673446700776,31.03897262858008,-0.01385172748647423
2022-05-10,31939.225786931816,32078.92206534091,31529.45003693182,32013.73046875,7914490,32676.822265625,32641.7265625,32898.22109375,33380.66767578125,34524.15379231771,-263.62927408768155,-214.54161566134343,-49.08765842633812,32898.22109375,33669.44873228622,32126.993455213775,39.36768467560655,23.53525335205315,-0.014619328803752718
2022-05-11,31846.09522578284,32055.639645312043,31762.27745797116,32009.07421875,6549110,32464.483984375,32539.00546875,32841.581640625,33351.53616536458,34492.67329101563,-300.40601959721243,-231.71449644851725,-68.69152314869518,32841.581640625,33699.03471515956,31984.12856609044,38.90518388880335,23.30896705960671,-0.00014544540520022853
2022-05-12,31683.120030089856,31939.229906876295,31464.262499017805,31482.888671875,7111368,32187.88515625,32436.4541015625,32758.63291015625,33305.83151041667,34459.97766927083,-367.77119409644365,-258.92583597810255,-108.8453581183411,32758.63291015625,33795.89551338734,31721.370306925164,28.294056038692815,0.8774058638151601,-0.01643863684650948
2022-05-13,31673.799226877436,32265.18007101349,31655.17305855819,32227.927734375,5262557,32044.462890625,32394.6365234375,32728.54296875,33267.800944010414,34433.52892252604,-356.92573672009894,-278.52581612650187,-78.39992059359707,32728.54296875,33791.71356931121,31665.372368188793,39.43147491693693,35.97327054952931,0.023664888894568747
2022-05-16,32456.10429472186,32525.952438828146,32032.35888714371,32102.20703125,7376786,31967.165625,32378.804296875,32660.953125,33233.03037109375,34402.90099283854,-354.3900557005145,-293.69866404130437,-60.691391659210126,32660.953125,33701.571472877986,31620.33477712201,36.57216469912969,36.82783068201279,-0.00390098625518831
2022-05-17,32153.4327834318,32456.108110140423,32148.776239943974,32414.19921875,3999458,32047.259375,32362.0408203125,32618.3736328125,33214.55276692708,34371.435856119795,-323.4765122441386,-299.65423368187123,-23.822278562267343,32618.3736328125,33623.88599857442,31612.86126705058,43.50686522180888,54.8387938219535,0.009718714579227905
2022-05-18,32586.479659942284,32730.832456378153,32381.591819839763,32474.72265625,6376438,32140.3890625,32302.4365234375,32598.5583984375,33186.98538411458,34341.00978190104,-290.7420770604367,-297.87180235758433,7.1297252971476155,32598.5583984375,33598.71213864324,31598.40465823176,49.610457204508606,58.33274477838572,0.001867189039332695
2022-05-19,31780.903628595977,32083.57890124927,31720.368574065316,32009.07421875,6054919,32245.626171875,32216.7556640625,32554.0830078125,33147.98479817708,34310.48403320312,-298.9278840867628,-298.08301870342007,-0.8448653833427215,32554.0830078125,33576.914665994984,31531.251349630013,43.15158320780524,31.45137665443715,-0.014338796436507262
2022-05-20,32144.11890726606,32619.086331362992,32116.179647025063,32581.833984375,4661990,32316.407421875,32180.43515625,32518.96650390625,33120.67239583333,34285.95341796875,-256.2444423727793,-289.71530343729194,33.47086106451263,32518.96650390625,33482.78186600257,31555.151141809925,53.320560394523945,64.516163017759,0.01789366858006458
2022-05-23,32721.527441406248,32805.34521484375,32516.63955078125,32688.931640625,5876025,32433.75234375,32200.458984375,32490.5822265625,33094.762467447916,34260.13839518229,-211.33943207125049,-274.0401291640837,62.700697092833195,32490.5822265625,33394.50485025362,31586.659602871376,51.158087350122784,70.69879199494386,0.003287035846458508
2022-05-24,32549.22643493741,32623.731102027392,32083.572265625,32083.572265625,5416640,32367.626953125,32207.4431640625,32424.58486328125,33067.02578125,34222.366471354166,-222.03979372023605,-263.6400620753142,41.60026835507813,32424.58486328125,33235.8478250635,31613.32190149899,39.58729304599948,35.75206631918461,-0.01851878738819579
2022-05-25,32279.15419609951,32432.820106150186,32064.953230574323,32218.619140625,6735545,32316.40625,32228.39765625,32383.7015625,33039.550553385416,34188.39318033854,-217.1199298415777,-254.3360356285669,37.2161057869892,32383.7015625,33146.11004706432,31621.293077935672,43.0707152992126,45.378063888525205,0.004209221899666549
2022-05-26,32218.616097647184,32544.574057877755,31995.102067774795,32111.515625,6777076,32336.89453125,32291.2603515625,32363.8572265625,33025.05576171875,34154.138362630205,-219.33490463218186,-247.3358094292899,28.000904797108035,32363.8572265625,33133.22822853295,31594.486224592056,41.12978788677429,48.26347535047944,-0.003324273928610122
2022-05-27,32442.132227319198,32581.828505031208,32400.223344005597,32451.4453125,5885635,32310.816796875,32313.612109375,32354.12431640625,33010.029524739584,34124.931331380205,-191.4538425207502,-236.15941604758197,44.705573526831785,32354.12431640625,33113.319163180844,31594.929469631657,49.59354167972082,73.61088185184832,0.010585912277381038
2022-05-30,32805.34326586845,32912.44374778683,32660.990442413244,32875.19140625,5384386,32348.06875,32390.910546875,32384.857421875,32997.85804036458,34104.75480143229,-133.62478817395458,-215.6524904728565,82.02770229890191,32384.857421875,33177.14262863027,31592.57221511973,59.506701945965425,97.4276464656277,0.013057849647971631
2022-05-31,32819.30862902088,33066.10535963072,32665.642740150608,33005.5703125,5485464,32532.468359375,32450.04765625,32406.04423828125,32990.15485026042,34087.994319661455,-76.39373839314067,-187.80074005691333,111.40700166377266,32406.04423828125,33241.96886150495,31570.11961505755,60.699982886939715,96.22091226179609,0.0039658751986828555
2022-06-02,32819.317494383824,32851.913297797655,32577.177240452504,32647.025390625,5957733,32618.149609375,32467.2779296875,32384.8572265625,32965.84173177083,34074.165364583336,-59.28588702335037,-162.09776945020073,102.81188242685036,32384.8572265625,33169.767142834186,31599.94731029082,62.966864376986244,70.29765576369952,-0.010863163959303312
2022-06-03,32926.41631150266,32996.2644581117,32749.467673426418,32828.62890625,6270309,32761.572265625,32549.2333984375,32382.99453125,32953.353125,34054.97555338542,-30.71978698834937,-135.82217295783047,105.1023859694811,32382.99453125,33163.261056002215,31602.728006497782,57.65135710280406,82.35342483553026,0.005562635904867053
2022-06-07,32670.30378531941,32688.929956234642,32153.427542421683,32218.619140625,3766658,32715.00703125,32512.9119140625,32346.67353515625,32943.24462890625,34026.08152669271,-56.650604025162465,-119.98785917129688,63.33725514613441,32346.67353515625,33083.18254172889,31610.164528583606,51.31994176603747,37.024369988544784,-0.018581640048599968
2022-06-08,32241.903320594174,32451.447752920394,32213.96406295068,32288.46875,3703196,32597.6625,32472.865625,32336.6623046875,32941.41510416667,33995.516357421875,-70.74913167907653,-110.1401136728528,39.39098199377628,32336.6623046875,33070.48142429847,31602.84318507653,48.49157282834664,42.21480619599773,0.00216798892187553
2022-06-09,32176.70420256672,32311.743916296742,32046.32103068946,32190.673828125,4675166,32434.683203125,32483.57578125,32345.50947265625,32926.785970052086,33963.56337890625,-88.79003307682433,-105.87009755364711,17.080064476822784,32345.50947265625,33067.10012691102,31623.91881840148,46.62238520689583,34.94778912966167,-0.0030287878509258626
2022-06-10,31939.22371930722,31981.132600116925,31729.679315258698,31860.0625,4388043,32277.290625,32447.7201171875,32338.05888671875,32908.71233723958,33926.37291666667,-128.28634344597594,-110.35334673211288,-17.932996713863062,32338.05888671875,33077.141098802174,31598.97667463533,48.169315409289766,9.756109235552092,-0.01027040719589245
2022-06-13,31208.150976562498,31301.281835937498,30733.18359375,30733.18359375,9434444,31858.2015625,32309.8869140625,32300.5736328125,32872.85198567708,33878.45514322917,-247.66226752783405,-137.81513089125713,-109.84713663657692,32300.5736328125,33264.21340788171,31336.93385774329,30.01007406656487,0.0,-0.035369638909214296
2022-06-14,30183.709405066358,30691.27255303801,30183.709405066358,30612.111328125,12194950,31536.9,32125.953515625,32219.7828125,32839.717057291666,33828.61193033854,-348.02623758453046,-179.85735222991178,-168.16888535461868,32219.7828125,33444.60864942615,30994.95697557386,27.61048083482831,14.862702064935066,-0.003939463845510027
2022-06-15,30551.57732644804,30607.455840076662,29876.378620102216,30067.296875,10540450,31092.665625,31845.1640625,32118.0373046875,32789.3923828125,33775.90896809896,-466.1538487034886,-237.11665152462714,-229.03719717886148,32118.0373046875,33676.597419591584,30559.47718978341,27.97568378163534,5.985410992479102,-0.017797349790259265
2022-06-16,30449.130613304857,30667.988105096465,30006.759087343096,30048.66796875,9186440,30664.264453125,31549.473828125,31999.7607421875,32730.418098958333,33722.82156575521,-554.8777433983596,-300.66886989937365,-254.20887349898595,31999.7607421875,33803.44477422902,30196.076710145975,25.678465334071802,5.401382711336948,-0.0006195736958811704
2022-06-17,29503.856733021075,29899.66289184475,29401.41278603142,29825.158203125,7291657,30257.28359375,31267.287109375,31867.28251953125,32666.49462890625,33669.590169270836,-635.8972120735598,-367.7145383342109,-268.1826737393489,31867.28251953125,33898.89371362644,29835.671325436062,25.025441465428415,11.562918541824576,-0.007438258689451582
2022-06-20,30025.386464614407,30202.335082116788,29117.360664273245,29345.53125,9595269,29979.753125,30918.97734375,31734.10537109375,32600.315266927082,33612.285481770836,-730.3881514606983,-440.24926095950843,-290.13889050118985,31734.10537109375,34055.165053356286,29413.04568883121,17.077933370322214,5.778306862811736,-0.01608128781274143
2022-06-21,29503.852930735247,29741.33659542393,28614.453323763904,29513.166015625,7526326,29759.9640625,30648.43203125,31580.67197265625,32531.880533854168,33554.62101236979,-782.7234286348321,-508.74409449457323,-273.97933414025886,31580.67197265625,34065.69457743492,29095.649367877584,12.317234899481647,20.188296044259463,0.005712446102845714
2022-06-22,29620.268416533465,29620.268416533465,28768.12109375,28768.12109375,10200810,29500.12890625,30296.397265625,31384.6314453125,32446.131966145833,33489.98403320312,-874.2407087512074,-581.8434173459001,-292.3972914053073,31384.6314453125,34108.65391922493,28660.60897140007,8.256872614210067,3.5069464491871165,-0.025244493304464655
2022-06-23,28749.49392771908,29019.573397723565,28414.22286150661,28535.29296875,13143290,29197.45390625,29930.8591796875,31207.21748046875,32359.1041015625,33429.020686848955,-954.5526081728531,-656.3852555112908,-298.1673526615623,31207.21748046875,34189.52018555362,28224.91477538388,8.466579044040031,2.64227429391069,-0.008093268386950125
2022-06-24,28684.307475627298,29252.405773034203,28591.176607199937,29135.9921875,10451950,29059.620703125,29658.4521484375,31053.0861328125,32284.383138020832,33370.77185872396,-958.6779180966769,-716.843788028368,-241.83413006830892,31053.0861328125,34132.35556828283,27973.816697342172,15.611528849406866,16.884649871883486,0.021051096948885295
2022-06-27,29354.847749329336,29736.684284139774,29089.424792205005,29508.513671875,8572714,29092.2171875,29535.98515625,30922.93603515625,32215.488313802085,33314.02340494792,-921.2680804732154,-757.7286465173376,-163.53943395587783,30922.93603515625,34033.721224776345,27812.150845536155,23.59351830142775,27.10502485743826,0.0127856117607974
2022-06-28,29545.765330777285,29736.68359375,29392.09941179925,29736.68359375,6746503,29136.920703125,29448.4423828125,30787.19794921875,32147.489290364585,33257.68694661458,-863.2580078782157,-778.8345187895131,-84.42348908870258,30787.19794921875,33853.75899378163,27720.63690465587,25.880299631220836,33.93081688726376,0.007732342076330001
2022-06-29,29387.439044085444,29480.569891951345,29210.49043314023,29238.4296875,6177527,29230.982421875,29365.5556640625,30605.35986328125,32069.19677734375,33194.94518229167,-847.7175730630042,-792.6111296442114,-55.10644341879288,30605.35986328125,33580.54490669403,27630.17481986847,24.058953172393657,23.107027830609074,-0.016755530410079822
2022-06-30,29131.332317813765,29131.332317813765,28749.495800860324,28754.15234375,7940411,29274.754296875,29236.1041015625,30392.78896484375,31981.073404947918,33129.962727864586,-864.5132304948165,-806.9915498143325,-57.521680680483996,30392.78896484375,33251.125987610954,27534.451942076543,23.426326857185643,11.774247954543423,-0.01656304216491622
2022-07-01,28917.13024838433,29033.54381621196,28251.24464041026,28460.7890625,6240988,29139.713671875,29099.6671875,30183.4771484375,31892.421321614584,33060.05322265625,-891.2224178075485,-823.8377234129757,-67.38469439457276,30183.4771484375,32958.658245392944,27408.29605148206,27.323427464811786,8.587787910347105,-0.010202466681782263
2022-07-04,28470.103515625,28637.739061349974,28186.0543964799,28470.103515625,8932236,28932.031640625,29012.1244140625,29965.55087890625,31801.246809895834,32990.90874023437,-901.2490051359564,-839.3199797575719,-61.929025378384495,29965.55087890625,32543.666358700764,27387.43539911174,28.136921241659124,11.444669862009718,0.0003272731864372158
2022-07-05,28735.523458254505,29024.22909014752,28605.140269657662,28921.78515625,7245145,28769.051953125,28952.986328125,29800.7091796875,31718.1357421875,32927.39962565104,-862.8023656979713,-844.0164569456518,-18.785908752319415,29800.7091796875,32186.694658744756,27414.723700630242,38.08137880805253,29.643449267635674,0.015865121121779735
2022-07-06,28693.61678207372,28800.717266654654,28241.932129710665,28265.21484375,9116536,28574.408984375,28902.695703125,29599.546484375,31629.896354166667,32857.88439127604,-875.2238284950181,-850.2579312555251,-24.96589723949296,29599.546484375,31771.17543548152,27427.917533268483,33.61849540915729,3.9260628658502226,-0.022701583216695576
2022-07-07,28488.72447941901,29005.600650915498,28428.189432306808,28833.30859375,6746537,28590.240234375,28932.497265625,29431.67822265625,31558.469596354167,32797.456852213545,-829.6636631252404,-846.1390776294683,16.475414504227842,29431.67822265625,31250.321612875847,27613.034832436653,41.43196365645046,32.10139351534036,0.020098688552003585
2022-07-08,29042.860648327078,29275.68781401833,28991.638671875,28991.638671875,8836853,28696.41015625,28918.0619140625,29288.25703125,31489.299186197917,32741.36572265625,-771.8832006845296,-831.2879022404807,59.40470155595108,29288.25703125,30709.571826831765,27866.942235668233,46.76324663905912,51.79666274982488,0.005491221293948856
2022-07-11,29056.824876837345,29173.238438042623,28800.715042185733,28828.654296875,6570561,28768.1203125,28850.0759765625,29193.03056640625,31417.412369791666,32680.173876953126,-730.8188204169055,-811.1940858757657,80.37526545886021,29193.03056640625,30452.746918268407,27933.314214544094,43.73402531348646,41.44121724397283,-0.005621771740626502
2022-07-12,28712.24433810339,28777.435940557727,28400.25595492906,28553.921875,5551637,28694.54765625,28731.7998046875,29090.12109375,31346.148958333335,32618.98390299479,-712.2334299816794,-791.4019546969485,79.16852471526909,29090.12109375,30187.54080752458,27992.70137997542,47.85449790516674,23.723744876042964,-0.009529838578167027
2022-07-13,28623.772355739984,28898.508417068868,28553.924204554674,28702.93359375,6840518,28782.09140625,28678.2501953125,29021.9029296875,31266.964453125,32558.157340494792,-677.6686316494488,-768.6552900874485,90.98665843799972,29021.9029296875,30029.509257198773,28014.29660217623,51.70782896878425,33.33349894668585,0.005218607776624307
2022-07-14,28488.727353671442,28810.028789991047,28404.909587675025,28600.484375,5896627,28735.5265625,28662.8833984375,28949.49375,31189.209375,32491.55056966146,-651.0378169971409,-745.131795469387,94.09397847224614,28949.49375,29848.73557042746,28050.251929572543,43.928144020225055,26.72655685397211,-0.00356929435158182
2022-07-15,28777.429979567893,28810.02577404313,28251.24072589618,28772.7734375,7255044,28691.753515625,28694.0818359375,28896.87451171875,31120.905143229167,32427.945361328126,-609.0101274034823,-717.907461856206,108.89733445272373,28896.87451171875,29698.2005764737,28095.5484469638,41.2609991764392,37.837481846274116,0.0060239910709554145
2022-07-18,29061.485825928197,29443.322364580035,29019.576937539583,29410.7265625,7193533,28808.16796875,28788.144140625,28900.13427734375,31062.77421875,32374.35369466146,-518.251316440892,-677.9762327731432,159.72491633225127,28900.13427734375,29709.633795839454,28090.634758848046,46.471795504937674,94.60467412744957,0.022172110950157586
2022-07-19,29294.309376551333,29336.218259779587,29140.643471381056,29312.935546875,4685922,28959.970703125,28827.2591796875,28890.12275390625,30996.587076822918,32322.12392578125,-449.0389807059182,-632.1887823596983,183.14980165378006,28890.12275390625,29672.18714061732,28108.05836719518,50.883013193694396,89.62935340649268,-0.003325011893779206
2022-07-20,29787.90675013797,29862.411441087195,29475.91835678808,29531.796875,6810248,29125.743359375,28953.9173828125,28928.30654296875,30934.50673828125,32274.009440104168,-372.23651507218165,-580.198328902195,207.9618138300134,28928.30654296875,29758.38816054437,28098.224925393126,59.835071837419484,80.27779540457949,0.007466373600658827
2022-07-21,29573.69926718969,29871.717965520686,29541.10347205974,29853.091796875,5550883,29376.26484375,29055.895703125,28994.196484375,30875.332942708334,32230.71095377604,-282.1912674309642,-520.5969166079489,238.40564917698464,28994.196484375,29898.787929809438,28089.60503894056,67.48527683956723,98.89502454773435,0.01087962656776198
2022-07-22,29787.90605747724,29978.824323595196,29629.583592891617,29666.8359375,6243090,29555.07734375,29123.4154296875,29020.738671875,30819.175455729168,32184.14178059896,-223.28515885957313,-461.1345650582738,237.84940619870065,29020.738671875,29972.756479438158,28068.72086431184,64.38968760230506,82.03755033307858,-0.006239081052050288
2022-07-25,29569.050954087514,29927.604800302433,29545.76823680083,29783.251953125,4950143,29629.582421875,29218.8751953125,29034.4755859375,30773.756282552084,32141.865299479166,-165.30234139498498,-401.96812032561604,236.66577893063106,29034.4755859375,30023.343418137105,28045.607753737895,61.2667972144582,88.74009733253499,0.003924112968105353
2022-07-26,29680.80323429467,29908.973827090475,29624.92472177325,29890.34765625,2281501,29745.06484375,29352.5177734375,29042.1587890625,30727.827018229167,32103.765592447915,-109.44717371452498,-343.4639310033979,234.0167572888729,29042.1587890625,30056.069750865543,28028.24782725946,74.82211278580387,94.87858836683569,0.003595836455117629
2022-07-27,29881.03398577422,29904.316698868945,29680.802653159553,29899.66015625,2100721,29818.6375,29472.1904296875,29075.2203125,30688.47919921875,32072.73212890625,-63.69586372311096,-287.5103175473405,223.81445382422953,29075.2203125,30156.93419384713,27993.506431152873,69.63976097257054,95.4176360871546,0.0003115554260892939
2022-07-28,30123.17381994786,30239.587383945185,29936.91211755214,30030.04296875,7307853,29854.027734375,29615.1462890625,29139.01484375,30645.949348958333,32043.66357421875,-16.7240333740192,-233.35306071267624,216.62902733865704,29139.01484375,30289.319626721484,27988.710060778514,69.32396665738625,89.4613741347903,0.004360678744127711
2022-07-29,30267.530178902267,30425.852644453447,30057.985739202177,30160.4296875,8390909,29952.746484375,29753.9119140625,29223.996875,30597.44375,32024.900390625,30.669065214286093,-180.54863552728378,211.21770074156987,29223.996875,30413.783618843918,28034.210131156084,75.08776887150313,87.79446784557585,0.004341875863637101
2022-08-01,30085.92197697038,30281.496767719917,29946.225697863567,30146.45703125,6077218,30025.3875,29827.4849609375,29307.81455078125,30552.119986979167,31998.791145833333,66.33627739641452,-131.1716529425441,197.50793033895863,29307.81455078125,30510.104807553816,28105.524294008686,83.26829642468367,87.1519322220578,-0.0004632777581345948
2022-08-02,30113.86171153081,30113.86171153081,29890.347661406566,29983.478515625,6319529,30044.013671875,29894.5392578125,29360.89921875,30502.76064453125,31968.646044921876,80.52357028245387,-88.83260829754452,169.3561785799984,29360.89921875,30584.980167461956,28136.818270038046,76.59557897110925,79.65732988707532,-0.0054062245343144966
2022-08-03,29997.4486404033,30193.0234375,29881.035070702885,30193.0234375,5553911,30102.686328125,29960.6619140625,29457.2896484375,30464.499479166665,31936.574951171875,107.43715739080653,-49.578655159874316,157.01581255068083,29457.2896484375,30620.1682428024,28294.411054072603,81.66666925578006,89.29329849769626,0.00698867950780957
2022-08-04,30393.25488116417,30444.47685200725,30234.932425831,30346.689453125,7454291,30166.015625,30010.0216796875,29532.95869140625,30436.715462239583,31908.691569010418,139.55720372337964,-11.75148338322353,151.30868710660317,29532.95869140625,30721.546977837334,28344.370404975165,81.5298765872634,93.13724438542177,0.005089454388133463
2022-08-05,30439.817494164443,30640.0488162157,30439.817494164443,30546.91796875,6228446,30243.31328125,30098.0298828125,29610.72265625,30412.34619140625,31881.941178385416,179.1047318261226,26.419759658645695,152.6849721674769,29610.72265625,30852.509688804505,28368.935623695495,77.60174683428988,93.78881449325685,0.0065980348839791425
2022-08-08,30337.377052749885,30518.982226204567,30314.094338204413,30491.04296875,5426099,30312.23046875,30168.808984375,29693.84208984375,30395.8154296875,31850.823470052084,203.5909178687143,61.853991300659416,141.7369265680549,29693.84208984375,30937.759716291763,28449.92446339574,79.21499984016754,87.20024493311819,-0.0018291534372522067
2022-08-09,30500.353816220126,30635.393550673616,30346.68791149718,30588.828125,6100712,30433.300390625,30238.65703125,29795.58740234375,30368.497102864585,31818.1490234375,228.25565252751403,95.13432354603034,133.12132898148369,29795.58740234375,30978.301700379303,28612.873104308197,77.88713234536348,95.33910476184406,0.00320701251020572
2022-08-10,30425.852150964645,30458.447952167087,30202.338085576477,30230.27734375,6396791,30440.751171875,30271.71875,29871.95458984375,30337.298274739584,31785.164322916666,216.37632929691608,119.3827246962075,96.99360460070858,29871.95458984375,30950.236491211945,28793.672688475555,59.759251679022455,62.55334507674317,-0.011721625287009929
2022-08-11,30574.8611328125,30733.18359375,30570.20458984375,30733.18359375,6979981,30518.05,30342.0328125,29978.58955078125,30309.28134765625,31761.917057291666,244.72121760003938,144.45042327697388,100.2707943230655,29978.58955078125,30943.276019775556,29013.903081786942,73.7060805529986,100.0,0.016635846382797803
2022-08-12,30700.58633520047,30896.161130601417,30700.58633520047,30849.595703125,6411616,30578.585546875,30410.9494140625,30082.4306640625,30282.1958984375,31734.59064127604,273.42634146174896,170.2456069139289,103.18073454782007,30082.4306640625,30941.98313068448,29222.87819744052,73.70603488551832,96.33699702486173,0.00378783112461778
2022-08-16,31059.139051796337,31091.73484990167,30891.503518683192,30928.755859375,6804788,30666.128125,30489.179296875,30158.33212890625,30264.190592447918,31706.0876953125,299.1149114649488,196.01946782413287,103.09544364081594,30158.33212890625,31036.04493321396,29280.61932459854,73.3753357925143,88.44884319012685,0.002566003036531983
2022-08-17,30984.63455399705,31073.10886366431,30733.181252837472,30770.43359375,7081131,30702.44921875,30567.8748046875,30231.20703125,30234.0005859375,31677.336490885416,303.2028706316705,217.45614838564043,85.74672224603009,30231.20703125,31053.66313304302,29408.75092945698,68.36941545642128,73.46152517147563,-0.0051189341836073154
2022-08-18,30607.454105864537,30719.211126789647,30411.879319245596,30654.01953125,7571930,30787.19765625,30613.9744140625,30287.3181640625,30200.085384114584,31647.42392578125,293.6637923932685,232.69767718716605,60.96611520610247,30287.3181640625,31060.512270013754,29514.124058111247,63.241145380876276,63.84608916495051,-0.003783309134897772
2022-08-19,30686.614722593582,30686.614722593582,30439.817972927805,30477.0703125,4518760,30735.975,30627.0125,30318.51708984375,30173.3103515625,31620.16806640625,268.72795247835893,239.90373224540465,28.824220232954275,30318.51708984375,31067.92727567723,29569.10690401027,56.58908679451414,49.2306393407917,-0.005772463822227625
2022-08-22,30151.111807336012,30244.24265461736,30016.07207877806,30081.263671875,5786119,30582.30859375,30580.4470703125,30339.2384765625,30137.687760416666,31588.61915690104,214.55458004527463,234.83390180537867,-20.27932176010404,30339.2384765625,31033.680709264998,29644.79624386,48.82939437405091,16.538253711801474,-0.012987030464757687
2022-08-23,29871.721475005877,29988.13504271829,29671.49013854052,29704.0859375,6152631,30337.374609375,30501.7513671875,30335.28017578125,30097.563932291665,31561.30984700521,139.57773588066266,215.78266862043546,-76.2049327397728,30335.28017578125,31043.825303400383,29626.735048162114,45.341591848298634,2.2950832837982897,-0.012538626651102058
2022-08-24,29801.875487900077,29904.319434889734,29685.461911775466,29825.158203125,5808668,30148.31953125,30425.384375,30332.020703125,30053.79248046875,31531.911002604167,88.90275111914889,190.40668512017817,-101.50393400102928,30332.020703125,31049.724488482927,29614.31691776707,43.67999989262372,10.819830086690132,0.004075946517248408
2022-08-25,29941.567412953318,30174.39453125,29908.971616391784,30174.39453125,5407046,30052.39453125,30419.79609375,30345.757421875,30008.77919921875,31503.318619791666,76.04629919210493,167.53460793456352,-91.4883087424586,30345.757421875,31038.707690529074,29652.80715322093,47.22632543064823,35.40970008101635,0.011709454338733716
2022-08-26,30318.750092776452,30439.820205264885,30165.0841807719,30193.0234375,4996787,29995.58515625,30365.780078125,30353.9064453125,29961.90341796875,31476.029134114582,66.59302254906652,147.3462908574641,-80.7532683083976,30353.9064453125,31034.955060602213,29672.857830022785,43.94906628195881,36.721368844925784,0.0006173746495794497
2022-08-29,29471.256151664726,29583.013166618104,29406.064559608585,29466.599609375,6758410,29872.65234375,30227.48046875,30319.21494140625,29908.896321614582,31437.369026692708,0.47937481536064297,117.97290764904344,-117.49353283368279,30319.21494140625,31104.472449859484,29533.95743295302,35.751219329324044,3.5911559997827194,-0.024059327136572106
2022-08-30,29606.301068860404,29801.87587931843,29559.735637798967,29787.90625,4446039,29889.41640625,30113.3955078125,30301.28740234375,29858.217610677082,31405.78536783854,-25.693231134868256,89.23967989226111,-114.93291102712936,30301.28740234375,31118.85827564959,29483.716529037913,39.512246522257755,22.652216900911547,0.010904096328874457
2022-08-31,29513.167607576404,30132.487786151298,29466.602180615886,30016.07421875,7892835,29927.599609375,30037.9595703125,30302.9171875,29821.508528645834,31382.376578776042,-27.70460032795745,65.8508238482174,-93.55542417617485,30302.9171875,31117.946548133037,29487.88782686696,47.09593231397571,36.18795814662864,0.007659751807833182
2022-09-01,29634.239453125,29657.52216796875,29317.59453125,29336.220703125,13628110,29759.96484375,29906.1796875,30260.07705078125,29772.30439453125,31356.859749348958,-83.19806632307882,36.04104581395816,-119.23911213703698,30260.07705078125,31182.432843432613,29337.721258129885,31.927715409746597,1.0498702768423074,-0.02264964800761049
2022-09-02,29461.943911487433,29489.88316602654,29056.824720670393,29173.23828125,10253320,29556.0078125,29775.796484375,30201.4044921875,29722.013802083333,31324.39988606771,-138.72917371871154,1.0870019074242236,-139.81617562613576,30201.4044921875,31242.242556260047,29160.56642811495,28.571435704695034,5.720820733423965,-0.005555672065749029
2022-09-05,29168.581738826815,29434.004656948324,29061.481263093578,29173.23828125,7281688,29497.335546875,29684.9939453125,30132.7205078125,29677.2333984375,31292.97286783854,-180.65549234812352,-35.26149694368532,-145.3939954044382,30132.7205078125,31255.618995031182,29009.82202059382,27.096020251162116,5.773668408002673,0.0
2022-09-06,29243.086417597766,29392.095775139667,29080.107432786313,29173.23828125,7524220,29374.401953125,29631.9091796875,30066.8302734375,29651.234309895834,31262.04314778646,-211.44499563500722,-70.49819668194971,-140.9467989530575,30066.8302734375,31254.01274131748,28879.647805557517,28.263652398758595,7.002797914557545,0.0
2022-09-07,28973.006218112245,28973.006218112245,28577.200122236394,28749.4921875,9564382,29121.085546875,29524.342578125,29974.8634765625,29620.190657552084,31229.953857421875,-266.96130345937127,-109.79081803743402,-157.17048542193726,29974.8634765625,31271.69366455118,28678.033288573817,26.081899402095317,8.167766793423706,-0.014525164798806278
2022-09-08,28949.725870097296,28954.382412781884,28730.868363921556,28805.373046875,6406307,29014.916015625,29387.4404296875,29903.61826171875,29599.15859375,31194.27548828125,-302.95695979943775,-148.42404638983479,-154.53291340960297,29903.61826171875,31294.517596461366,28512.718926976137,28.347478958645866,12.250105467971357,0.0019437163971647298
2022-09-13,29331.565798978412,29787.907035412747,29275.68728023135,29713.40234375,5592132,29122.948828125,29339.4783203125,29852.62919921875,29593.570833333335,31161.994466145832,-255.2707983801265,-169.79339678789313,-85.47740159223338,29852.62919921875,31189.188830080828,28516.069568356674,45.79347243942194,61.00021318712617,0.03152291398543472
2022-09-14,28861.248965827337,29257.055058453236,28796.05737410072,29126.671875,7826668,29113.635546875,29305.485546875,29766.4830078125,29581.92939453125,31124.21201171875,-261.80548653160076,-188.19581473663465,-73.60967179496612,29766.4830078125,31053.667517821843,28479.29849780316,43.699185085852,29.499937092388855,-0.019746323963920398
2022-09-15,29191.865902582394,29233.774786475078,28931.0995139168,28963.6953125,7403788,29071.726953125,29223.064453125,29668.22998046875,29575.565462239585,31087.940364583334,-276.94269748752413,-205.94519128681256,-70.99750620071157,29668.22998046875,30879.62548526646,28456.83447567104,40.68479882946725,20.750081768429744,-0.005595440605072555
2022-09-16,28688.960451116218,28819.34365069928,28605.142679955676,28758.80859375,8142741,29073.590234375,29097.337890625,29567.64873046875,29562.992838541668,31047.436686197918,-301.990533236607,-225.15425967677146,-76.83627355983555,29567.64873046875,30726.630885948227,28408.666574989275,34.19968590341138,9.75016178384177,-0.00707391500081056
2022-09-19,28824.001370882255,28879.879887271687,28498.043358610565,28553.921875,6177702,29023.3,29019.1080078125,29462.64384765625,29559.4228515625,31002.777408854166,-334.51765808860364,-247.02693935913788,-87.49071872946575,29462.64384765625,30587.231106383762,28338.05658892874,32.43520309963556,3.4188079721690507,-0.007124311776758652
2022-09-20,28754.149009819903,28893.845280312955,28609.796196977084,28651.705078125,5210543,28810.960546875,28966.9546875,29371.3755859375,29561.363053385416,30960.23357747396,-348.3893361924347,-267.29941872579724,-81.08991746663747,29371.3755859375,30444.420550929364,28298.33062094564,39.90775312980452,9.401464921364289,0.0034245104246297675
2022-09-21,28437.505170847176,28535.292563771327,28325.74815036243,28386.283203125,7105697,28662.8828125,28888.2591796875,29286.6265625,29548.867903645834,30916.625520833335,-376.46046620321795,-289.1316282212814,-87.32883798193654,29286.6265625,30390.885216305465,28182.367908694538,32.39762191744802,3.3505133536376657,-0.009263737507986702
2022-09-22,28046.359276210096,28139.49013882411,27892.693352896975,28078.955078125,13016860,28485.934765625,28778.830859375,29205.37001953125,29525.041927083334,30870.26512044271,-418.6795727221688,-315.0412171214589,-103.63835560070993,29205.37001953125,30414.478838610958,27996.26120045154,26.146824955903824,9.828006569727531,-0.010826641966503292
2022-09-23,28074.298744831893,28125.520719652453,27659.866403101914,27734.37109375,9183764,28281.047265625,28677.31875,29100.8306640625,29491.670052083333,30819.579671223957,-474.4741241874799,-346.9277985346631,-127.54632565281679,29100.8306640625,30438.964915692308,27762.696412432695,28.500027001223174,3.5010934244794596,-0.012271966083362118
2022-09-26,27380.46969126506,27417.72203098107,26998.63320917599,27054.51171875,10502040,27981.165234375,28502.2326171875,28944.8365234375,29455.271419270834,30762.23409830729,-567.0144878803803,-390.9451364038066,-176.06935147657373,28944.8365234375,30470.308941646676,27419.364105228327,25.02746364807487,2.003335386020522,-0.024513242889189102
2022-09-27,27077.799021726296,27129.020997519758,26793.74988323527,27105.73828125,8734976,27671.971875,28241.4662109375,28790.472265625,29427.7978515625,30704.435628255207,-628.9694688320269,-438.5500028894507,-190.4194659425762,28790.472265625,30406.26988577461,27174.674645475392,25.92200856158931,10.419907244609398,0.0018934572921711634
2022-09-28,26793.74883596777,27003.293274205265,26225.650581190563,26439.8515625,12791890,27282.685546875,27972.7841796875,28639.13486328125,29394.115559895832,30643.268440755208,-723.4611212860873,-495.532226568778,-227.92889471730928,28639.13486328125,30531.58627138248,26746.683455180024,22.441401050125947,6.013070200365682,-0.024566263860468895
2022-09-29,26765.81096088248,26942.759606761665,26449.166015625,26449.166015625,7949033,26956.727734375,27721.33125,28472.1978515625,29360.433268229168,30580.8400390625,-788.5054382439812,-554.1268689038187,-234.37856934016247,28472.1978515625,30520.583460523587,26423.812242601416,24.692739590921107,6.2745464091872,0.00035228840460699296
2022-09-30,26346.719628647217,26626.112201591513,26095.266312997348,26332.75,7626010,26676.403515625,27478.725390625,28288.031640625,29317.282682291665,30517.709212239584,-839.7670161583555,-611.2548983547262,-228.5121178036294,28288.031640625,30412.861596502244,26163.201684747753,23.154768442985343,6.431269783736533,-0.00440150043128873
2022-10-04,26714.58352947762,27035.884952439785,26686.644275306997,26970.693359375,4502303,26659.63984375,27320.4025390625,28169.7552734375,29295.70732421875,30462.801839192707,-819.4691580367617,-652.8977502911333,-166.57140774562833,28169.7552734375,30312.192644746836,26027.31790212816,18.367306483694463,27.687714672139712,0.024226233848534617
2022-10-05,27441.005827345503,27441.005827345503,26868.251081585535,26975.3515625,10693950,26633.5625,27152.7671875,28059.8609375,29264.741373697918,30411.60548502604,-793.8560033271133,-681.0894008983294,-112.76660242878393,28059.8609375,30211.03035037528,25908.691524624723,21.339970774719717,28.041512614667052,0.00017271351028802506
2022-10-06,27194.20986639918,27413.067377310268,27101.079010692334,27273.37109375,12374320,26800.26640625,27041.4759765625,27964.867578125,29236.103580729166,30362.70138346354,-740.9682869924654,-693.0651781171566,-47.90310887530882,27964.867578125,30076.452124183008,25853.28303206699,28.263492545080638,42.096535224185175,0.01104784605158926
2022-10-07,26980.00947608719,27305.96747804199,26919.4744185813,27170.927734375,10320180,26944.61875,26950.6732421875,27864.75205078125,29208.4748046875,30312.943587239584,-699.2600787944684,-694.304158252619,-4.955920541849423,27864.75205078125,29924.336449071547,25805.167652490956,29.028305512777848,38.43598604649791,-0.00375616783942323
2022-10-11,26635.42499945329,26640.081542285363,26383.97168652139,26616.798828125,10921720,27001.428515625,26838.916015625,27758.1173828125,29176.189420572915,30261.169189453125,-702.8179471858384,-696.0069160392629,-6.811031146575488,27758.1173828125,29845.481400855326,25670.753364769673,26.576582321230603,18.63561904875978,-0.020394184242334523
2022-10-12,26565.576187120558,26849.62529271466,26546.950016261926,26844.96875,9665913,26976.28359375,26817.96171875,27660.09716796875,29145.22333984375,30206.093896484374,-679.394540366422,-692.6844409046947,13.289900538272718,27660.09716796875,29724.38536349921,25595.80897243829,28.82102308500677,30.725179155955622,0.008572402840340887
2022-10-13,26747.18291137846,26765.809083322318,26416.568359375,26416.568359375,11078770,26864.526953125,26749.0447265625,27495.25546875,29108.824739583335,30149.017057291665,-687.4748705678321,-691.6425268373222,4.167656269490067,27495.25546875,29388.62080282782,25601.890134672183,27.760317201289624,15.71755706583184,-0.015958312137167252
2022-10-14,26803.062005248667,27166.27236598692,26803.062005248667,27059.171875,10890570,26821.687109375,26810.9767578125,27391.88046875,29080.264713541666,30100.584928385415,-634.7093232334009,-680.2558861165379,45.54656288313697,27391.88046875,29129.566465884192,25654.19447161581,39.29620896510074,47.477082617971526,0.024325775660294813
2022-10-17,26700.61690133276,27119.705760963025,26635.42530094583,27077.796875,7384949,26803.0609375,26873.83984375,27297.585546875,29041.382552083334,30052.078385416666,-584.6498850285534,-661.134685898941,76.48480087038763,27297.585546875,28873.261904374845,25721.909189375157,42.60230623652128,73.01045644621402,0.0006883063563820624
2022-10-18,27473.604493845498,27473.604493845498,27101.081043081493,27427.0390625,6971894,26965.108984375,26983.26875,27230.9970703125,29009.950944010416,30003.269010416665,-510.90707506716717,-631.0891637325864,120.1820886654192,27230.9970703125,28651.59707978177,25810.39706084323,54.53518696762068,96.6216250850104,0.012897732748059942
2022-10-19,27445.663666659533,27599.329581318467,27198.866894631545,27203.5234375,8116868,27036.819921875,27006.5517578125,27163.4771484375,28971.14638671875,29952.8265625,-465.13937267500296,-597.8992055210697,132.75983284606673,27163.4771484375,28440.434205988295,25886.52009088671,51.1425188814789,73.68420915828376,-0.00814946245165793
2022-10-20,27049.85467332001,27096.420097099177,26784.431757778737,26938.09765625,8545515,27141.12578125,27002.8263671875,27077.79677734375,28922.563151041668,29898.948046875,-445.15431918912145,-567.35022825468,122.19590906555857,27077.79677734375,28147.43447571279,26008.159078974706,56.422507552870094,56.0369607452382,-0.0097570368728086
2022-10-21,26858.938774905124,27156.95751304554,26840.312603771345,26993.978515625,6552147,27128.087109375,26974.887109375,27008.18154296875,28878.01552734375,29848.59549153646,-419.9657976851995,-537.873342140784,117.90754445558446,27008.18154296875,27882.680615800247,26133.68247013725,56.9394509618169,59.752287124917416,0.0020744174324438536
2022-10-24,27417.72175696462,27524.822232577764,27161.61192397667,27245.4296875,7609488,27161.613671875,26982.3373046875,26966.5052734375,28835.718489583334,29804.737386067707,-375.3864831073697,-505.3759703341011,129.9894872267314,26966.5052734375,27693.07594583903,26239.934601035966,61.238491952784535,70.88101411662319,0.009315083796538337
2022-10-25,27282.68525390625,27482.916601562498,27203.524023437498,27287.341796875,6172207,27133.67421875,27049.3916015625,26944.15380859375,28792.33505859375,29760.08103841146,-332.8383449198118,-470.8684452512433,138.03010033143153,26944.15380859375,27594.801238648586,26293.506378538914,54.569931875531346,74.32955462921005,0.0015383170629248433
2022-10-26,27278.026771716104,27617.95438426907,27236.117887976696,27473.6015625,3811327,27187.68984375,27112.2548828125,26965.10830078125,28751.900748697917,29720.189973958335,-280.85155056437725,-432.8650663138701,152.01351574949285,26965.10830078125,27656.442497146083,26273.774104416414,56.83268409121102,88.30187635267916,0.006825866990324725
2022-10-27,27711.772045617818,28071.361942401196,27683.75205366067,28034.001953125,7998093,27406.870703125,27273.9982421875,27011.521484375,28718.6333984375,29682.291373697917,-192.21626399029628,-384.73530584915534,192.51904185885905,27011.521484375,27851.30871168029,26171.73425706971,59.73057236132966,97.7859307207676,0.020397776729423
2022-10-28,27827.795465971634,28001.191968538315,27663.77174732748,27673.14453125,8458719,27542.70390625,27335.3955078125,27073.1861328125,28677.178645833334,29637.311197916668,-149.36851170730006,-337.6619470207843,188.29343531348422,27073.1861328125,27917.335068060373,26229.03719756463,56.026303072175956,76.40039642497729,-0.012872133720985723
2022-10-31,27973.07735913253,28151.160277485193,27813.74001113278,28085.55078125,6592231,27710.728125,27436.1708984375,27155.00537109375,28642.830208333333,29597.47509765625,-81.19762588207595,-286.36908279304265,205.1714569109667,27155.00537109375,28059.541726637115,26250.469015550385,68.24468418056972,96.21758319347683,0.014902760672329318
2022-11-01,28160.534213395276,28516.700064654728,28118.35667837771,28512.013671875,7492177,27955.6625,27544.668359375,27263.9685546875,28618.305794270833,29560.53321940104,7.157773100727354,-227.66371161428864,234.821484715016,27263.9685546875,28270.713357284632,26257.22375209037,69.73561357434299,99.77685243416182,0.015184423262573521
2022-11-02,28371.4214292514,28586.99549362959,28310.49832410104,28460.462890625,6338612,28153.034765625,27670.3623046875,27338.45703125,28589.42978515625,29526.96463216146,72.18820544508708,-167.6933282024135,239.8815336475006,27338.45703125,28466.93149345906,26209.98256904094,76.56759023811651,93.51636935843001,-0.0018080371959434682
2022-11-03,27982.45030220235,28479.20791935751,27869.976879450238,28301.125,6889893,28206.459375,27806.6650390625,27404.745703125,28555.337044270833,29496.026253255208,109.60460184228577,-112.23374219347366,221.83834403575943,27404.745703125,28597.346548033904,26212.1448582161,68.46315730791208,85.35176983634561,-0.005598569891057115
2022-11-04,28179.280816221584,28549.505859375,28080.86656424409,28549.505859375,7785493,28381.731640625,27962.2177734375,27468.55244140625,28522.046842447915,29467.196516927084,157.48424476069704,-58.290144802639524,215.77438956333657,27468.55244140625,28763.701302016496,26173.403580796003,70.4797465182406,97.92020478893664,0.008776359928271305
2022-11-07,28638.547020286867,28896.29862986235,28572.937519667656,28854.12109375,8097421,28535.445703125,28123.0869140625,27552.712109375,28494.764811197918,29445.290120442707,217.5018840371049,-3.1317390346906393,220.63362307179554,27552.712109375,28978.583089201955,26126.841129548044,70.10848685333085,98.00283168082761,0.010669720025118012
2022-11-08,29074.38048976345,29332.132089850005,29004.084598830752,29271.208984375,9122938,28687.284765625,28321.4736328125,27685.4326171875,28472.8044921875,29420.650797526043,295.3175655253217,56.558121877311834,238.75944364800986,27685.4326171875,29233.42054167936,26137.44469269564,77.62786422599285,97.60870206326523,0.014455054419084234
2022-11-09,29407.11660633075,29678.927405241855,29336.820710060634,29561.767578125,8762093,28907.545703125,28530.290234375,27821.27255859375,28461.662662760416,29399.48046875,376.0972885229239,120.46595520643424,255.63133331648967,27821.27255859375,29527.451422434704,26115.0936947528,84.82289646290648,95.87264087201399,0.009926429547378879
2022-11-10,29336.821156586127,29547.708848606315,29191.54296875,29191.54296875,9085819,29085.629296875,28646.0443359375,27960.0212890625,28435.96865234375,29372.625,405.5666492287637,177.48609401090016,228.08055521786355,27960.0212890625,29636.288627604456,26283.753950520546,76.92100083694983,80.63872247562315,-0.012523764297807327
2022-11-11,30124.134579024543,30395.945376408396,30091.329827616144,30363.140625,16211530,29448.35625,28915.0439453125,28125.2197265625,28427.861067708334,29355.028483072918,517.4941192350052,245.48769905572118,272.006420179284,28125.2197265625,30059.102393478348,26191.337059646652,81.16680971835089,98.97241786777717,0.04013483143060359
2022-11-14,30400.629335221536,30480.298010834107,30152.25052301763,30170.99609375,11317750,29711.73125,29123.5884765625,28279.8796875,28415.23173828125,29339.711165364584,583.9614437357886,313.18244799173465,270.778995744054,28279.8796875,30350.945904076554,26208.813470923447,77.98640136630821,90.46594500395126,-0.0063282166236714454
2022-11-15,30260.03795524512,30325.64745367681,30053.836674459802,30255.3515625,6874640,29908.559765625,29297.922265625,28421.2953125,28406.647037760416,29320.323811848957,636.1113627892737,377.76823095124246,258.34313183803124,28421.2953125,30628.910456602956,26213.68016839704,77.54218572936931,92.01333744873217,0.0027959126204479823
2022-11-16,30316.269172389042,30316.269172389042,29871.061942310676,30199.109375,9267661,30036.028125,29471.7869140625,28571.074609375,28399.065201822916,29299.57529296875,665.2338728706163,435.2613593351173,229.97251353549905,28571.074609375,30836.53191011817,26305.617308631827,73.81425510459681,90.01647385726764,-0.0018589170046104941
2022-11-17,30039.779483311057,30072.584234696886,29763.282293059052,29800.7734375,6539407,30157.87421875,29621.7517578125,28714.2083984375,28387.793587239583,29280.55196940104,648.6935552947944,477.9477985270527,170.74575676774163,28714.2083984375,30905.78123230084,26522.635564574157,73.21066200754267,74.51679005631159,-0.013190320699648095
2022-11-18,29800.775522988082,30091.33191273887,29711.734048709615,29735.166015625,7653425,30032.279296875,29740.3177734375,28851.2677734375,28382.02529296875,29259.856526692707,623.1084573830303,506.9799302982483,116.12852708478204,28851.2677734375,30929.813202082583,26772.722344792415,69.46907203899886,71.4543936280333,-0.0022015341988554926
2022-11-21,29805.458438393423,29814.831224065874,29407.115047314266,29505.529296875,10615730,29899.1859375,29805.45859375,28964.27275390625,28378.716015625,29238.139973958332,577.6436030232908,521.1126648432568,56.53093818003401,28964.27275390625,30917.171133808082,27011.37437400442,62.2969723165825,62.65713431809324,-0.007722732021382739
2022-11-22,29435.23633031215,29575.828129374302,29294.64453125,29294.64453125,7751187,29707.04453125,29807.8021484375,29064.637890625,28369.87412109375,29211.83330078125,518.6174412041437,520.6136201154342,-1.9961789112904853,29064.637890625,30854.150747231182,27275.125034018816,59.93307573911818,54.57825225681985,-0.007147296477997278
2022-11-23,29505.525973800253,29585.194643043364,29378.993381472967,29491.466796875,7472325,29565.516015625,29800.7720703125,29165.53115234375,28358.4919921875,29183.635595703126,482.1626240315454,512.9234208986564,-30.760796867111026,29165.53115234375,30797.99068300336,27533.071621684136,64.0486656816123,58.788936630617336,0.006718711517903486
2022-11-24,29697.672854022356,29782.02792919553,29585.199420458124,29767.96875,11526270,29558.955078125,29858.4146484375,29252.2294921875,28351.407747395835,29156.65558268229,470.16356268940217,504.37144925680565,-34.20788656740348,29252.2294921875,30814.321898251863,27690.137086123137,64.28573064228117,62.65366383894844,0.009375659577376405
2022-11-25,29786.710916505297,29819.5156642107,29636.746355566313,29646.119140625,4544368,29541.145703125,29786.7125,29350.87822265625,28354.399739583332,29131.648030598957,445.6844026257386,492.6340399305923,-46.949637304853695,29350.87822265625,30731.773321760964,27969.983123551538,59.70146039991253,43.49198676653053,-0.00409331286250425
2022-11-28,29458.6680350106,29468.040821531446,29210.289192208253,29285.271484375,6537635,29497.094140625,29698.1400390625,29410.8642578125,28346.022493489585,29102.120052083334,392.64098096473754,472.63542813742134,-79.9944471726838,29410.8642578125,30658.086246818148,28163.642268806852,50.17466299744992,7.272795260876509,-0.012171834516967794
2022-11-29,29271.208892281447,29627.374738553204,29205.599394284018,29618.001953125,6566545,29561.765625,29634.405078125,29466.163671875,28339.387955729166,29080.4482421875,373.15080502276396,452.7385035144899,-79.58769849172592,29466.163671875,30641.590664561612,28290.73667918839,50.69121680277179,33.09077136065772,0.01136169999064296
2022-11-30,29458.666243667183,30063.2109375,29458.666243667183,30063.2109375,4160884,29676.114453125,29620.815234375,29546.30107421875,28351.504459635416,29061.904427083333,389.1435399468828,440.01951080096853,-50.87597085408572,29546.30107421875,30649.342537655935,28443.259610781566,60.520363057589094,67.27955393385982,0.015031702174900685
2022-12-01,30494.358181877615,30564.65407441306,30189.742647557337,30241.29296875,7577432,29770.779296875,29664.8671875,29643.30947265625,28369.30537109375,29045.659586588543,411.4447502584044,434.30455869245577,-22.859808434051388,29643.30947265625,30619.19394846615,28667.42499684635,48.065449611018494,76.20690981820113,0.005923586526410007
2022-12-02,30133.504681432278,30133.504681432278,29566.451171875,29566.451171875,8153695,29754.845703125,29647.995703125,29694.15673828125,28375.858919270835,29026.546158854166,370.39484576306495,421.52261610657763,-51.12777034351268,29694.15673828125,30525.32039797052,28862.99307859198,41.67739950966816,26.55167469470168,-0.02231524285593056
2022-12-05,29669.551142744276,29758.59260092026,29388.367590609596,29472.72265625,9855214,29792.3359375,29644.7150390625,29725.08681640625,28380.850325520834,29016.042317708332,326.5352971682769,402.52515231891755,-75.98985515064066,29725.08681640625,30465.740391594933,28984.433241217565,39.25350094080744,19.655078332876098,-0.0031700969142404167
2022-12-06,29219.658711145115,29402.42802786278,29079.0669290546,29097.8125,5119207,29688.298046875,29625.0318359375,29716.4169921875,28386.6556640625,29003.42316080729,258.5438401106112,373.7288898772563,-115.18504976664508,29716.4169921875,30483.04478593068,28949.78919844432,36.0946952770733,1.2618291026527093,-0.012720581013932808
2022-12-07,28994.712168721657,29116.558381164967,28915.043491354878,28933.7890625,3129663,29462.413671875,29569.2640625,29685.01806640625,28388.795930989585,28993.97726236979,189.24332073368714,336.83177604854245,-147.5884553148553,29685.01806640625,30526.136809061154,28843.899323751346,38.364736682627836,1.136363414350192,-0.005636967985136354
2022-12-08,28957.22102643141,28994.712168721657,28736.96056547619,28933.7890625,7341164,29200.912890625,29485.84609375,29672.13037109375,28375.802376302083,28984.686604817707,132.79142297987346,296.0237054348086,-163.23228245493516,29672.13037109375,30552.087188444435,28792.173553743065,39.052431888705975,10.769228870233281,0.0
2022-12-09,29079.066882492294,29313.386518934618,28966.59345699998,29271.208984375,5317174,29141.864453125,29448.355078125,29617.5337890625,28378.211328125,28980.070361328126,113.96612451344117,259.61218925053515,-145.64606473709398,29617.5337890625,30451.25292059481,28783.814657530194,46.89053153218532,29.23074444848085,0.011661795181617585
2022-12-12,29065.009441205493,29149.364515365716,28990.027153063074,29088.44140625,5504100,29065.008203125,29428.6720703125,29563.4060546875,28380.2904296875,28977.92794596354,83.33844997263441,224.357441394955,-141.0189914223206,29563.4060546875,30386.326150330595,28740.485959044407,47.243077925821936,19.230841443336846,-0.006243936771541003
2022-12-13,29243.088771767172,29266.520733924037,28961.905225884795,29065.005859375,6070944,29058.446875,29373.3724609375,29503.88876953125,28385.393717447918,28974.193277994793,56.52318042530533,190.79058920102509,-134.26740877571976,29503.88876953125,30287.33004095006,28720.447498112444,44.02104087142724,17.94859435100943,-0.0008056652657217889
2022-12-14,29172.796171538685,29425.861391339982,29163.423385620117,29393.056640625,4928094,29150.300390625,29306.35703125,29463.5861328125,28399.379296875,28979.40107421875,61.03922039050303,164.84031543892067,-103.80109504841764,29463.5861328125,30176.168108502363,28751.004157122636,44.818645157563616,35.89748893568298,0.01128679563448931
2022-12-15,29214.971837381447,29252.462978654956,28905.669921875,28905.669921875,7233435,29144.6765625,29172.7947265625,29418.83095703125,28403.612044270834,28982.487548828125,25.001972481291887,136.87264684739492,-111.87067436610303,29418.83095703125,30154.313154342857,28683.34875971964,40.705892274547224,9.230724712533652,-0.016581695626591286
2022-12-16,28474.524809364313,28807.258723364455,28469.83841620938,28769.767578125,5847327,29044.38828125,29093.1263671875,29370.56103515625,28410.003450520835,28979.435677083333,-14.358473928845342,106.62642269214687,-120.98489662099222,29370.56103515625,30144.349050538163,28596.773019774337,43.14213764052826,14.317687608503565,-0.004701580835777541
2022-12-19,28699.470836726385,28900.985736461727,28657.293299572477,28774.453125,4226027,28981.590625,29023.2994140625,29334.0072265625,28421.595084635417,28973.318505859374,-44.659025366378046,76.36933308044189,-121.02835844681994,29334.0072265625,30148.928221245445,28519.08623187955,37.70495910069934,14.541361078608228,0.0001628635637140885
2022-12-20,28666.66234673951,28765.076587262894,28418.28354922812,28535.443359375,5809168,28875.678125,28967.0625,29296.04716796875,28434.9462890625,28963.308170572916,-86.95614497138013,43.70423747007749,-130.6603824414576,29296.04716796875,30185.966453274745,28406.127882662757,26.308128176843766,5.458508154680594,-0.008306318267343293
2022-12-21,28708.842820706082,28713.529213592257,28432.345640421776,28465.150390625,5724378,28690.096875,28920.1986328125,29244.73134765625,28458.45693359375,28956.864176432293,-124.71137698417078,10.02111457922783,-134.7324915633986,29244.73134765625,30202.945359918995,28286.517335393502,21.50379945162554,2.7324081144367764,-0.002463356460410737
2022-12-22,28596.368966357873,28835.375,28530.759466926702,28835.375,4637378,28676.037890625,28910.3572265625,29198.10166015625,28487.284212239585,28957.54103190104,-123.33688761972735,-16.650485860563208,-106.68640175916414,29198.10166015625,30139.72798320055,28256.47533711195,37.00002986814256,31.119050508933206,0.013006241115695483
2022-12-23,28512.01568572226,28586.997975494047,28287.068816406896,28338.619140625,7174835,28589.808203125,28817.0982421875,29132.72666015625,28518.930338541668,28956.52294921875,-160.48170795248734,-45.41673027894804,-115.0649776735393,29132.72666015625,30123.648437754346,28141.804882558157,32.36156988015267,4.526752751363254,-0.017227307062072206
2022-12-26,28310.497081277867,28413.597716236996,28240.20119380573,28380.79296875,5992640,28511.076171875,28746.3333984375,29087.502734375,28551.12412109375,28955.778694661458,-184.39062981060852,-73.21151018528013,-111.17911962532838,29087.502734375,30130.310547104476,28044.694921645525,37.56093924711144,11.857678552139218,0.0014882104140543362
2022-12-27,28502.641866878792,28647.92004804835,28451.091544528303,28582.310546875,2912644,28520.449609375,28698.0638671875,29035.7181640625,28588.616796875,28952.949739583335,-184.9458970591586,-95.55838756005582,-89.38750949910278,29035.7181640625,30070.43506189579,28001.001266229207,43.980755221102896,28.85391225755365,0.00710049146078795
2022-12-28,28451.087982334702,28488.579121168284,28212.081972270615,28244.88671875,7272311,28476.396875,28583.246875,28944.801953125,28609.853352864582,28952.780338541666,-210.19029048540688,-118.48476814512604,-91.70552234028084,28944.801953125,29917.0368560647,27972.5670501853,39.42443308019631,2.7026942427922784,-0.011805337695552143
2022-12-29,28090.23725766599,28127.728398483698,27738.7578125,27738.7578125,5512087,28257.0734375,28466.5556640625,28819.6751953125,28622.576790364583,28943.65908203125,-267.948285942035,-148.37747170450785,-119.57081423752714,28819.6751953125,29731.632345849423,27907.718044775575,27.633386108334903,0.0,-0.017919310892969942
2023-01-02,27804.36564564656,27959.016592268224,27546.61406794379,27574.732421875,5627556,28104.29609375,28347.0521484375,28720.0892578125,28627.599479166667,28931.851529947915,-323.2313815098569,-183.34825366557766,-139.88312784427922,28720.0892578125,29719.48631098547,27720.692204639527,27.785399030377945,1.4962561649626671,-0.0059132204741729755
2023-01-03,27607.537168128078,27691.892229921716,27059.22926646945,27574.732421875,9260988,27943.083984375,28227.080078125,28625.18974609375,28634.329557291665,28921.402180989582,-362.8607996155879,-219.2507628555797,-143.6100367600082,28625.18974609375,29682.449424863873,27567.93006732363,27.977847969743564,21.782141380919118,0.0
2023-01-04,27420.082092041343,28221.455197106985,27406.022914759487,28155.845703125,8096923,27857.791015625,28189.1203125,28578.09140625,28659.980338541667,28918.084879557293,-343.41770817858924,-244.08415192018163,-99.33355625840761,28578.09140625,29630.615902828707,27525.566909671295,32.989645319985385,49.99998087585465,0.021074122220275937
2023-01-05,28315.183473776007,28516.69835119613,28160.53252133731,28380.79296875,8142508,27884.972265625,28180.6845703125,28550.4416015625,28685.577408854166,28915.40037434896,-306.326413547853,-256.5326042457159,-49.793809302137106,28550.4416015625,29592.625820282694,27508.257382842305,42.22220421384459,71.75561610955499,0.007989362777337305
2023-01-06,28183.96804864912,28835.376688283675,28183.96804864912,28685.412109375,7372663,28074.303125,28165.68828125,28538.02275390625,28723.391471354167,28916.10810546875,-249.47528074117872,-255.12113954480847,5.64585880362975,28538.02275390625,29566.80639429139,27509.23911352111,48.8095198718394,88.29521543162375,0.0107332850410633
2023-01-09,29004.082054553273,29468.0348940105,28957.218131375776,29458.662109375,7939187,28451.0890625,28277.692578125,28547.39541015625,28763.382975260418,28921.823844401042,-140.40701109787187,-232.17831385542118,91.77130275754931,28547.39541015625,29607.250195594213,27487.540624718284,57.93473006991233,99.61089493779257,0.02695621025250272
2023-01-10,29378.994484764757,29688.296388735802,29332.13055992066,29496.154296875,7504527,28835.3734375,28389.2287109375,28567.7810546875,28803.688932291665,28922.5357421875,-50.363753416098916,-195.81540176755675,145.45164835145783,28567.7810546875,29685.555060158287,27450.007049216714,61.6875809650896,92.69162471229839,0.0012727050319121247
2023-01-11,29627.373751610827,29716.41521021263,29407.11330138531,29547.705078125,6027427,29113.7453125,28485.7681640625,28591.916015625,28839.033365885418,28924.492154947915,24.869217384901276,-151.67847793706517,176.54769532196644,28591.916015625,29773.895409267523,27409.936621982477,63.2302098719343,93.65079690847794,0.0017477119468236602
2023-01-12,29725.79035861142,29758.595109125417,29472.72514036059,29632.0625,5442438,29363.99921875,28624.4857421875,28603.86630859375,28879.509016927084,28925.327701822916,90.2583852288808,-103.29110530387598,193.54949053275678,28603.86630859375,29824.162202920023,27383.57041426748,60.46797738795345,95.31250610325131,0.002854956811432885
2023-01-13,29707.04493015485,30016.346865064177,29697.672144248507,29847.63671875,6258098,29596.444140625,28835.3736328125,28650.9646484375,28928.001334635417,28925.28224283854,157.65743292454863,-51.10139765819106,208.75883058273968,28650.9646484375,29987.48362823778,27314.44566863722,71.40952251109385,94.29477723867488,0.007275032534437953
2023-01-16,29903.871312792056,30213.173225759343,29875.752957067754,30086.640625,6503180,29722.03984375,29086.564453125,28716.80830078125,28979.545703125,28928.780615234376,227.73212739637165,4.665307352721484,223.06682004365018,28716.80830078125,30199.706445665997,27233.9101558965,72.92187403223046,95.9881151221269,0.008007464996378166
2023-01-17,30067.897187549064,30114.761117080783,29805.459182171457,29847.63671875,4685873,29792.336328125,29313.8548828125,28770.46748046875,29022.9158203125,28929.317154947916,260.97287695524574,55.92682127322634,205.04605568201941,28770.46748046875,30337.432475027497,27203.50248591,66.8329048763035,88.41017748800954,-0.007943854856676924
2023-01-18,29814.829534904395,29880.43903089444,29491.46844752489,29655.4921875,5638277,29813.89375,29463.81953125,28826.469921875,29062.384993489584,28927.360026041668,268.71438050473444,98.48433311952796,170.2300473852065,28826.469921875,30437.508068570285,27215.431775179713,69.52010958051076,82.31797883989972,-0.006437512392037936
2023-01-19,29496.156989285573,29842.950064787183,29496.156989285573,29838.263671875,5645260,29855.133984375,29609.5666015625,28895.1255859375,29101.796028645833,28926.848388671875,286.29745035256565,136.0469565661355,150.25049378643016,28895.1255859375,30557.543695213346,27232.707476661657,81.90880459271969,88.11299253494809,0.0061631580153656
2023-01-20,29810.144939916037,30044.464582581626,29725.789868556425,30035.091796875,6784232,29892.625,29744.5345703125,28955.11142578125,29135.147526041666,28926.890462239582,312.51209965952876,171.33998518481417,141.1721144747146,28955.11142578125,30693.304569167947,27216.918282394556,87.02398307077357,94.3536907699388,0.006596500626325774
2023-01-25,30456.86569670459,30602.143868207564,30414.688163042436,30508.416015625,2773316,29976.980078125,29849.5099609375,29063.60126953125,29182.40205078125,28929.79034830729,367.2473084509147,210.52144983803427,156.72585861288044,29063.60126953125,30907.4267924384,27219.7757466241,88.64197429229726,97.06744976339372,0.015759040190423068
2023-01-26,30536.536352982952,30962.99810990767,30461.554066051136,30930.193359375,3786065,30193.49140625,29992.9138671875,29191.0712890625,29229.812760416666,28936.321484375,439.5919204418751,256.3355439588025,183.25637648307264,29191.0712890625,31182.712050981594,27199.430527143406,88.14433377265487,98.82943253018126,0.013824950581963424
2023-01-27,30995.80184002462,31375.39965512017,30873.955627771724,31173.884765625,4113349,30497.169921875,30155.5318359375,29320.65,29274.177278645835,28946.241536458332,510.70234776594225,307.20890472023046,203.49344304571179,29320.65,31476.017995767477,27165.282004232526,88.20512738310681,93.68575252916051,0.007878754698316115
2023-01-30,31187.975471716167,31272.521188356364,30671.307203359425,30680.701171875,6923472,30665.657421875,30260.395703125,29442.44072265625,29311.18125,28950.305517578126,521.253394768948,350.017802729974,171.23559203897406,29442.44072265625,31617.05338686878,27267.82805844372,75.95360814265914,71.27186373628909,-0.01582040857140221
2023-01-31,30680.700080663973,30737.06388975276,30168.728814774142,30206.3046875,7811334,30699.9,30296.2625,29565.81806640625,29342.934244791668,28949.13564453125,485.7360807639634,377.1614583367719,108.57462242719151,29565.81806640625,31609.497897976413,27522.138234836086,60.54473301889547,42.78311308251754,-0.015462374269655799
2023-02-01,30422.37002300127,30610.249411749155,30323.73334390863,30535.09765625,6413355,30705.236328125,30341.108203125,29713.836328125,29376.02744140625,28949.037141927085,478.602170366732,397.4496007427639,81.15256962396813,29713.836328125,31570.594806295536,27857.07784995446,63.540601261456736,57.30793960565331,0.010884912012625758
2023-02-02,30953.127470015028,31079.9460499377,30619.641574662815,30863.884765625,8822068,30691.974609375,30442.7330078125,29878.2939453125,29409.523502604166,28952.144156901042,493.78680005846036,416.7170406059032,77.06975945255715,29878.2939453125,31505.806865437073,28250.781025187927,65.99776277643622,73.11600667758955,0.010767514585226845
2023-02-03,30807.518791501683,31075.24688589345,30680.700220474006,30990.701171875,5538504,30655.337890625,30576.25390625,30020.03671875,29438.181705729166,28955.493098958334,510.1727981780932,435.40819212034125,74.76460605775196,30020.03671875,31503.31853985004,28536.754897649964,66.34513217360983,79.58001429700747,0.004108893200354347
2023-02-06,30713.57986154864,30793.428593410747,30286.154296875,30286.154296875,9254976,30576.428515625,30621.04296875,30115.30478515625,29450.254817708334,28955.958740234375,460.99372635526015,440.52529896732506,20.468427387935094,30115.30478515625,31384.599820973606,28846.009749338897,54.72024891991044,42.18231781214963,-0.02273413793036083
2023-02-07,30309.640700259133,30567.97484538764,30239.1859334059,30474.03515625,5380254,30629.974609375,30664.9373046875,30204.7359375,29471.6296875,28953.799169921876,432.1972716709315,438.85969350804635,-6.6624218371148345,30204.7359375,31288.28835650422,29121.18351849578,54.216359848645894,52.15512672457368,0.006203523152306767
2023-02-08,30666.610628272498,31047.066358229626,30661.91364395204,30948.4296875,7531065,30712.641015625,30708.938671875,30279.22431640625,29481.384505208334,28954.622786458334,442.5540601328321,439.59856683300353,2.955493299828561,30279.22431640625,31351.59420814888,29206.85442466362,61.396939278983425,77.33622300544768,0.015567171489355713
2023-02-09,30765.24530334101,30971.91260003521,30685.3965750728,30849.791015625,6633140,30709.822265625,30700.8984375,30346.90615234375,29492.69775390625,28953.96474609375,437.7563899732595,439.2301314610548,-1.4737414877952801,30346.90615234375,31381.37756192073,29312.434742766767,62.60918158404286,72.0308266169691,-0.003187194725903675
2023-02-10,30657.21573906894,30802.82224863093,30549.185102942298,30769.943359375,8029663,30665.670703125,30660.504296875,30408.01806640625,29501.274283854167,28953.96066080729,422.6392411733286,435.9119534035096,-13.272712230180957,30408.01806640625,31386.59571440743,29429.44041840507,60.055024181635446,63.29699904324772,-0.0025882721931425046
2023-02-13,30610.248594841734,30694.794317521977,30380.096349767737,30586.763671875,10210780,30725.792578125,30651.110546875,30455.753125,29507.735188802082,28953.4001953125,391.3662949206955,427.0028217069468,-35.636526786251295,30455.753125,31365.690976736027,29545.815273263972,55.97143412852105,34.64365286070732,-0.005953201972475841
2023-02-14,30835.701137886866,30990.7016158077,30713.57954922197,30769.943359375,6964312,30784.97421875,30707.4744140625,30501.86845703125,29523.888020833332,28955.84080403646,377.0173087407602,417.0057191137095,-39.98841037294932,30501.86845703125,31374.77228720338,29628.96462685912,53.020564798832034,49.82423743897315,0.005988854834891644
2023-02-15,30835.69940534075,30840.39638925626,30168.72768933795,30187.515625,11497540,30632.79140625,30672.7162109375,30506.91220703125,29531.427180989584,28956.726236979168,315.017260316421,396.6080273542519,-81.59076703783086,30506.91220703125,31370.8334962938,29642.990917768704,41.72921128313146,1.557004405076351,-0.018928462999511675
2023-02-16,30389.486824227686,30859.185229548053,30370.69888801487,30788.73046875,7077262,30620.579296875,30665.20078125,30553.96689453125,29552.8138671875,28965.76494140625,310.81194198889716,379.44881028118095,-68.6368682922838,30553.96689453125,31367.75653016656,29740.177258895943,46.02711487699909,56.170178567223736,0.019916009360243514
2023-02-17,30356.607233386563,30784.032772337232,30356.607233386563,30516.3046875,7266595,30569.8515625,30617.7611328125,30597.00751953125,29573.174869791666,28971.524495442707,282.24318933070754,360.00768609108627,-77.76449676037873,30597.00751953125,31293.285775648987,29900.729263413512,48.22332818160211,38.14420485703132,-0.008848230411010571
2023-02-20,30549.185860561436,30722.974279509894,30248.57886562356,30619.640625,6087937,30576.426953125,30651.109765625,30636.0763671875,29591.977766927084,28975.23487955729,264.88713950641977,340.983576774153,-76.09643726773322,30636.0763671875,31233.810462476922,30038.342271898076,54.85652652836424,49.484619182307426,0.003386253301577824
2023-02-21,30614.941105630758,30699.48681595622,30427.061749351957,30577.365234375,5417319,30537.911328125,30661.4427734375,30663.1900390625,29605.467708333334,28978.437727864584,244.89804207848647,321.76646983501973,-76.86842775653326,30663.1900390625,31191.278996979534,30135.10108114547,50.5324779304986,44.845183405664926,-0.0013806625343109058
2023-02-22,30211.003829920275,30309.64050287244,30032.518421721117,30046.609375,8547649,30509.730078125,30571.2607421875,30640.09970703125,29612.142545572915,28983.271142578124,184.10670867821318,294.23451760365845,-110.12780892544527,30640.09970703125,31233.08034908672,30047.119064975785,40.202696216502744,1.351354044992672,-0.017357802260160926
2023-02-23,30164.037203443386,30544.492982558757,30154.643233588686,30427.068359375,12572480,30437.39765625,30528.9884765625,30614.94345703125,29631.172493489583,28988.597493489582,164.7300934152845,268.3336327659837,-103.60353935069918,30614.94345703125,31198.723334160917,30031.163579901586,43.63063791617815,38.889235634512964,0.012662293426410898
2023-02-24,30370.699945847937,30549.185346086448,30135.85073500779,30154.638671875,6935454,30365.064453125,30467.4580078125,30563.98115234375,29640.116438802084,28989.752197265625,125.93943580568884,239.85479337392474,-113.91535756823589,30563.98115234375,31119.5874058185,30008.374898869,48.35294393904111,12.03691277261384,-0.008953530595926185
2023-02-27,29882.21512491651,29896.306078291982,29633.274948616512,29886.912109375,11282430,30218.51875,30397.4728515625,30524.29169921875,29637.178125,28994.34129231771,72.75558299696786,206.43495129853338,-133.67936830156552,30524.29169921875,31153.34459457245,29895.23880386505,42.791243987447565,17.94021091328431,-0.008878453673852427
2023-02-28,29994.941952916863,30229.791169585485,29886.911313249293,29971.45703125,7805412,30097.337109375,30317.62421875,30512.54931640625,29632.680859375,29000.993115234374,37.00252304857713,172.54846564854213,-135.545942599965,30512.54931640625,31174.50234366011,29850.59628915239,36.73471552606595,24.913469788630334,0.0028288276007102375
2023-03-02,29994.94254631077,30314.337487298733,29886.911904506018,30046.609375,9905318,30097.337109375,30303.53359375,30488.12490234375,29640.68349609375,29008.27120768229,14.564243980195897,140.9516213148729,-126.38737733467701,30488.12490234375,31181.859898039565,29794.38990664793,39.024439717409926,30.449853120888477,0.0025074638070361477
2023-03-03,30211.001901029478,30253.274758167114,29980.849678835693,30112.365234375,7146172,30034.396484375,30235.8970703125,30450.54892578125,29651.344205729165,29016.097265625,2.0639030764177733,113.17407766718189,-111.11017459076412,30450.54892578125,31139.98575669218,29761.112094870325,40.97938558652213,35.294008681134194,0.002188461884478521
2023-03-06,30370.703191095603,30549.18861040609,30239.187618972082,30535.09765625,9192392,30110.48828125,30237.7763671875,30427.76875,29675.298958333333,29030.977311197916,25.968912910197105,95.73304471578494,-69.76413180558784,30427.76875,31070.58987496313,29784.947625036868,49.33495774632307,66.43620089618226,0.014038499419913641
2023-03-07,30488.126064297587,30629.03559779457,30375.3984375,30375.3984375,6041336,30208.185546875,30213.3521484375,30432.23095703125,29699.32578125,29044.06085611979,31.66242837358368,82.91892144734469,-51.25649307376101,30432.23095703125,31072.14542734991,29792.31648671259,44.89055285843426,60.53652542334219,-0.005230021549229025
2023-03-08,30098.277838235295,30112.368792279412,29891.6105122549,29943.27734375,10926000,30202.549609375,30149.943359375,30405.69306640625,29716.1505859375,29045.976481119793,1.2911361055957968,66.5933643789949,-65.30222827339911,30405.69306640625,31081.332781417485,29730.053351395014,46.70893684843266,25.287527150675675,-0.014226022240963365
2023-03-09,30060.69826907947,30131.153030647623,29849.333984375,29849.333984375,6727453,30163.09453125,30130.2158203125,30350.73828125,29725.786002604167,29051.998665364583,-30.01280685912934,47.272130131370055,-77.2849369904994,30350.73828125,31019.262923385773,29682.213639114227,35.337313938805664,18.775369700282283,-0.0031373773250177317
2023-03-10,29497.05638024976,29619.177951250796,29370.237825748685,29525.23828125,8278301,30045.669140625,30040.0328125,30284.51064453125,29733.065950520835,29056.678190104165,-80.05045009378227,21.807614086339594,-101.85806418012187,30284.51064453125,31005.2659950138,29563.755294048697,34.776373566370296,11.458289238110247,-0.010857719749949979
2023-03-13,29661.457355794835,29835.24578369102,29313.880500002466,29764.791015625,8695718,29891.6078125,30001.048046875,30234.25302734375,29744.729036458335,29065.061376953126,-99.23185615262992,-2.4002799614543093,-96.8315761911756,30234.25302734375,30952.660083597388,29515.845971090115,37.396224306966985,32.54246970663948,0.00811349029914954
2023-03-14,29478.27436530538,29487.668334191712,29046.151796534174,29069.63671875,12296610,29630.45546875,29919.3205078125,30158.3966796875,29739.338704427082,29069.359000651042,-168.58307995340147,-35.63683995984374,-132.94623999355773,30158.3966796875,31025.15106120099,29291.642298174007,31.359017787675114,1.4836794840610628,-0.023354919458701384
2023-03-15,29365.547185405696,29619.184349195188,29290.395433171772,29436.001953125,8461081,29529.000390625,29865.775,30091.699609375,29748.177571614582,29075.89480794271,-191.77119295311422,-66.86371055849784,-124.90748239461638,30091.699609375,30965.5772131929,29217.822005557096,42.13080496953569,24.62910772606316,0.012603020736708936
2023-03-16,29135.394342005828,29412.516422640736,28985.09084064452,29327.970703125,8495023,29424.727734375,29793.9111328125,30048.72236328125,29757.48095703125,29083.74220377604,-216.3709687454466,-96.7651621958876,-119.60580654955899,30048.72236328125,30985.070822418842,29112.373904143657,34.7656664537018,20.857140179995984,-0.0036700381448551145
2023-03-17,29661.453406712615,29741.302133223162,29454.786114567665,29666.150390625,6982096,29452.91015625,29749.2896484375,29992.593359375,29772.342578125,29096.968831380207,-206.20123432354012,-118.65237662141811,-87.548857702122,29992.593359375,30875.20850372571,29109.978215024294,43.35038104779103,41.428372031257815,0.011530961037954368
2023-03-20,29656.759107730264,29802.365622196474,29445.394812537383,29450.091796875,5826171,29389.9703125,29640.7890625,29939.28271484375,29787.58671875,29111.26650390625,-213.1190654394377,-137.54571438502205,-75.57335105441564,29939.28271484375,30817.497289466417,29061.068140221083,43.96888061915163,28.285680173134786,-0.007283000689509045
2023-03-21,29614.480967750755,29684.935720251353,29459.480512249444,29525.23828125,5667089,29481.090625,29555.773046875,29884.56259765625,29805.254850260415,29131.855891927084,-210.11571994830956,-152.05971549767958,-58.056004450629985,29884.56259765625,30719.604237740696,29049.520957571807,43.82308696409201,32.856787812133206,0.0025516553528357466
2023-03-22,29788.275996047723,29905.70060971868,29689.63932056412,29896.306640625,6252859,29573.1515625,29551.0759765625,29850.50966796875,29822.937044270835,29155.11062825521,-175.7672955826274,-156.80123151466915,-18.966064067958257,29850.50966796875,30619.530844448178,29081.48849148932,48.07693941615726,55.4286143751064,0.012567836230153118
2023-03-23,29675.547853398144,30004.336765987235,29642.668962139236,29985.548828125,5458177,29704.6671875,29564.6974609375,29847.456640625,29850.385872395833,29184.65810546875,-139.73405588777678,-153.38779638929068,13.653740501513909,29847.456640625,30613.679573288075,29081.23370796193,48.387130428561775,60.85715369261428,0.002985057270543656
2023-03-24,29976.156491300888,30018.429353792537,29722.51931635099,29882.216796875,6994412,29747.88046875,29600.3953125,29820.2140625,29875.409602864584,29213.266861979166,-118.15348533326323,-146.3409341780852,28.187448844821972,29820.2140625,30536.80377550863,29103.62434949137,40.96231139882953,54.571539118245205,-0.0034460610290073523
2023-03-27,29980.84723404439,29980.84723404439,29595.69456708659,29745.998046875,5621782,29807.06171875,29598.516015625,29799.78203125,29894.80439453125,29241.710595703124,-110.76560543632877,-139.22586842973394,28.460262993405166,29799.78203125,30499.322891100397,29100.241171399604,41.230337497557585,66.3931864141177,-0.004558522245051266
2023-03-28,29849.3388182603,30093.58203125,29811.76293933881,30093.58203125,5838145,29920.73046875,29700.910546875,29810.11552734375,29925.615983072916,29267.73466796875,-75.98759701495146,-126.57821414677746,50.590617131825994,29810.11552734375,30521.088009749536,29099.143044937966,52.144775405594324,96.72173118305895,0.011685067141713024
2023-03-29,30037.21322512467,30154.637827255727,29952.667511590305,30140.546875,4037083,29969.578515625,29771.3650390625,29818.57001953125,29965.64580078125,29294.111295572915,-44.12743083564055,-110.08805748455008,65.96062664890952,29818.57001953125,30541.54095319389,29095.59908586861,54.211937868259604,98.79517861043313,0.0015606265715137901
2023-03-30,30323.730203980966,30464.639730951138,30182.820677010794,30351.912109375,7446921,30042.851171875,29873.7591796875,29833.83515625,30011.93212890625,29319.76580403646,-1.8018411343509797,-88.43081421451026,86.62897308015928,29833.83515625,30589.24434631301,29078.425966186987,62.35957910671433,92.38094649560541,0.0070126542577870765
2023-03-31,30459.944586276863,30769.945564333033,30412.974741116836,30708.884765625,5144213,30208.184765625,29978.0326171875,29863.6611328125,30064.168001302085,29349.248779296875,59.856218430868466,-58.77340768543452,118.62962611630299,29863.6611328125,30707.32426063686,29019.99800498814,63.636337990342945,96.5789485330298,0.011761125788834148
2023-04-03,30798.12599562836,30798.12599562836,30506.9129695907,30553.8828125,5461242,30369.76171875,30088.41171875,29864.600390625,30104.135286458335,29382.0578125,95.11686463944716,-27.995353220458185,123.11221785990534,29864.600390625,30711.44677773169,29017.754003518312,75.40185208955064,86.52849160387417,-0.005047462788310253
2023-04-04,30582.065343463084,30793.429640876053,30539.792483980487,30694.79296875,7988788,30490.00390625,30205.3671875,29880.5701171875,30142.701953125,29414.139680989585,132.8994704052675,4.183611504686951,128.71585890058054,29880.5701171875,30778.481289056293,28982.658945318708,73.3448711270937,94.3005502902517,0.004611857586635404
2023-04-05,30699.488647386643,30901.45896743524,30657.21578970205,30868.580078125,6321033,30635.610546875,30302.59453125,29926.83525390625,30179.0880859375,29451.239778645835,174.85006233255626,38.31690167026082,136.53316066229544,29926.83525390625,30927.79095236635,28925.87955544615,77.8910766036471,97.74193402126944,0.005661778189933742
2023-04-06,30737.066779628192,30760.55170228989,30304.94420265298,30319.03515625,6729393,30629.03515625,30335.9431640625,29950.3203125,30193.42763671875,29478.405305989585,161.88640056097574,63.03080144840381,98.85559911257194,29950.3203125,30965.558612854344,28935.082012145656,60.9795063579099,60.00012710799159,-0.017802727578792532
2023-04-07,30539.791168245432,30892.064982090156,30539.791168245432,30835.701171875,6587819,30654.3984375,30431.2916015625,30015.84345703125,30215.75341796875,29509.72117513021,191.10034884608103,88.64471092793926,102.45563791814178,30015.84345703125,31083.374372582708,28948.31254147979,71.16206535305109,95.4397518684309,0.017040978149942765
2023-04-10,30816.917252977426,31277.22176308134,30779.341374601594,31131.615234375,8112053,30769.944921875,30569.8533203125,30084.18466796875,30242.151920572916,29540.592643229167,235.41666831336988,117.99910240502538,117.4175659083445,30084.18466796875,31254.134250589974,28914.23508534753,72.98388516566706,91.3408163095333,0.009596475878742128
2023-04-11,31220.85699663766,31620.100692246837,31192.675088712305,31540.251953125,5502605,30939.03671875,30714.5203125,30207.7154296875,30273.955078125,29576.732047526042,300.05242131978594,154.4097661879775,145.64265513180843,30207.7154296875,31446.33452824518,28969.096331129822,73.27123247676471,96.05569563688628,0.013126100771629456
2023-04-12,31507.3711563799,31728.129421786856,31465.098297046654,31638.88671875,5098099,31093.098046875,30864.354296875,30317.85966796875,30303.809244791668,29615.90528971354,355.14186812600747,194.55618657558352,160.58568155042394,30317.85966796875,31655.368471121597,28980.350864815904,73.34212042917058,95.81498572675505,0.003127266255564143
2023-04-13,31483.889865917634,31732.830066259816,31418.132077148002,31699.951171875,6098806,31369.28125,30999.158203125,30436.45869140625,30330.69775390625,29655.121728515624,399.1271532733226,235.47037991513136,163.65677335819126,30436.45869140625,31824.10332498109,29048.81405783141,75.97308363808477,98.46154376278268,0.0019300443049030669
2023-04-14,31892.522559127232,32024.038116072086,31714.03716041636,31812.673828125,6593733,31564.67578125,31109.537109375,30543.78486328125,30363.448372395833,29693.182096354165,438.0322221548522,275.98274836307553,162.04947379177668,30543.78486328125,32010.367989862265,29077.201736700234,79.72975858538521,90.4458409979904,0.003555925232781032
2023-04-17,31798.58538976015,31864.343173431735,31671.766806964944,31822.0703125,5285508,31702.766796875,31236.355859375,30662.3837890625,30399.5580078125,29730.97150065104,464.2711583836317,313.64043036718675,150.63072801644495,30662.3837890625,32140.159420584263,29184.608157540737,77.54490980689,90.24955731557198,0.00029536921120709714
2023-04-18,31845.558290604215,31887.831155591743,31577.830145683205,31775.103515625,7293412,31749.737109375,31344.3869140625,30774.87705078125,30431.838671875,29766.817350260415,475.7912510243186,346.07059449861316,129.72065652570546,30774.87705078125,32230.54470274456,29319.209398817944,76.04801415300761,86.47989123033723,-0.0014759189585648036
2023-04-19,31761.008109651957,31920.70557722489,31732.826203609675,31798.583984375,5738461,31781.6765625,31437.3873046875,30869.99091796875,30461.230208333334,29798.1888671875,481.267927939105,373.11006118671156,108.15786675239343,30869.99091796875,32332.52343329079,29407.45840264671,74.52236258198995,86.88529288963159,0.0007389580568464282
2023-04-20,31690.555530381946,31793.889192997685,31587.221867766206,31704.646484375,6235271,31782.615625,31575.9484375,30955.94580078125,30481.1673828125,29831.784716796876,472.5806471408432,393.0041783775379,79.57646876330529,30955.94580078125,32401.58561316353,29510.30598839897,68.53156359681645,81.42093173596037,-0.00295414097829505
2023-04-21,31634.189969324652,31695.250766592835,31432.21963989912,31544.947265625,4914696,31729.0703125,31646.873046875,31039.08232421875,30491.41328125,29860.613020833334,447.649299753135,403.93320265265737,43.71609710047761,31039.08232421875,32414.253038222956,29663.911610214545,68.41195462623831,72.13119965655498,-0.005037091923693393
2023-04-24,31441.612386970577,31488.582229197902,31305.39984451134,31328.884765625,4922359,31630.433203125,31666.6,31118.22666015625,30493.996614583335,29884.086946614585,405.77902131828887,404.3023663857837,1.4766549325051415,31118.22666015625,32355.314992842257,29881.138327470246,61.46012404206276,59.56280543949484,-0.006849353659736379
2023-04-25,31404.032344295665,31446.305196688525,30779.33352560118,30934.333984375,3317457,31462.279296875,31606.008203125,31160.2642578125,30498.223828125,29904.7025390625,336.8762733699805,390.8171477826231,-53.94087441264264,31160.2642578125,32304.395050570198,30016.133465054805,51.10056581099795,36.61171602139099,-0.01259383422683824
2023-04-26,30910.852952754503,31042.368510067543,30840.398189908232,30901.458984375,2520056,31282.854296875,31532.2654296875,31198.30986328125,30509.809733072918,29926.371988932293,276.43108596466845,367.9399354190322,-91.50884945436377,31198.30986328125,32246.227578390317,30150.392148172185,61.78705736427735,24.367091787464943,-0.001062735018526828
2023-04-27,30920.505808987255,31025.256521613945,30625.299255221133,31006.2109375,6525733,31143.1671875,31462.89140625,31231.0248046875,30517.66162109375,29946.84453125,234.27981476005152,341.20791128723613,-106.92809652718461,31231.0248046875,32205.999276194772,30256.050333180225,54.1412132809513,27.232508721973403,0.003389870788235827
2023-04-28,31172.858128891283,31325.22279364224,30939.54973599138,31068.107421875,9407032,31047.79921875,31388.434765625,31248.9859375,30521.06533203125,29965.29441731771,203.5230703788293,313.6709431055548,-110.1478727267255,31248.9859375,32196.302602481883,30301.66927251812,48.25975076907926,31.657672425321426,0.001996260829798535
2023-05-02,31158.5753771225,31406.16796875,31115.72281318697,31406.16796875,6646106,31063.255859375,31346.84453125,31291.6001953125,30527.989778645835,29983.0857421875,204.07434766130245,291.75162401670434,-87.67727635540189,31291.6001953125,32182.24283024514,30400.957560379862,46.177982605481134,55.8266260689868,0.010881272627407457
2023-05-03,31163.335306775374,31253.801826382518,31063.345995630643,31125.244140625,6572422,31101.437890625,31281.85859375,31313.12275390625,30541.974609375,29996.114713541665,179.77074844345407,269.35544890205426,-89.5847004586002,31313.12275390625,32162.908051953804,30463.337455858695,36.73710021171417,35.74254633203762,-0.008944861671902338
2023-05-04,31001.449541471517,31091.91606601275,30906.221620901797,31006.2109375,7297380,31122.38828125,31202.6212890625,31320.004296875,30550.844205729165,30011.236946614583,149.18527133182943,245.32141338800932,-96.13614205617989,31320.004296875,32156.761327632605,30483.247266117392,32.607424658044025,27.232508721973403,-0.0038243299421910626
2023-05-08,31349.030572300577,31491.872449148846,31306.178009246094,31396.64453125,6547105,31200.475,31171.82109375,31373.884765625,30558.314453125,30019.849479166667,154.66787342292082,227.19070539499162,-72.5228319720708,31373.884765625,32065.434279362933,30682.335251887067,40.84470114734045,59.54465891719111,0.012592109191832845
2023-05-09,31339.507182057154,31353.791369469214,31196.665307936568,31301.416015625,4545144,31247.13671875,31147.46796875,31397.1705078125,30565.841536458334,30029.269645182292,149.60418579859106,211.67340147571153,-62.06921567712047,31397.1705078125,32042.2178892837,30752.123126341303,38.959366160141485,52.193412130183084,-0.003033079395800331
2023-05-10,31291.89562246479,31291.89562246479,30982.404871481802,31106.201171875,6417438,31187.143359375,31125.199609375,31395.8998046875,30571.445833333335,30036.36005859375,128.35932407526707,195.01058599562265,-66.65126192035558,31395.8998046875,32043.245860047846,30748.55374932715,36.65477404009514,37.12363514715599,-0.006236613821322123
2023-05-11,31215.711371594396,31325.223476772353,31020.494140625,31020.494140625,5099307,31166.193359375,31133.815625,31369.9119140625,30578.674674479167,30043.204931640626,103.414676937904,176.69140418407895,-73.27672724617494,31369.9119140625,32034.363378968425,30705.460449156577,34.85248758942912,33.818097574568796,-0.0027553037021921245
2023-05-12,30906.218440644763,31025.253329108193,30810.99052987402,30872.888671875,6233274,31139.52890625,31130.95859375,31331.61201171875,30580.3904296875,30052.139225260416,70.91783991361444,155.53669132998604,-84.6188514163716,31331.61201171875,32018.70379538321,30644.520228054287,34.13912696296275,23.140246452519335,-0.004758321001621102
2023-05-15,30806.23297999654,30958.59765625,30682.436680540603,30958.59765625,6872961,31051.91953125,31126.197265625,31294.5443359375,30593.241796875,30062.33448893229,51.4863584924351,134.72662476247586,-83.24026627004076,31294.5443359375,31977.947204995733,30611.141466879264,38.49416259199159,38.46165602217668,0.0027761893383524416
2023-05-16,31158.574281058285,31268.08638504122,30982.402635520513,31044.30078125,5661588,31000.496484375,31123.8166015625,31256.12568359375,30597.501302083332,30075.157584635417,42.51224075797654,116.283747961576,-73.77150720359946,31256.12568359375,31902.260971017244,30609.990396170255,44.114555858138935,48.35154479332058,0.00276831418372403
2023-05-17,30987.164948736816,31239.518934951175,30977.6421568042,31144.291015625,4019257,31008.114453125,31097.62890625,31222.23671875,30607.967740885415,30090.57130533854,42.97319580781186,101.62163753082318,-58.64844172301132,31222.23671875,31812.03164779674,30632.441789703258,54.9445100658299,59.890124001130786,0.003220888596575877
2023-05-19,31672.803603759145,31906.111988693632,31672.803603759145,31887.06640625,5211634,31181.42890625,31173.8111328125,31227.83486328125,30629.09150390625,30110.534635416665,102.09735761115371,101.71678154688928,0.3805760642644316,31227.83486328125,31841.3726304737,30614.297096088798,67.39491476463844,98.5130080342037,0.0238494878644806
2023-05-22,31887.062746603766,32225.121796179526,31829.9260058304,32091.802734375,3957548,31425.21171875,31282.3703125,31242.49580078125,30654.33212890625,30129.89991861979,163.58844665097058,114.09111456770555,49.497332083265036,31242.49580078125,31923.736599417327,30561.25500214517,68.50639772791594,91.35798612088699,0.006420669920418565
2023-05-23,32201.319343449522,32301.308653846154,32106.091428786058,32187.03515625,5034538,31670.89921875,31361.409375,31266.615234375,30690.005891927085,30151.07421875,217.49785836563024,134.7724633272905,82.72539503833974,31266.615234375,32044.1090854721,30489.1213832779,68.86032343213897,92.94116523848265,0.002967499914643179
2023-05-25,32225.12607278199,32248.933051263655,31963.249309483672,32039.431640625,5259621,31869.925390625,31435.2109375,31291.339453125,30716.87861328125,30174.025553385418,245.4813294498672,156.91423655180586,88.56709289806133,31291.339453125,32134.754816693247,30447.924089556756,61.4064713046672,83.8234883585988,-0.0045858065183223
2023-05-26,32091.80466204458,32248.93070860949,32029.90652248871,32148.94140625,5966030,32070.85546875,31539.4849609375,31332.34228515625,30750.1169921875,30195.11671549479,273.3440151133036,180.2001922641054,93.14382284919822,31332.34228515625,32259.063366622406,30405.621203690094,69.65260462168962,90.58806069234508,0.0034179684225779106
2023-05-30,32472.720315240025,32591.755213756303,32406.060772070912,32582.232421875,4103040,32209.888671875,31695.6587890625,31414.73720703125,30795.038997395834,30216.108561197918,326.62324854490726,209.48480352026576,117.1384450246415,31414.73720703125,32475.7588702677,30353.7155437948,76.99831704469032,99.50124655914459,0.013477613777378217
2023-05-31,32539.379664616758,32663.1759583364,32348.923828125,32348.923828125,5638414,32261.312890625,31843.2623046875,31487.11044921875,30834.663444010417,30233.67215169271,346.03252368596804,236.79434755340623,109.23817613256182,31487.11044921875,32597.054543809376,30377.166354628127,67.24134638709938,84.13460399689224,-0.0071606079880935924
2023-06-01,32306.073933222277,32396.540463027908,32167.993440361046,32244.17578125,4794356,32272.741015625,31971.8201171875,31549.00869140625,30871.28955078125,30255.9865234375,348.93986059920644,259.2234501625663,89.71641043664016,31549.00869140625,32683.82991277046,30414.187470042038,67.0103557813142,78.84627311714286,-0.003238068982805875
2023-06-02,32453.677923166644,32658.41796875,32425.109544713152,32658.41796875,6094219,32396.53828125,32133.2318359375,31628.52421875,30913.723763020833,30282.533984375,380.2861268634333,283.4359855027397,96.85014136069361,31628.52421875,32841.62895697318,30415.419480526816,75.95539539492464,99.75978718452563,0.012847039115227776
2023-06-05,32853.631892580685,32867.91608036007,32706.028618860393,32753.642578125,4238342,32517.478515625,32294.1669921875,31695.89794921875,30950.69951171875,30312.99923502604,408.1076874836872,308.3703258989292,99.73736158475799,31695.89794921875,33003.03418281179,30388.76171562571,78.88889178271639,94.77123864702143,0.002915775328312442
2023-06-07,32848.87544503023,32929.81918797349,32682.2265625,32682.2265625,2843547,32537.47734375,32373.6830078125,31773.7470703125,30989.146647135418,30344.236214192708,419.55740253535623,330.6077412262146,88.94966130914162,31773.7470703125,33122.57603872056,30424.918101904444,80.94482528709062,88.98306698327445,-0.0021803991862784367
2023-06-08,32582.232389394147,32663.176120304524,32472.720282868344,32639.369140625,3996672,32595.56640625,32428.4396484375,31855.40498046875,31034.081510416665,30375.116048177082,420.3278703888209,348.5517670587359,71.776103330085,31855.40498046875,33206.32611659829,30504.483844339207,79.1735909259489,85.12173626105425,-0.0013113372735802376
2023-06-09,32806.010327436656,33120.2623857256,32701.25964134034,33072.6484375,4790733,32761.2609375,32517.0009765625,31939.20517578125,31087.80341796875,30406.79471028646,450.7050427268514,368.98242219235897,81.72262053449242,31939.20517578125,33375.53556076472,30502.87479079778,81.41593348684633,97.77777006009293,0.013274744833708052
2023-06-12,33148.831812192075,33191.68436696222,32777.44300418418,32858.38671875,6195794,32801.2546875,32598.896484375,32017.0537109375,31143.355891927084,30438.21092122396,452.27647890078515,385.6412335340442,66.63524536674095,32017.0537109375,33476.42455144085,30557.682870434153,75.64102788846017,78.05636516790516,-0.006478517109233195
2023-06-13,33048.84930291408,33125.031638146276,32925.053008161776,33015.51953125,6870619,32853.630078125,32685.554296875,32112.51962890625,31197.534700520835,30471.131868489585,460.88832443420324,400.69065171407607,60.19767272012717,32112.51962890625,33570.8086230485,30654.230634764004,70.46639612781827,87.06342911191682,0.004782121953976981
2023-06-14,33015.52027853261,33053.61144701087,32791.734663722826,32853.6328125,6200984,32887.911328125,32712.6943359375,32204.1765625,31260.601302083334,30499.97000325521,449.469168020958,410.4463549754525,39.02281304550553,32204.1765625,33602.67887937123,30805.67424562877,64.03521965507191,72.48112121156053,-0.0049033521522134915
2023-06-15,32934.5785786272,33044.09069476258,32701.2701572953,32739.361328125,5777708,32907.909765625,32751.7380859375,32297.5001953125,31315.657291666666,30531.917431640624,426.2847057752988,413.6140251354218,12.670680639876991,32297.5001953125,33564.90539747316,31030.094993151844,60.10463706118645,63.178921337067315,-0.003478199352478395
2023-06-16,32906.0071668295,32925.052750488496,32710.789934324792,32896.484375,5714938,32872.676953125,32816.9689453125,32394.39453125,31375.13251953125,30566.30673828125,415.79632791730546,414.05048569179854,1.7458422255069195,32394.39453125,33519.07951988377,31269.70954261623,65.62509124496952,74.59066779707824,0.004799209285125006
2023-06-19,32801.25982276051,32844.11239039077,32625.08815583612,32715.5546875,3673429,32844.110546875,32822.6826171875,32477.9572265625,31425.955924479167,30599.149251302082,388.40738070186853,408.92186469381255,-20.51448399194402,32477.9572265625,33412.56536494733,31543.349088177667,60.067853360115606,53.48892257519081,-0.005499970314077118
2023-06-20,32625.088193887594,32701.27053643024,32525.09886930037,32658.41796875,4699219,32772.690234375,32813.16015625,32553.66357421875,31479.42802734375,30633.507373046876,357.96459400086314,398.7304105552227,-40.76581655435956,32553.66357421875,33247.75294573674,31859.57420270076,51.56257636222192,47.90748024086206,-0.0017464695095581462
2023-06-21,32596.510837472408,32601.272232569907,32339.395502207506,32353.6796875,4799234,32672.699609375,32780.30546875,32576.99423828125,31526.568717447917,30665.911783854168,305.724432765026,380.1292149971834,-74.4047822321574,32576.99423828125,33204.95931227635,31949.029164286156,50.09476662502384,18.13889742634176,-0.009331079097021688
2023-06-22,32291.78897361733,32548.904367981137,32277.50478504156,32434.630859375,3096561,32611.753515625,32759.831640625,32594.13564453125,31568.87412109375,30695.90558268229,267.76913573250204,357.6571991442471,-89.88806341174507,32594.13564453125,33183.88949457114,32004.381794491354,53.83139850583592,17.187659562831502,0.0025020700166686893
2023-06-23,32563.183729163593,32591.75210207995,32239.40883611152,32277.5,6266048,32487.956640625,32680.316796875,32598.65888671875,31607.073307291666,30728.72958984375,222.44592408186145,330.61494413177,-108.16902004990857,32598.65888671875,33176.53407752443,32020.783695913065,41.45287533635432,4.000014980375592,-0.004844539777753676
2023-06-26,32225.129747357994,32472.72235179987,32191.799973683126,32439.392578125,3577737,32432.72421875,32638.4173828125,32618.65693359375,31649.692903645835,30762.55125325521,197.3157966951003,303.9551146444361,-106.6393179493358,32618.65693359375,33139.96014941259,32097.353717774906,43.15361807728051,24.762123112043103,0.005015647993958705
2023-06-27,32377.49151064611,32444.151051991557,32267.97940700716,32425.10546875,4294631,32386.06171875,32579.3759765625,32632.46513671875,31694.344694010415,30794.574544270832,174.23862495538924,278.01181670662675,-103.7731917512375,32632.46513671875,33114.5356964928,32150.394576944702,44.25525007112971,23.333246986859685,-0.0004404246886124952
2023-06-28,32544.140131888566,32544.140131888566,32191.796844432858,32248.93359375,5107857,32365.1125,32518.9060546875,32615.8001953125,31730.267220052083,30827.9416015625,140.11899752449972,250.43325287020136,-110.31425534570164,32615.8001953125,33127.32646262673,32104.273927998274,41.76710863052705,5.714317663711445,-0.005433193584205576
2023-06-29,32344.165103666754,32544.14374850026,32244.17578125,32244.17578125,4378180,32327.021484375,32469.3875,32610.56279296875,31765.327701822916,30865.486751302084,111.41075740030283,222.62875377622169,-111.21799637591886,32610.56279296875,33135.561827017365,32085.563758920136,28.676979192638996,5.238482893019994,-0.00014753394825195443
2023-06-30,32253.69331796599,32425.10355703401,32015.623541482626,32339.3984375,5393824,32339.401171875,32413.67890625,32615.32392578125,31798.452473958332,30905.192301432293,95.24501754629819,197.152006530237,-101.90698898393882,32615.32392578125,33127.913066666566,32102.734784895936,35.77048302452607,29.184472061369487,0.002953173835051892
2023-07-07,31972.776545544366,31977.5379419026,31601.387629602075,31701.376953125,5853036,32191.798046875,32312.2611328125,32567.471875,31814.994010416667,30939.581005859374,30.59783779548161,163.8411727832859,-133.2433349878043,32567.471875,33222.122738468126,31912.82101153187,21.487734285944327,6.885255724653764,-0.019728922466138554
2023-07-10,31748.987359193998,31906.113421409565,31601.38408862786,31648.998046875,4109417,32036.5765625,32211.319140625,32512.2396484375,31833.245930989582,30968.69060872396,-24.578729605251283,126.15719230557848,-150.73592191082975,32512.2396484375,33277.76244773569,31746.71684913931,22.559743452622996,3.3003216346743773,-0.0016522596582303484
2023-07-14,32891.72345924186,33191.69140625,32806.01833152525,33191.69140625,7292260,32225.128125,32295.1203125,32537.712890625,31874.860904947916,31008.78142903646,55.535723231554584,112.0328984907737,-56.49717525921912,32537.712890625,33358.93161410942,31716.494167140583,56.24172932391619,100.0,0.048743829333558475
2023-07-17,33015.51885395665,33201.21329227571,32982.18908297631,33063.1328125,4184041,32388.91953125,32357.9705078125,32558.90107421875,31911.436783854166,31045.262434895834,107.41518480476225,111.10935575357142,-3.694170948809173,32558.90107421875,33412.39596116617,31705.40618727133,52.3178638837667,91.36904867964255,-0.0038732161062992043
2023-07-19,33029.8015431133,33053.60852130497,32710.788035345016,32810.77734375,4500641,32483.1953125,32411.2982421875,32545.80751953125,31952.9658203125,31073.196728515624,126.70646135295101,114.22877687344734,12.477684479503665,32545.80751953125,33373.7702326636,31717.8448063989,51.29862173599895,75.59514805483884,-0.007632533498295513
2023-07-20,32596.517509893558,32839.34870957287,32567.949133460697,32710.791015625,4496190,32685.078125,32438.4380859375,32538.427734375,31984.217317708335,31099.98536783854,132.40064373995847,117.86315024674958,14.537493493208885,32538.427734375,33357.24013262056,31719.615336129442,50.705998631971326,69.34533539377375,-0.0030473623674767136
2023-07-21,32472.723452041224,32744.123046875,32277.506199616928,32744.123046875,4175557,32904.103125,32470.33984375,32524.85791015625,32011.092447916668,31126.622184244792,138.0120239578173,121.89292498896313,16.11909896885416,32524.85791015625,33319.00312531072,31730.712695001777,55.678779267130764,71.42880975303648,0.001018991904967237
2023-07-24,32725.070532021997,33067.89100027539,32582.228670249748,32958.37890625,5106302,32857.440625,32541.284375,32530.09521484375,32034.727897135417,31154.34148763021,157.92725337826778,129.09979066682408,28.8274627114437,32530.09521484375,33334.68277031755,31725.50765936995,57.333260408832984,84.8212305743632,0.006543337840145602
2023-07-26,33001.24152542373,33063.13968439509,32534.62463471654,32587.0,3558154,32762.2140625,32575.566796875,32522.4771484375,32050.52978515625,31177.169514973957,142.10494483727598,131.70082150091446,10.404123336361522,32522.4771484375,33321.58856787407,31723.365729000936,54.088190829020625,61.60757092849596,-0.011268118110614234
2023-07-28,32772.69169004224,32886.96520457965,32591.758625357998,32834.58984375,4229850,32766.9765625,32625.0859375,32519.382421875,32069.4404296875,31200.069091796875,147.83987645231173,134.92863249119392,12.911243961117805,32519.382421875,33312.85472704691,31725.910116703086,55.10460168712886,77.08358819243003,0.007597810284776241
2023-08-03,32806.01770601158,32906.007019774464,32453.674409894767,32577.470703125,4962396,32740.3125,32712.6953125,32512.47822265625,32082.187044270835,31222.817708333332,130.13734297888004,133.97037458873115,-3.833031609851105,32512.47822265625,33301.151892999,31723.8045523135,51.85186943597636,61.01192629010133,-0.00783074013863283
2023-08-04,32639.369173162813,32682.22173662867,32482.24310712133,32582.232421875,4834540,32707.934375,32806.01875,32508.6689453125,32094.856412760415,31247.20721028646,115.16464226061726,130.20922812310837,-15.044585862491118,32508.6689453125,33295.10745682167,31722.230433803325,54.22709268942762,61.30956548428171,0.00014616600513250866
2023-08-07,32415.585882562995,32739.360829686124,32377.49471231321,32501.291015625,4514528,32616.516796875,32736.9787109375,32516.04951171875,32106.959537760416,31269.39910481771,95.66461194277144,123.300304887041,-27.63569294426955,32516.04951171875,33299.12705542587,31732.971968011625,53.19906819906091,56.25018751659358,-0.0024842191658929202
2023-08-08,32615.5617376782,32653.652904671108,32158.467733763293,32229.888671875,4778109,32545.09453125,32653.654296875,32505.81240234375,32114.14794921875,31287.689078776042,57.64628598784839,110.16950110720248,-52.52321511935409,32505.81240234375,33298.66370566159,31712.96109902591,48.69468856580801,39.28573011506832,-0.008350509634202585
2023-08-09,32282.264477613986,32658.414756925416,32277.503081673334,32582.232421875,4899630,32494.623046875,32630.7998046875,32521.0490234375,32128.774381510415,31304.97088216146,55.3101042740127,99.19762174056453,-43.88751746655183,32521.0490234375,33307.1095571243,31734.988489750696,61.26673654905574,61.30956548428171,0.010932204997265993
2023-08-10,32382.252553579936,32477.48046875,32348.922783270413,32477.48046875,5871749,32474.625,32607.46875,32522.95341796875,32144.3166015625,31317.86494140625,44.493166735835985,88.25673073961882,-43.76356400378283,32522.95341796875,33308.3652686253,31737.541567312204,60.456753109665215,30.59353572714439,-0.0032150023291428464
2023-08-11,32544.14268326454,32729.83713310321,32353.68683727616,32372.732421875,4256388,32432.725,32570.3296875,32520.334765625,32161.7140625,31327.855338541667,27.155343936858117,76.03645337906669,-48.88110944220857,32520.334765625,33307.46759219708,31733.201939052924,33.773514080391934,20.548127619682973,-0.0032252516316895186
2023-08-14,32272.73902504916,32377.489727107448,31982.293896614814,32082.283203125,2612622,32348.9234375,32482.7201171875,32512.00224609375,32180.846549479167,31339.535188802085,-9.907621221165755,58.8476384590202,-68.75525968018596,32512.00224609375,33314.60824753349,31709.396244654006,31.737473753266528,9.210535489918612,-0.008972032850515177
2023-08-16,31839.456529799798,31848.97932224179,31558.534152761036,31601.38671875,4192173,32223.223046875,32384.1587890625,32479.86279296875,32192.51201171875,31351.160872395834,-77.19476223561651,31.639158320092864,-108.83392055570937,32479.86279296875,33373.8978333481,31585.8277525894,29.248310595691805,2.839127543598083,-0.014989471956539435
2023-08-17,31406.164990507405,31506.154296875,31096.674280321993,31506.154296875,6816054,32008.007421875,32251.315234375,32438.2005859375,32200.844401041668,31359.253011067707,-136.62978372431462,-2.014630088788632,-134.61515363552599,32438.2005859375,33431.899874781964,31444.50129709303,29.296105033057813,20.77295775792159,-0.0030135519913274678
2023-08-18,31139.529184708295,31510.918064892892,31096.676621610073,31339.5078125,6251548,31780.412890625,32127.5189453125,32420.10712890625,32205.367740885416,31363.216536458334,-194.93238582400954,-40.59818123583282,-154.33420458817673,32420.10712890625,33481.189108463805,31359.025149348698,26.91689204240167,12.318966743735198,-0.005289331182877111
2023-08-21,31410.928411608566,31591.86145384612,31329.984682186503,31363.314453125,3525107,31578.529296875,32005.6271484375,32405.82294921875,32204.653515625,31366.321647135417,-236.4905057574033,-79.77664614014692,-156.7138596172564,32405.82294921875,33517.11635235245,31294.529546085047,22.03670718687576,13.559362511576376,0.000759636710551792
2023-08-22,31553.76891397626,31701.37217885226,31363.313088329807,31487.109375,6094050,31459.49453125,31904.208984375,32320.59384765625,32210.684602864585,31376.32960611979,-256.47985945014807,-115.11728880214716,-141.3625706480009,32320.59384765625,33439.548932302474,31201.638763010033,28.884676069519514,21.57895483592243,0.003947124978133987
2023-08-23,31334.746046690314,31506.15629705969,31287.132088254377,31420.451171875,4340162,31423.307421875,31823.265234375,32238.459765625,32217.588606770834,31384.21640625,-274.53565009175145,-147.00096106006802,-127.53468903168343,32238.459765625,33369.01713731507,31107.902393934924,20.825089716075723,17.8948230191748,-0.002116999764288474
2023-08-24,31753.746699046475,31868.020191440704,31710.89413939864,31848.974609375,4040484,31491.871484375,31749.939453125,32190.36962890625,32225.12744140625,31391.720947265625,-251.36910757344594,-167.87459036274362,-83.49451721070233,32190.36962890625,33300.05501935743,31080.684238455073,35.963233976959515,45.79694947549279,0.01363836041551103
2023-08-25,31406.168562717277,31625.19278253004,31387.12297838573,31501.396484375,4595875,31524.24921875,31652.3310546875,32129.89990234375,32228.46044921875,31397.150992838542,-258.0811072235083,-185.91589373489657,-72.16521348861173,32129.89990234375,33251.91610730963,31007.883697377863,31.604504899809854,24.637822974180388,-0.010913322305129647
2023-08-28,31701.37596761935,31748.989929721512,31577.57966615373,31715.66015625,4015465,31594.718359375,31586.623828125,32078.4767578125,32238.618098958334,31405.031966145834,-243.30644244394716,-197.3940034767067,-45.91243896724046,32078.4767578125,33175.96762146707,30980.98589415793,37.20927422457757,37.9010503988562,0.006801719789828242
2023-08-29,31872.78451065638,31915.637074235095,31758.511007779813,31863.26171875,4018417,31669.948828125,31564.7216796875,32023.7208984375,32252.664225260418,31415.66944986979,-217.18364377113903,-201.35193153559317,-15.831712235545865,32023.7208984375,33042.84695020112,31004.59484667388,43.7802805141102,46.93882408129331,0.004653901630072621
2023-08-30,32177.506586268064,32210.836350414833,31958.482421875,31958.482421875,3237969,31777.555078125,31600.43125,31992.29501953125,32270.757454427083,31425.57394205729,-186.64608280930042,-198.41076179033462,11.764678981034194,31992.29501953125,32976.449058056045,31008.140981006454,38.40687456075646,52.76927160603603,0.00298841669021499
2023-08-31,32025.150748673677,32068.00331434987,31834.69490122394,31972.775390625,3830111,31802.315234375,31647.093359375,31949.204296875,32287.660416666666,31440.451106770834,-159.45344257926627,-190.61929794812096,31.165855368854693,31949.204296875,32850.01566240385,31048.392931346152,40.293061207930855,53.64444267214616,0.00044723552768632935
2023-09-01,31887.070385072617,32348.925816960334,31877.547592662562,32291.7890625,7052806,31960.39375,31742.321484375,31934.92021484375,32308.451888020834,31452.976595052085,-110.88315014029286,-174.67206838655537,63.78891824626251,31934.92021484375,32802.22156436539,31067.618865322114,48.56176301763587,93.3088982630139,0.009977665935392732
2023-09-04,32387.01523695055,32496.52734375,32234.65056662088,32496.52734375,3263322,32116.5671875,31855.6427734375,31930.6349609375,32330.98916015625,31469.478450520834,-55.23347807112441,-150.7843503234692,95.55087225234479,31930.6349609375,32785.223498746695,31076.046423128304,57.59170661899829,100.0,0.006340258226440687
2023-09-05,32415.587207117187,32563.1904978664,32387.018828262502,32463.201171875,3559458,32236.555078125,31953.251953125,31928.73046875,32340.59140625,31484.841455078124,-13.662364342333603,-123.35995312724208,109.69758878490848,31928.73046875,32778.11827888232,31079.34265861768,68.89366173482102,93.18184655613116,-0.0010255302519703857
2023-09-06,32401.2992478882,32496.527166324315,32201.32061917236,32234.650390625,3958831,32291.788671875,32034.671875,31928.9685546875,32342.972200520835,31498.65216471354,0.8313218621879059,-98.52169812935608,99.35301999154399,31928.9685546875,32778.71439267595,31079.22271669905,65.08888522107225,77.59720432512466,-0.007040303266456882
2023-09-07,32144.18461235572,32239.41253299668,31996.581335362232,32072.763671875,3837258,32311.786328125,32057.05078125,31903.4951171875,32341.06767578125,31515.536783854168,-0.7367399788563489,-78.96470649925614,78.22796652039979,31903.4951171875,32699.639561076347,31107.350673298653,65.21747589658699,61.56705505819987,-0.00502213353606229
2023-09-08,32115.61360435814,32129.897791283725,31882.30521790691,32120.375,4100271,32277.503515625,32118.9486328125,31885.63984375,32342.416731770834,31529.64767252604,1.8411721041302371,-62.80353077857887,64.64470288270911,31885.63984375,32642.638052433336,31128.641635066662,65.55778272446531,65.29817957149514,0.0014844785005774241
2023-09-11,32134.66336295501,32229.8912881675,32020.389852700016,32210.845703125,4173679,32220.3671875,32168.4671875,31877.5455078125,32343.448470052084,31546.78273111979,11.056957921526191,-48.03143303855786,59.08839096008405,31877.5455078125,32615.845001112502,31139.2460145125,65.07949685227463,72.3880355250723,0.0028166141623502394
2023-09-12,32320.352342589154,32348.920715313892,32025.145824433504,32044.19140625,4650274,32136.565234375,32186.56015625,31875.64091796875,32334.481119791668,31564.76005859375,4.856937852004194,-37.453758860445454,42.31069671244965,31875.64091796875,32611.910313162218,31139.371522775284,62.47614002436198,55.86995788765766,-0.0051738566075224535
2023-09-13,32044.194973204343,32220.366624617203,31968.01263745824,32068.001953125,4489610,32103.235546875,32197.512109375,31898.9716796875,32329.799088541666,31582.23126627604,1.8434393960887974,-29.594319209138604,31.4377586052274,31898.9716796875,32628.187678173534,31169.755681201466,55.22733417237682,57.89454801370029,0.0007430534468209071
2023-09-14,32158.473690290997,32520.33984375,32144.189500022876,32520.33984375,3539713,32192.75078125,32252.2685546875,31949.68095703125,32334.401822916665,31602.84568684896,35.545362770841166,-16.566382813142653,52.11174558398382,31949.68095703125,32704.483845490326,31194.878068572176,73.16012703689202,95.65237589344078,0.01410558385540206
2023-09-15,32558.424595091416,33067.89394748609,32539.379011824323,32944.09765625,10140950,32357.4953125,32317.4994140625,32029.91044921875,32339.163151041666,31626.44345703125,95.34897025509417,5.816687800504713,89.53228245458946,32029.91044921875,32849.92624227195,31209.894656165554,75.49394105458401,90.5454479753754,0.013030546868083803
2023-09-18,32686.9847861391,32844.11086012928,32544.14290069348,32548.904296875,4430765,32425.10703125,32322.737109375,32089.18994140625,32335.750846354167,31643.225179036457,109.59165434241368,26.57168110888651,83.01997323352717,32089.18994140625,32877.09138556174,31301.28849725076,62.903224620767986,57.91517580360151,-0.011995877486115525
2023-09-19,32615.564655807782,32615.564655807782,32253.698536998818,32301.3125,5277235,32476.53125,32306.5482421875,32129.90009765625,32329.402278645834,31659.274462890626,99.75063210350709,41.20747130781063,58.54316079569646,32129.90009765625,32869.47250499619,31390.327690316306,56.10183761851426,37.837979212714146,-0.007606762876462558
2023-09-20,32282.26659249226,32401.30149880676,32210.84564870356,32296.55078125,4933163,32522.241015625,32312.73828125,32173.705078125,32323.688639322918,31678.88507486979,90.52381794648682,51.07074063554587,39.45307731094095,32173.705078125,32836.10455019465,31511.305606055354,55.78231245059992,35.20010683357421,-0.00014741564294018517
2023-09-21,32106.08969574158,32167.987836931647,31725.17805764884,31729.939453125,8451806,32364.1609375,32278.455859375,32167.7533203125,32301.31015625,31694.556787109374,37.063457967949944,48.26928410202669,-11.205826134076744,32167.7533203125,32844.42343694278,31491.08320368222,40.78119802412354,0.3546093043358078,-0.017544019854093817
2023-09-22,31429.97353339138,31701.373092761674,31358.552596714988,31615.66796875,7803331,32098.475,32227.98515625,32173.46689453125,32280.598177083335,31711.97703450521,-14.359489007743832,35.74352948007258,-50.10301848781641,32173.46689453125,32828.01463329432,31518.919155768184,35.1046964792919,15.041780386288833,-0.003601377322002608
2023-09-25,31525.201433721882,31706.13447321462,31477.587475960634,31644.236328125,5527636,31917.54140625,32171.32421875,32169.895703125,32257.74345703125,31727.639078776043,-52.20552433476769,18.15371871710453,-70.35924305187221,32169.895703125,32835.643947095414,31504.147459154585,36.12901134264528,16.713088423277032,0.0009036139740346005
2023-09-26,31644.237542165345,31653.76033408294,31196.66632203842,31229.99609375,8274671,31703.278125,32089.9046875,32138.232421875,32230.682845052084,31745.64207356771,-114.30684678516991,-8.338394383350359,-105.96845240181955,32138.232421875,32916.16951152472,31360.29533222528,33.99093827281912,1.7811714223492525,-0.013090542937414074
2023-09-27,31063.34654586502,31306.177734375,31039.539566599335,31306.177734375,11126320,31505.203515625,32013.722265625,32105.6171875,32206.796451822916,31761.22687174479,-155.5819190051734,-37.78709930771497,-117.79481969745844,32105.6171875,32965.649490274496,31245.5848847255,37.441509839657606,13.14554154284897,0.0024393740042845113
2023-10-04,30930.025943211996,30930.025943211996,30463.40917251699,30477.693359375,12823220,31254.754296875,31809.4576171875,32030.8630859375,32166.483268229167,31770.80789388021,-252.23684688118374,-80.67704882240872,-171.55979805877502,32030.8630859375,33157.95430737022,30903.771864504783,28.5714940867675,0.5484457807276016,-0.026463926130793736
2023-10-05,30696.718208566785,30720.525187168125,30472.932609714197,30487.216796875,8742454,31029.0640625,31563.76953125,31940.63447265625,32129.344303385416,31777.65011393229,-324.32944382813,-129.40752782355298,-194.92191600457704,31940.63447265625,33253.407904761276,30627.861040551226,27.030459891578317,0.9141011146165466,0.00031247238390741394
2023-10-06,30530.069328478177,30687.195387093238,30477.69397560649,30544.353515625,5530666,30809.0875,31363.314453125,31843.02578125,32094.109895833335,31786.768961588543,-372.5582707799731,-178.037676414837,-194.5205943651361,31843.02578125,33267.330700797036,30418.720861702957,29.41180571008796,3.107883136271017,0.0018741205250278892
2023-10-10,30858.60657957086,31106.199164378402,30596.729807178268,30615.775390625,5059978,30686.243359375,31194.7607421875,31750.6544921875,32065.14482421875,31795.856770833332,-400.401238952727,-222.510388922415,-177.890850030312,31750.6544921875,33243.580851887156,30257.728132487842,30.322570742308613,5.850148158758905,0.0023383004313206612
2023-10-11,31039.541286278298,31353.793429995796,31034.779890161364,31130.0078125,6209888,30651.009375,31078.1064453125,31695.42236328125,32043.401106770834,31806.137613932293,-376.63116339487897,-253.3345438169078,-123.29661957797117,31695.42236328125,33194.676690822365,30196.168035740135,31.472005380497365,25.59426134448874,0.016796322004389408
2023-10-12,31296.653228150524,31496.631843026884,31296.653228150524,31482.34765625,6337428,30851.940234375,31053.347265625,31665.9015625,32030.148567708333,31818.6109375,-325.60890967127125,-267.7894169877805,-57.81949268349075,31665.9015625,33157.10112361786,30174.70200138214,30.142280542928802,42.7999227721365,0.011318334575185052
2023-10-13,31191.903312862374,31310.938205675924,31125.243772886788,31206.1875,3346991,30995.734375,31012.39921875,31620.1921875,32009.595149739584,31829.64402669271,-303.95343662946107,-275.0222209161166,-28.931215713344443,31620.1921875,33108.77792374556,30131.60645125444,31.149695009764173,34.51322793589485,-0.008771904791387897
2023-10-16,31053.826225928275,31191.906716659938,30777.665244464944,30968.12109375,4402616,31080.487890625,30944.7876953125,31558.05595703125,31985.312076822916,31839.828385416666,-302.5140934442243,-280.52059542173816,-21.993498022486108,31558.05595703125,33046.57853860258,30069.53337545992,31.23322907868807,26.04437379652135,-0.007628820606490283
2023-10-17,31187.139899994305,31420.44827481869,31120.480364330197,31349.02734375,4094158,31227.13828125,30956.6908203125,31523.29775390625,31970.313639322918,31850.2904296875,-267.5532650974528,-277.9271293568811,10.373864259428274,31523.29775390625,32996.40940099678,30050.186106815716,37.93930022225427,51.95525379505598,0.012299947059974281
2023-10-18,31268.084854596756,31510.916029803768,31258.56206341217,31482.34765625,5119785,31297.60625,30974.3078125,31494.0150390625,31957.61650390625,31861.472102864584,-226.47802405542825,-267.63730829659056,41.15928424116231,31494.0150390625,32944.648283063165,30043.381795061832,46.45776574371355,81.99225389239335,0.0042527734923991645
2023-10-19,31077.633261483872,31115.724431407554,30863.37043066316,30882.416015625,5179844,31177.619921875,31014.780078125,31412.11884765625,31933.333463541665,31865.89296875,-239.57341594921672,-262.02452982711577,22.451113877899047,31412.11884765625,32802.47441582957,30021.763279482922,40.789480786036265,33.716770944696464,-0.01905612780773358
2023-10-20,30639.580513817415,30663.38749168363,30296.76003254393,30415.794921875,5747441,31019.54140625,31007.637890625,31285.7037109375,31911.907096354167,31863.450553385417,-284.3264921087466,-266.48492228344196,-17.841569825304646,31285.7037109375,32542.956977516456,30028.450444358547,36.09909534784419,8.771913255735363,-0.015109604556648448
2023-10-23,30382.46784813208,30458.650184062204,30201.53480029804,30253.91015625,3815317,30876.69921875,30978.5935546875,31170.95400390625,31888.655631510417,31860.95078125,-329.0631400088496,-279.00056582852346,-50.06257418032612,31170.95400390625,32359.83492410348,29982.073083709016,38.28568749706999,4.000008154365544,-0.0053223914101476755
2023-10-24,30396.75027818991,30506.26237975607,29877.758144680716,30487.216796875,5387775,30704.337109375,30965.7376953125,31080.24921875,31843.5810546875,31859.22097981771,-341.7518570316206,-291.5508240691429,-50.20103296247771,31080.24921875,32179.44211202985,29981.05632547015,40.52859933464285,37.31780360894891,0.007711619404568104
2023-10-25,30572.92430536471,30587.208493640075,30311.047520316424,30320.5703125,3758074,30471.981640625,30884.7939453125,30981.4501953125,31797.8716796875,31854.654231770834,-361.0922881303013,-305.4591168813746,-55.633171248926715,30981.4501953125,31969.970241489173,29992.930149135827,47.8543884925857,27.113861547190197,-0.005466110123639845
2023-10-26,29858.713060284044,29920.611205680903,29515.89256270145,29544.4609375,4681591,30204.390625,30691.0052734375,30872.17626953125,31743.433072916665,31848.199446614584,-434.0418946819118,-331.17567244148205,-102.86622224042975,30872.17626953125,31987.377698486867,29756.974840575633,39.354810537677004,1.4319818924257457,-0.025596793431027276
2023-10-27,29677.78196445822,29739.680113910803,29463.519139430045,29573.03125,4329063,30035.837890625,30527.6896484375,30770.04443359375,31691.137076822917,31837.677197265624,-483.970685203185,-361.73467499382264,-122.23601020936235,30770.04443359375,31969.503277859363,29570.585589328137,38.96103665485341,5.348846190245248,0.000967027713263624
2023-10-30,29434.502612556378,29730.662814110827,29424.949057667527,29654.234375,3535956,29915.902734375,30396.3009765625,30670.5443359375,31639.638932291666,31825.365690104165,-511.09560586568114,-391.6068611681943,-119.48874469748682,30670.5443359375,31894.571119733366,29446.51755214163,39.09644080492177,10.991799985100513,0.0027458505796560395
2023-10-31,29811.869946782757,29873.968057551574,29257.763727614867,29291.201171875,5657280,29676.699609375,30190.518359375,30573.60458984375,31578.519303385416,31806.623600260416,-555.482786624154,-424.38204625938624,-131.10074036476772,30573.60458984375,31912.75612427911,29234.453055408394,28.408130277453765,1.484029474068352,-0.01224220455447178
2023-11-01,29477.496729921488,29759.326628975992,29463.166396071258,29697.228515625,4694504,29552.03125,30012.0064453125,30493.15712890625,31530.3564453125,31790.443115234375,-551.5391340232491,-449.81346381215883,-101.72567021109023,30493.15712890625,31840.297428309037,29146.01682950346,29.29954453521529,19.50444218010474,0.013861751225820784
2023-11-02,30189.234375,30332.53770272943,30112.805933544307,30189.234375,6131947,29680.9859375,29942.68828125,30478.7341796875,31486.2671875,31777.85380859375,-502.9157007929316,-460.4339112083134,-42.481789584618184,30478.7341796875,31832.730810927722,29124.73754844728,38.769483225402354,41.34077605318666,0.01656739985403477
2023-11-03,30475.840155809445,30557.04537252555,30346.867164554453,30494.947265625,4490811,29865.369140625,29950.603515625,30479.120703125,31451.558463541667,31766.87275390625,-434.7018321917676,-455.2874954050043,20.58566321323667,30479.120703125,31833.13194377264,29125.10946247736,44.85152264360971,54.90900623132441,0.010126553288087425
2023-11-06,30996.51021277168,31923.205078125,30891.421104329547,31923.205078125,10194150,30319.16328125,30117.5330078125,30548.06328125,31440.574674479165,31767.71554361979,-262.3689548581824,-416.7037872956399,154.33483243745752,30548.06328125,32048.55150844547,29047.57505405453,55.08785483832445,100.0,0.04683588399282068
2023-11-07,31674.810526933004,31732.131854986572,31039.49914100598,31345.212890625,8868833,30729.965625,30203.3326171875,30584.53515625,31421.306705729166,31764.13312174479,-170.46799805998307,-367.4566294485086,196.9886313885255,30584.53515625,32126.831256322766,29042.239056177234,48.873599920942,78.31532900210394,-0.018105706682192246
2023-11-08,31574.500803962852,31631.822136738578,30972.62680981772,31053.83203125,4718349,31001.286328125,30276.6587890625,30580.7263671875,31401.70576171875,31757.92685546875,-119.76722583991432,-317.9187487267897,198.1515228868754,30580.7263671875,32117.717685665142,29043.73504870986,51.483157756341335,67.38352368141162,-0.0092958647431024
2023-11-09,31053.831999854083,31316.554774810545,30996.51066713631,31201.912109375,4401718,31203.821875,30442.40390625,30566.70458984375,31378.700423177084,31753.73740234375,-66.86687412658284,-267.70837380674834,200.8414996801655,30566.70458984375,32073.890504385574,29059.518675301926,57.19859723825917,72.93907935314527,0.004768496138447098
2023-11-10,30891.4220963241,31044.278986239417,30776.779428887607,31025.171875,5273275,31309.866796875,30587.61796875,30557.65380859375,31354.495279947918,31749.40594075521,-38.75765003777633,-221.91822905295393,183.1605790151776,30557.65380859375,32050.77911345424,29064.52850373326,57.043400586608186,66.30827375161988,-0.005664403955611963
2023-11-13,31330.88279504526,31349.98990454064,30900.972831399267,31001.28515625,6351729,31125.4828125,30722.323046875,30559.31201171875,31331.637825520833,31746.675944010418,-18.198564284000895,-181.17429609916334,162.97573181516245,30559.31201171875,32054.42900934153,29064.19501409597,54.881341359512255,65.4121100170313,-0.0007699141473329618
2023-11-14,31264.010697656133,31412.090809440295,31235.350030859197,31321.33203125,4710485,31120.706640625,30925.3361328125,30557.92724609375,31318.955305989584,31749.900927734376,23.647177423757967,-140.21000139457908,163.85717881833705,30557.92724609375,32050.012775373743,29065.841716813757,59.233742961025776,77.41938509508721,0.010323664757345696
2023-11-15,31975.746973079004,32023.514745670996,31736.908110119046,31999.630859375,9679173,31309.86640625,31155.5763671875,30583.79140625,31325.592708333334,31759.052360026042,110.27212741646144,-90.11357563237098,200.38570304883243,30583.79140625,32158.966814693544,29008.615997806453,73.06954409164635,99.13644120023562,0.02165612967699615
2023-11-16,31975.75,32076.062331939047,31827.669890947116,31975.75,5466819,31464.633984375,31334.2279296875,30638.45810546875,31333.419303385417,31767.13185221354,174.97898974075724,-37.09506255774534,212.07405229850258,30638.45810546875,32328.938980953648,28947.977229983855,72.59661022926653,96.44067765618819,-0.0007462854643526251
2023-11-17,31951.864436995587,31966.19476937875,31727.35589632601,31813.337890625,6010766,31622.2671875,31466.0669921875,30708.33525390625,31341.316471354166,31773.34210611979,210.72523509038,12.468996971879736,198.25623811850028,30708.33525390625,32473.930656868786,28942.739850943715,70.00001085520567,90.67790613418525,-0.005079227520073837
2023-11-20,31765.56695613921,32176.36977692537,31736.906294223896,32066.50390625,7426441,31835.3109375,31480.396875,30798.96494140625,31353.036295572918,31778.84490559896,256.5257050854889,61.280338594601574,195.2453664908873,30798.96494140625,32650.345590758123,28947.58429205438,76.24206849452187,95.95069534961345,0.00795785769149382
2023-11-21,32224.14005860823,32362.66660199685,32166.81873030949,32219.36328125,7262668,32014.9171875,31567.8119140625,30885.572265625,31365.24052734375,31787.962565104168,301.67980459635874,109.36023179495301,192.31957280140574,30885.572265625,32835.01088564494,28936.133645605063,75.04741488499587,93.63056909451132,0.00476694857184623
2023-11-22,31994.855674555092,32338.78365433532,31937.53434459172,32276.685546875,5610303,32070.328125,31690.097265625,30983.37802734375,31379.511100260417,31798.549853515626,338.19171794280555,155.1265290245235,183.06518891828205,30983.37802734375,33008.28226401624,28958.473790671258,72.68950360879391,95.73464236943425,0.0017791247184066883
2023-11-23,32291.014492083457,32381.773260626294,32147.711173331605,32281.4609375,4815864,32131.4703125,31798.0521484375,31120.22802734375,31386.719205729165,31805.92332356771,363.32482402827736,196.7661880252743,166.55863600300307,31120.22802734375,33105.229946830725,29135.22610785678,70.77776551140114,93.74998700040945,0.0001479517039648659
2023-11-24,32281.46414347968,32343.562254439315,32018.741366342747,32028.294921875,4913581,32174.46171875,31898.364453125,31242.9912109375,31395.500846354167,31811.98064778646,358.67997058067704,229.14894453635486,129.53102604432218,31242.9912109375,33126.1831584979,29359.7992633771,51.68197152595948,77.9763428518369,-0.007842458435048938
2023-11-27,32037.841986733798,32190.698844281953,31880.20835238726,31990.07421875,4318291,32159.17578125,31997.243359375,31359.783203125,31400.0744140625,31819.346256510416,347.9043743757975,252.90003050424338,95.00434387155411,31359.783203125,33113.374041015515,29606.192365234485,62.476825766799756,75.59498148027353,-0.0011933418003746699
2023-11-28,32099.944641275462,32357.890625,32071.28397641718,32357.890625,4270900,32186.88125,32100.89921875,31513.11767578125,31408.318229166667,31830.49122721354,364.8387131825075,275.2877670398962,89.55094614261128,31513.11767578125,33024.72828579686,30001.50706576564,74.5061896959767,98.51197960054324,0.011497829099577972
2023-11-29,32305.345332285804,32305.345332285804,32033.069022373,32252.80078125,3312281,32182.104296875,32126.2162109375,31640.8962890625,31413.22353515625,31841.990494791666,365.56541601474237,293.34329683486544,72.22211917987693,31640.8962890625,32920.42923812778,30361.363339997228,70.07288922315414,91.9643006206087,-0.0032477346860431133
2023-11-30,32181.149720505542,32439.095703125,32095.167726299052,32439.095703125,6834917,32213.63125,32172.55078125,31753.38935546875,31420.995540364584,31854.327978515626,376.82991580764065,310.04062062942046,66.78929517822019,31753.38935546875,32882.2852192842,30624.493491653306,76.90895777035189,100.0,0.005776085095323014
2023-12-01,32271.90785229558,32271.90785229558,32052.176093680184,32071.283203125,4988163,32222.22890625,32198.3453125,31832.20615234375,31417.320442708333,31862.886165364584,352.01985250227517,318.4364670039914,33.58338549828375,31832.20615234375,32799.738678042966,30864.673626644537,68.00638954533652,69.44433459040654,-0.011338555900760383
2023-12-04,32300.566284686203,32376.99471718472,32176.37008187611,32233.69140625,6735167,32270.95234375,32215.0640625,31847.73046875,31412.93984375,31871.964501953124,341.52578660060317,323.0543309233138,18.471455677289384,31847.73046875,32831.24250661508,30864.218430884917,66.21382219247997,71.14053550007345,0.0050639758345925046
2023-12-05,32085.614322194808,32109.498209586643,31880.212890625,31880.212890625,4349890,32175.416796875,32181.1490234375,31874.48046875,31403.223372395834,31871.907389322918,301.2141919941605,318.68630313748315,-17.47211114332265,31874.48046875,32829.12293170641,30919.838005793586,47.60079923655016,21.476527354350868,-0.010966119615963721
2023-12-06,32033.0685542208,32171.59509583613,31985.30078125,31985.30078125,7820757,32121.916796875,32152.010546875,31921.05390625,31399.067545572918,31871.019873046876,274.5814730561324,309.865337121213,-35.28386406508059,31921.05390625,32794.55999148265,31047.547821017346,50.1858193607814,36.24145824919952,0.003296335911731063
2023-12-07,31884.98740131887,32009.183606927007,31765.567972849512,31861.103515625,9681266,32006.318359375,32109.9748046875,31954.0134765625,31395.539876302082,31868.303776041666,240.6787749430805,296.0280246855865,-55.349249742506004,31954.0134765625,32760.436852930758,31147.590100194244,50.94335255834622,17.687139655875352,-0.003882948185305324
2023-12-08,32128.60913140055,32343.564143430434,32114.278797265222,32324.45703125,8598566,32056.953125,32139.591015625,32018.977734375,31398.941243489582,31870.67898763021,248.33672752609345,286.4897652536879,-38.15303772759444,32018.977734375,32711.65951820415,31326.29595054585,54.703941463581415,82.97936867007535,0.01454292113258937
2023-12-11,32391.32931355854,32434.320312499996,32185.927874171575,32434.3203125,7031812,32097.07890625,32184.015625,32090.6294921875,31402.6658203125,31873.05714518229,260.27052218484823,281.24591663992,-20.97539445507175,32090.6294921875,32616.431143905997,31564.827840469006,53.98232778272291,99.29098826813755,0.0033987664864343348
2023-12-12,32515.527707848254,32668.384603198796,32505.974151888844,32568.072265625,11151250,32234.65078125,32205.0337890625,32152.96650390625,31411.39716796875,31872.93914388021,277.3239869424506,280.4615307004261,-3.13754375797555,32152.96650390625,32581.337960622684,31724.595047189814,55.249612586402726,88.88895771282071,0.00412377851104373
2023-12-13,32553.737755364153,32553.737755364153,32238.47044914933,32252.80078125,3987975,32288.15078125,32205.0337890625,32165.625,31414.4771484375,31872.138118489584,262.3747142873799,276.8441674178169,-14.469453130436989,32165.625,32589.860612539298,31741.389387460702,49.53561410082433,53.96808078424363,-0.009680385188403196
2023-12-14,32692.263866787387,32840.34396320328,32534.63021576401,32644.49609375,8792731,32444.829296875,32225.573828125,32199.0623046875,31416.546419270835,31875.47412109375,278.9186456626121,277.2590630667759,1.6595825958361843,32199.0623046875,32663.772571617996,31734.352037757006,59.555456752013946,81.77779637700897,0.01214453638171209
2023-12-15,32749.587748254038,33131.729962352685,32749.587748254038,32830.79296875,6261323,32546.096484375,32301.5248046875,32249.93505859375,31414.6580078125,31876.910579427084,303.5631443678503,282.5198793269908,21.043265040859524,32249.93505859375,32757.629293017413,31742.240824170087,62.4646286105458,77.97208560076204,0.005706838741360354
2023-12-18,32916.76789340101,32974.08921319797,32749.5807106599,32935.875,4133230,32646.407421875,32371.7431640625,32293.40361328125,31421.10751953125,31878.42918294271,327.7947154261674,291.5748465468261,36.21986887934128,32293.40361328125,32878.0141683208,31708.793058241703,59.29329878064865,85.66385510228469,0.003200715601052506
2023-12-19,32849.89251840766,32983.642262557056,32749.58021029561,32964.53515625,5012552,32725.7,32480.175390625,32330.66220703125,31432.16123046875,31880.78175455729,345.33029250403706,302.3259357382683,43.00435676576876,32330.66220703125,32986.09724152332,31675.227172539184,61.73219250675778,87.76171439497536,0.0008701805022639508
2023-12-20,33212.93260080502,33599.8515625,33198.60226889039,33599.8515625,9403237,32995.11015625,32641.63046875,32396.8205078125,31453.88291015625,31888.785774739583,405.8141155849444,323.02357170760354,82.79054387734084,32396.8205078125,33262.65948348707,31530.981532137932,66.66662927492743,100.0,0.01927272455803286
2023-12-21,33351.460428815466,33494.76375348812,33222.487436610085,33380.12109375,6310580,33142.23515625,32793.5322265625,32451.753515625,31481.3859375,31891.348046875,431.04870749351903,344.6285988647866,86.42010862873241,32451.753515625,33420.114679320766,31483.392351929237,69.62750430992317,88.02091072559459,-0.006539626174873803
2023-12-22,33690.60451364123,33757.47938436163,33485.203125,33485.203125,3155432,33273.1171875,32909.6068359375,32524.59892578125,31512.544856770834,31896.571516927084,454.2897753564357,366.56083416311645,87.72894119331926,32524.59892578125,33574.58716830316,31474.610683259343,69.09616177799394,86.33090519046047,0.0031480422421137355
2023-12-26,33652.39894749343,33676.28283602962,33461.3278392039,33623.73828125,2667076,33410.68984375,33028.5486328125,32606.28212890625,31545.536555989584,31901.640006510417,478.3727352877104,388.92321438803526,89.44952089967512,32606.28212890625,33732.590067229845,31479.974190582652,78.47107714780523,93.28579060601388,0.0041372051927786035
2023-12-27,33685.84143380287,33996.33203125,33595.08264377985,33996.33203125,10959810,33617.04921875,33171.374609375,32688.20419921875,31591.642154947916,31911.1625,521.5121883929751,415.44100918902325,106.07117920395183,32688.20419921875,33966.52722456576,31409.88117387174,80.20083676117578,100.0,0.0110812708237078
2023-12-28,34010.65057367984,34555.203125,33953.32925248825,34555.203125,10582820,33808.11953125,33401.61484375,32803.32431640625,31645.792578125,31926.294514973957,593.9500558441941,451.14281852005746,142.80723732413668,32803.32431640625,34310.715047105674,31295.93358570683,85.786736445898,100.0,0.016439158590293657
2024-01-02,34378.4677404292,34899.13648903373,34321.14641030761,34765.38671875,7419568,34085.17265625,33613.70390625,32919.6388671875,31717.254134114584,31941.868701171876,660.7014916011976,493.0545531362855,167.64693846491213,32919.6388671875,34651.05278679088,31188.224947584124,84.76183217827345,95.07042069853802,0.006082545456025379
2024-01-03,34368.92101160613,34368.92101160613,33800.484375,33800.484375,8099979,34148.22890625,33710.673046875,33006.09892578125,31772.475260416668,31950.909781901042,628.4979965634993,520.1432418217283,108.35475474177099,33006.09892578125,34731.82970346591,31280.36814809658,65.64558656298846,58.707628181646484,-0.027754684610759695
2024-01-04,33542.526714428284,33771.812000998005,33413.55374073282,33504.3125,8879926,34124.34375,33767.516796875,33069.62998046875,31821.80791015625,31957.958902994793,572.4787212882293,530.6103377150285,41.86838357320073,33069.62998046875,34768.9844335722,31370.2755273653,60.33744555294999,47.5761343917356,-0.008762355938871091
2024-01-05,33489.986466078066,33599.852346654276,33351.45992100372,33408.78125,6663218,34006.83359375,33811.94140625,33146.0583984375,31868.3580078125,31966.751416015624,514.4442751746901,527.3771252069608,-12.932850032270721,33146.0583984375,34755.27925637108,31536.837540503915,63.41464078004379,36.96970670444385,-0.0028513120512471124
2024-01-08,33585.52463610403,33671.506636310245,33260.70374643613,33298.91796875,5362721,33755.5765625,33781.848046875,33211.7392578125,31904.506510416668,31973.95380859375,454.3490567789049,512.7715115213497,-58.42245474244476,33211.7392578125,34725.90320654204,31697.575309082964,58.1257893848473,25.555867687115125,-0.0032884552246275067
2024-01-09,33733.59772880669,33786.14227355562,33083.95608463823,33174.71484375,7512393,33437.4421875,33761.307421875,33277.41982421875,31932.712630208334,31981.430598958334,392.1801998388619,488.65324918485214,-96.47304934599026,33277.41982421875,34652.473076037066,31902.36657240043,54.337271052346374,19.777785660208963,-0.0037299447722763945
2024-01-10,33174.722621560635,33241.597512374436,32787.80361042364,32811.6875,4007127,33239.6828125,33693.955859375,33301.78134765625,31959.470963541666,31984.533056640626,310.0436696882389,452.9313332855295,-142.8876635972906,33301.78134765625,34621.91397272423,31981.648722588274,48.52951515443051,2.8893074500402642,-0.010942892665689152
2024-01-11,32873.78793150436,33064.85906159157,32759.145253452036,32864.234375,5403988,33111.6671875,33618.00546875,33323.27705078125,31991.0728515625,31988.192464192707,246.3501996877385,411.61510656597136,-165.26490687823286,33323.27705078125,34597.12580678858,32049.428294773927,48.81903453071835,4.91072672638301,0.001601468226832381
2024-01-12,32749.59148215072,32869.01093767198,32486.868680003943,32548.966796875,8090307,32939.704296875,33473.2689453125,33322.32177734375,32011.071842447916,31990.692740885417,168.49094830201648,362.9902749131804,-194.4993266111639,33322.32177734375,34598.581481441826,32046.062073245677,36.61808032638719,2.5742629669312187,-0.009593029751662985
2024-01-15,32639.72440701264,32830.79552896208,32563.295958232866,32687.4921875,6318099,32817.419140625,33286.4978515625,33344.05634765625,32031.157584635417,31994.387044270832,116.62044406617497,313.7163087437793,-197.0958646776043,33344.05634765625,34556.853902643445,32131.258792669058,40.993835826566084,8.316800760888473,0.004255907460580355
2024-01-16,32491.645810953476,32630.17238086198,32200.262336318345,32238.4765625,5992875,32630.171484375,33033.8068359375,33323.75537109375,32053.75859375,31993.546028645833,38.83324195471505,258.73969538596646,-219.9064534312514,33323.75537109375,34597.899012428614,32049.61172975889,35.11988959806797,1.4159321264834548,-0.013736618961907032
2024-01-17,32372.21877195189,32400.879434875267,31435.970449788314,31450.30078125,13766680,32357.894140625,32798.7884765625,33254.73076171875,32071.000358072917,31991.453727213542,-85.42811252810498,189.9061338031522,-275.3342463312572,33254.73076171875,34768.37966943367,31741.08185400382,27.541931280892953,0.413792792470569,-0.024448294872804643
2024-01-19,31927.979882288873,32128.604531459452,31889.76566339924,32071.283203125,8205234,32199.30390625,32655.485546875,33211.501171875,32101.289908854167,31994.972770182292,-132.27327554850854,125.47025193282006,-257.7435274813286,33211.501171875,34810.47353946978,31612.528804280228,31.079736827657584,18.344853990168883,0.019744880222106298
2024-01-22,32410.44036996913,32429.54748293595,32104.7265625,32104.7265625,6761069,32110.455859375,32525.080078125,33168.5107421875,32128.248404947917,31985.91472981771,-164.80009226052425,67.4161830941512,-232.21627535467545,33168.5107421875,34840.02938895059,31496.992095424408,23.14157613558811,19.31054142750258,0.0010427820790077647
2024-01-23,32252.797189535228,32334.002395729258,32061.726116137506,32271.904296875,4506031,32027.33828125,32422.3787109375,33102.11337890625,32160.770638020833,31979.321158854167,-175.06988617579918,18.918969240161125,-193.9888554159603,33102.11337890625,34806.6618020969,31397.564955715596,22.41011253680884,28.501463951324908,0.005207262365232834
2024-01-24,32295.78907033572,32295.78907033572,31880.209474252413,32147.708984375,5453870,32009.184765625,32319.678125,33040.4927734375,32204.15810546875,31973.79558919271,-191.02824096781842,-23.070472801434782,-167.95776816638363,33040.4927734375,34791.20467565445,31289.78087122055,27.532377053750494,30.284531853750817,-0.003848403594578942
2024-01-25,32166.81867185181,32233.693554745474,31985.301132569013,32185.92578125,7350090,32156.309765625,32257.101953125,32975.52890625,32247.70634765625,31969.421712239582,-198.30563211150366,-58.11750466344856,-140.1881274480551,32975.52890625,34752.97972121713,31198.07809128287,30.726308984837203,31.91065963251632,0.0011887875709455376
2024-01-26,32033.073718171294,32568.072861689812,31923.207822627315,32243.251953125,4530850,32190.703515625,32195.0037109375,32906.50458984375,32290.856640625,31965.247786458334,-197.17437064018304,-85.92887785879546,-111.24549278138758,32906.50458984375,34685.184831830564,31127.82434785694,32.76846925357205,34.34989285347744,0.0017810943909029042
2024-01-29,32353.118178646593,32835.57276834736,32271.912950677157,32625.39453125,4271662,32294.837109375,32202.646484375,32837.95771484375,32346.426529947916,31962.472916666666,-163.55674507131334,-101.45445130129903,-62.10229377001431,32837.95771484375,34543.97904480962,31131.936384877892,40.784372203996426,50.61009026799792,0.011851862171984306
2024-01-30,32793.04696290355,32922.37975110081,32491.270457109964,32567.912109375,7939707,32354.038671875,32190.6884765625,32738.5931640625,32394.271256510416,31962.313850911458,-139.93974735272423,-109.15151051158408,-30.788236841140147,32738.5931640625,34243.07371776367,31234.112610361324,41.54287888859672,62.68967069896786,-0.0017618920077714373
2024-01-31,32323.614086055277,32496.057788944723,32318.823983197235,32409.8359375,8485416,32406.4640625,32207.8244140625,32620.815625,32431.281282552085,31958.77423502604,-132.45171159910387,-113.81155072908805,-18.64016087001582,32620.815625,33788.287159624284,31453.344090375715,44.05997420141603,59.78711378143733,-0.004853739820474878
2024-02-01,32371.519355292796,33018.18332584096,32357.14904483617,32965.4921875,7021653,32562.37734375,32359.3435546875,32579.066015625,32472.45703125,31962.007747395834,-80.74974100468171,-107.1991887842068,26.449447779525087,32579.066015625,33621.989482575504,31536.1425486745,51.30296008484672,96.66978197823695,0.017144679506293725
2024-02-02,33233.737367372254,34081.58566861539,33209.78685038799,34028.89453125,11476190,32919.505859375,32555.1046875,32605.2951171875,32507.55185546875,31974.06326497396,45.507542478182586,-76.65784253172892,122.1653850099115,32605.2951171875,33765.93802456317,31444.652209811826,65.96877153569102,98.00835975729103,0.03225804540401267
2024-02-05,33937.878293428505,33937.878293428505,33195.41236040361,33616.94140625,11378060,33117.815234375,32706.326171875,32615.703125,32545.413997395834,31983.3603515625,111.04610455189686,-39.11705311500376,150.16315766690062,32615.703125,33809.93121910989,31421.47503089011,59.47017126299995,82.43719422768551,-0.012105980246337023
2024-02-06,33478.033074332176,33770.22938532578,33291.21903943463,33487.61328125,9454374,33301.75546875,32827.8970703125,32625.137890625,32585.977018229165,31993.841389973957,150.8117246432521,-1.131297563352593,151.9430222066047,32625.137890625,33844.80333400389,31405.47244724611,63.61439525210424,77.54879911717745,-0.0038471115928456756
2024-02-07,33655.26542335155,34230.077813161144,33645.68521685473,33961.83203125,7548365,33612.1546875,33009.309375,32664.49375,32631.97568359375,32005.338053385418,218.07788882145542,42.710539713609016,175.3673491078464,32664.49375,34003.75998627718,31325.227513722824,79.3842466742593,88.58464631955863,0.014161019658738061
2024-02-08,34100.74842825444,34254.03174749929,33942.67500528318,34000.15625,6259742,33819.0875,33190.732421875,32723.9171875,32681.558756510418,32018.027018229168,271.35128403147974,88.43868857718317,182.91259545429656,32723.9171875,34190.1308691076,31257.703505892405,76.12981098688036,89.30520197908311,0.0011284496877181915
2024-02-13,34407.310418841334,34613.28485125261,34345.03907881002,34416.890625,6108254,33896.68671875,33408.0962890625,32801.55,32738.485514322918,32035.061669921874,343.2411445631951,139.39917977438557,203.84196478880955,32801.55,34451.90244950716,31151.19755049285,78.37544247193682,92.81416722329219,0.01225683705497671
2024-02-14,33885.18959670876,34076.79372222026,33770.22712140186,33947.4609375,7163970,33962.790625,33540.3029296875,32871.47470703125,32782.25432942708,32050.604817708332,358.20614689358626,183.16057319822573,175.04557369536053,32871.47470703125,34593.70854072919,31149.240873333314,69.14271535429258,75.63828940263573,-0.013639514754973603
2024-02-15,34301.935146977004,34321.0955632021,33875.61588596863,33899.56640625,6137814,34045.18125,33673.468359375,32932.07841796875,32813.919921875,32069.756315104165,362.0280961194658,218.93407778247374,143.09401833699204,32932.07841796875,34711.409535587925,31152.747300349565,70.36955618285003,73.46847553405038,-0.0014108428120199745
2024-02-16,34172.59480798825,34273.186971005875,33990.570893956356,34239.65625,7035777,34100.74609375,33856.450390625,33032.13740234375,32851.651692708336,32092.535498046876,388.0264986198672,252.75256194995245,135.27393666991475,33032.13740234375,34871.303779290516,31192.97102539699,72.3131716699473,86.11085863799427,0.01003227709978316
2024-02-19,34340.24905625861,34847.99998385847,34335.45895316805,34776.1484375,6673013,34255.94453125,34037.516015625,33198.42978515625,32901.03186848958,32121.174169921876,446.7707605661053,291.55620167318307,155.21455889292224,33198.42978515625,35036.81213088817,31360.047439424336,74.92407518949011,97.21082613153261,0.015668737547562372
2024-02-20,34680.344969512196,34699.50538109756,34172.5940625,34368.98828125,6441149,34246.3640625,34071.525390625,33313.3150390625,32939.40660807292,32146.221451822916,455.22405007593625,324.2897713537337,130.93427872220252,33313.3150390625,35142.26994209549,31484.360136029518,67.0731595366578,81.06056270962418,-0.011708029052778901
2024-02-21,34349.82497992038,34594.12020708199,34177.38129015924,34292.34375,6976327,34315.340625,34139.065625,33422.6958984375,32973.956282552084,32169.598404947916,450.54516557422903,349.5408501978328,101.00431537639622,33422.6958984375,35208.46648784808,31636.925309026923,66.82239625151522,78.03014761672586,-0.002230049096086262
2024-02-22,34613.281202230406,34646.81192025083,34340.24535549263,34469.578125,6463600,34429.34296875,34237.262109375,33532.57958984375,33010.5044921875,32195.00779622396,455.88330973301345,370.80934210486896,85.07396762814449,33532.57958984375,35290.43662336004,31774.722556327466,70.0186331442178,84.80752690054561,0.005168336591167
2024-02-23,34776.149177836654,34977.333511923316,34527.063811824606,34574.96484375,6739000,34496.4046875,34298.575390625,33653.9423828125,33048.72955729167,32217.724381510416,463.2772827521985,389.3029302343349,73.97435251786362,33653.9423828125,35343.035150023985,31964.849615601015,67.14286546413157,77.41938986300508,0.003057383480813858
2024-02-26,34368.984347721715,34450.41608763966,34019.306876309354,34297.1328125,5130714,34400.6015625,34328.273046875,33759.502734375,33086.54352213542,32241.02218424479,441.6275294025327,399.76785006797445,41.85967933455822,33759.502734375,35321.39596592431,32197.609502825682,53.431278001025355,61.82767689562427,-0.008035641757137557
2024-02-27,34311.511941602694,34392.94370245809,33966.624483862164,34004.9453125,5199598,34327.79296875,34287.078515625,33847.58740234375,33120.12470703125,32260.099560546874,396.32427501858183,399.07913505809597,-2.754860039514142,33847.58740234375,35238.81723843919,32456.357566248313,55.12019406725754,42.32964515226042,-0.008519298146505982
2024-02-28,34091.158716275575,34527.058033850546,34004.93687323877,34421.67578125,5641427,34353.659375,34334.5,33937.40146484375,33154.52112630208,32281.419677734375,389.55721253806405,397.17475055408966,-7.617538016025605,33937.40146484375,35224.43910026354,32650.36382942396,61.45706761931411,58.27293642540234,0.012254995998973506
2024-02-29,34297.13724797684,34440.84033700467,34115.11333520825,34330.66796875,6145314,34325.87734375,34377.61015625,34025.5392578125,33189.15224609375,32301.187890625,372.55610204719414,392.25102085271055,-19.69491880551641,34025.5392578125,35148.693176453424,32902.38533917158,54.99351628755106,46.42845500188554,-0.0026439099908545094
2024-03-04,34689.92399845254,35006.07077888583,34632.44276564649,34824.046875,6037381,34375.69375,34436.04921875,34146.2498046875,33228.90143229167,32324.948486328125,394.3483515680564,392.67048699577975,1.6778645722766328,34146.2498046875,35032.12747432881,33260.372135046186,59.93069288283707,85.27128388906354,0.0143713750836163
2024-03-05,34713.87626037767,35010.8626448324,34546.22265625,34546.22265625,5784831,34425.51171875,34413.056640625,34225.286328125,33270.15042317708,32343.735432942707,384.7654372859106,391.0894770538059,-6.324039767895329,34225.286328125,34931.43313068729,33519.139525562714,51.61290322580645,62.548227919703415,-0.007977941786813103
2024-03-06,34373.77475734067,34503.10752189587,34263.602402349185,34421.67578125,5517887,34508.8578125,34418.325390625,34244.925390625,33306.61682942708,32359.77833658854,362.93730145475274,385.4590419339953,-22.521740479242567,34244.925390625,34949.9212369814,33539.929544268605,56.47054810364475,48.10054651271602,-0.0036052241149284736
2024-03-07,34555.79735085523,34680.34000834376,34282.761524822694,34445.625,4849264,34513.64765625,34433.653515625,34286.3595703125,33349.373697916664,32376.29853515625,343.60992699780763,377.0892189467578,-33.47929194895016,34286.3595703125,34930.75591038154,33641.96323024347,57.49984709627784,45.87081128052063,0.0006957598143157995
2024-03-08,34857.57399495443,35077.9186979595,34814.463074801264,34948.5859375,7394314,34637.23125,34481.554296875,34359.408203125,33398.76178385417,32398.914664713542,364.67385453726456,374.60614606485916,-9.9322915275946,34359.408203125,34951.68261084496,33767.13379540504,59.319840518294995,88.36196942098225,0.014601591276105497
2024-03-11,34747.41040298894,34881.53329949896,34613.28750647892,34656.3984375,6073156,34603.7015625,34489.69765625,34394.1365234375,33445.35003255208,32420.444954427083,353.7126997087835,370.42745679364407,-16.714757084860594,34394.1365234375,34969.464876170365,33818.80817070463,48.317660177892506,62.06942723967228,-0.008360495629852638
2024-03-12,34766.56490359908,35030.020548363194,34594.121208844386,34953.37890625,8134832,34685.1328125,34555.322265625,34441.79765625,33489.16539713542,32444.0533203125,364.7847360288142,369.2989126406781,-4.514176611863888,34441.79765625,35037.28291687162,33846.312395628374,58.47224959395451,88.79326553403662,0.008569282503073206
2024-03-13,35087.50547493094,35259.94918784528,34958.17269024519,35116.24609375,8736002,34824.046875,34666.45234375,34476.7654296875,33533.86416015625,32468.264990234376,382.29457162395556,371.8980444373336,10.396527186621938,34476.7654296875,35143.91462553828,33809.616233836714,61.65325383240937,88.88886188806934,0.004659554887006312
2024-03-14,35154.568536547755,35465.925254748545,35154.568536547755,35432.39453125,9555540,35021.40078125,34767.52421875,34551.012109375,33581.602864583336,32496.50001627604,416.87628886659513,380.89369332318597,35.98259554340916,34551.012109375,35296.09855164394,33805.92566710606,63.10315020823122,97.76357591821142,0.00900291097903727
2024-03-15,35144.98453053958,35226.41627880442,34766.56640625,34766.56640625,6009649,34984.996875,34811.1140625,34594.362109375,33623.49895833333,32518.988053385416,386.1050056365639,381.93595578586155,4.169049850702322,34594.362109375,35278.23317777637,33910.491040973626,52.262424655032135,53.354332761058565,-0.018791507991726797
2024-03-18,34876.74168798775,34996.494268979324,34689.92766164088,34986.9140625,5967833,35051.1,34827.40078125,34631.725,33662.5392578125,32539.542838541667,375.1739841670351,380.58356146209627,-5.409577295061183,34631.725,35315.6516440725,33947.798355927494,58.25700599832788,68.05102741557617,0.0063379182653593436
2024-03-19,34713.87888135219,34713.87888135219,34378.571647780416,34570.17578125,7383566,34974.459375,34829.79609375,34621.4263671875,33691.528971354164,32553.093489583334,329.0902271419909,370.2848945980752,-41.19466745608429,34621.4263671875,35302.39290922309,33940.45982515191,56.57016136282526,38.688802400133966,-0.011911261464945033
2024-03-20,34833.632084865196,35197.67994493804,34833.632084865196,35178.51953125,4822500,34986.9140625,34905.48046875,34661.9029296875,33728.90638020833,32575.006949869792,337.7632496763108,363.7805656137224,-26.01731593741158,34661.9029296875,35375.1621743552,33948.6436850198,58.4222716033927,78.72348331095912,0.01759735772966331
2024-03-21,35748.5417274294,36198.81144769985,35729.38131380088,36131.75,9692134,35126.78515625,35074.09296875,34753.8732421875,33781.69329427083,32606.92726236979,416.7503759533356,374.3745276816451,42.37584827169053,34753.8732421875,35702.1364432897,33805.6100410853,66.8157830433308,96.5346664815893,0.027096946700762015
2024-03-22,36126.95935754886,36318.56349097527,35877.873984094535,36026.3671875,6003798,35378.7453125,35181.87109375,34831.7126953125,33822.13522135417,32638.00906575521,465.4789784387103,392.59541783305815,72.88356060565218,34831.7126953125,35926.04760374595,33737.37778687904,62.102264952761715,85.78093253967025,-0.002916626305119463
2024-03-25,36170.06238736484,36304.18525146843,35806.01461336938,35882.65625,4720635,35557.89375,35304.496875,34897.097265625,33863.844140625,32672.6150390625,486.88793433536193,411.453921133519,75.43401320184296,34897.097265625,36079.55788397753,33714.63664727247,63.82549169364061,78.78756715210065,-0.0039890488194952445
2024-03-26,36184.44167423992,36605.97078032055,36155.70105337079,36237.1328125,6553288,35891.28515625,35432.872265625,34994.097265625,33909.709635416664,32711.12724609375,526.3900850026985,434.44115390735493,91.94893109534354,34994.097265625,36282.83963203538,33705.354899214624,67.9281296314441,84.12377331281286,0.009878771516531826
2024-03-27,36050.31463659334,36356.8812239893,36016.78391609691,36256.2890625,5449895,36106.8390625,35546.8765625,35106.664453125,33953.58548177083,32749.56101888021,552.868449941474,458.1266131141788,94.74183682729517,35106.664453125,36424.58540953238,33788.743496717616,67.89774043585031,84.30089548334455,0.000528635918827236
2024-03-28,36241.92291597819,36423.946848149375,36146.12084641441,36237.1328125,4745970,36127.915625,35627.350390625,35197.4373046875,33990.93216145833,32791.28715820312,565.7849785978688,479.6582862109168,86.12669238695196,35197.4373046875,36565.82508784422,33829.049521530775,64.08385037478033,83.44086776221698,-0.0005283566105449555
2024-03-29,36395.20754796607,36500.58982831028,36179.65288362566,36356.88671875,5014519,36194.01953125,35786.382421875,35298.7482421875,34020.960221354166,32833.37639973958,579.0100921053236,499.52864738979815,79.48144471552541,35298.7482421875,36696.645918218084,33900.85056615692,69.31441962903182,88.81726862816471,0.0033047290708576593
2024-04-01,36696.978827044935,36735.299650777655,36376.04192828341,36380.83203125,3538372,36293.6546875,35925.77421875,35376.5875,34047.88430989583,32882.56922200521,584.6834100430133,516.5595999204412,68.12381012257208,35376.5875,36835.24189234803,33917.933107651974,67.28534046768068,84.95933263928418,0.0006586183433481274
2024-04-02,36356.88309869846,36649.07939237707,36270.6612415474,36481.42578125,6365867,36342.51328125,36116.89921875,35473.34765625,34092.566666666666,32932.52096354167,590.4898311048164,531.3456461573163,59.144184947500094,35473.34765625,36956.612640897125,33990.082671602875,66.78439425840261,89.22769750243627,0.0027650205996825328
2024-04-03,36261.079606052524,36280.240017997596,35916.19219104119,35930.5625,7079000,36277.36796875,36192.103515625,35548.7919921875,34133.004166666666,32977.40603841146,544.3662829355162,533.9497735129563,10.416509422559898,35548.7919921875,36958.49901989963,34139.08496447537,55.79059400231205,65.85362630926409,-0.015099828733479037
2024-04-04,36332.92919973219,36486.21248706132,36265.8677615257,36443.1015625,5544692,36318.56171875,36223.238671875,35648.6658203125,34183.576171875,33025.96708984375,542.9123025130175,535.7422793129685,7.170023200048945,35648.6658203125,37011.54725763359,34285.784382991405,70.20779717293391,87.60153535299604,0.014264710231018496
2024-04-05,36093.41926045817,36313.763956673305,35930.55578934263,36069.46875,6309280,36261.078125,36227.548828125,35704.7099609375,34229.75201822917,33067.12926432292,505.780642751648,529.7499520007045,-23.96930924905655,35704.7099609375,37038.24597724669,34371.17394462831,62.5833870630863,71.74765607525073,-0.010252497632761037
2024-04-08,36146.11616677136,36304.189561086685,36045.524006752516,36222.7578125,5115111,36229.46328125,36261.558984375,35783.0279296875,34280.552734375,33106.63268229167,483.15319188161084,520.4305999768858,-37.27740809527495,35783.0279296875,37039.066346718544,34526.98951265646,70.4625019468013,73.0477688390438,0.004249828672622247
2024-04-09,36404.779815369264,36486.21155969311,35944.92996506986,35997.62109375,5176282,36132.70234375,36237.6078125,35835.2400390625,34333.651627604166,33146.561295572916,441.9594885146944,504.7363776844475,-62.77688916975313,35835.2400390625,37031.45908568958,34639.02099243541,61.205626914452694,26.666158681956226,-0.006215338984275509
2024-04-11,35427.59810969116,36141.323382587856,35365.32677715655,35983.25,8686248,36143.23984375,36210.30390625,35878.590234375,34385.63522135417,33188.35403645833,403.5022320903008,484.4895485656182,-80.98731647531736,35878.590234375,37026.98361115078,34730.196857599214,47.26620815822855,45.10477796616203,-0.0003992234295864261
2024-04-12,35988.04576597997,36035.94679854483,35600.0474022046,35633.578125,7688584,35981.33515625,36149.9484375,35888.6494140625,34437.04541015625,33224.05862630208,340.8795342411031,455.7675457007152,-114.88801145961207,35888.6494140625,37024.03726696752,34753.26156115748,43.3657150095799,19.58077805835733,-0.009717629035731923
2024-04-15,35389.28204960505,35489.87421569083,35039.60451987831,35475.50390625,8579198,35862.5421875,36061.81015625,35924.0962890625,34483.51227213542,33257.33492838542,275.32159073542425,419.67835470765704,-144.35676397223278,35924.0962890625,36951.073540258214,34897.11903786679,43.15632169115957,25.706235656907378,-0.004436102885752469
2024-04-16,35030.02650634934,35130.61867873186,34483.95471341569,34656.3984375,10000030,35549.2703125,35889.366796875,35907.5705078125,34523.81097005208,33288.78478190104,155.4792148037959,366.8385267268848,-211.3593119230889,35907.5705078125,37006.184571737176,34808.95644388783,27.01946032633016,7.659586997200586,-0.023089325832118535
2024-04-17,34728.246237859836,34828.8383993764,34277.9765625,34277.9765625,7809241,35205.34140625,35669.021875,35892.960546875,34570.93889973958,33320.96962890625,29.626272523419175,299.3960758861917,-269.7698033627725,35892.960546875,37071.336668108415,34714.58442564159,23.959668048085717,0.0,-0.010919249895007255
2024-04-18,34368.99123682358,34943.803633815754,34316.30010043263,34876.7421875,6719354,34984.03984375,35563.63984375,35877.8716796875,34617.696549479166,33359.49322916667,-21.549302169456496,235.20700027506206,-256.75630244451855,35877.8716796875,37101.621667531654,34654.12169184335,34.463914490413174,24.366581173486495,0.017467939623222906
2024-04-19,34340.25258958567,34445.63486842105,33698.3787094065,34220.5,17572130,34701.42421875,35341.3796875,35782.3091796875,34652.95944010417,33390.60392252604,-113.74835368474305,165.41592948310105,-279.16428316784413,35782.3091796875,37204.924414907924,34359.69394446708,28.26512874845706,17.1924558022168,-0.01881604032773454
2024-04-22,34512.69015452348,34766.565599102214,34373.77717541437,34680.34375,8495605,34542.3921875,35202.4671875,35715.0080078125,34693.10009765625,33426.935367838545,-148.00510796383605,102.73172199371365,-250.7368299575497,35715.0080078125,37214.2981242462,34215.71789137881,34.10922210841319,33.27904610117638,0.013437668941131742
2024-04-23,34756.98590465984,34838.4176522314,34560.59168992844,34642.0234375,5182915,34539.5171875,35044.39375,35652.9763671875,34734.67200520833,33469.41505533854,-176.2146684906038,46.94244389685017,-223.15711238745396,35652.9763671875,37224.00472762147,34081.948006753526,32.60868120008952,33.8486726022566,-0.001104957689469277
2024-04-24,35111.45576629328,35389.281746435845,35111.45576629328,35279.109375,6215061,34739.74375,34972.542578125,35605.0751953125,34786.22506510417,33516.96570638021,-145.48636142764008,8.456682831952119,-153.9430442595922,35605.0751953125,37159.441903316925,34050.708487308075,43.93940715415387,56.70103713727306,0.018390552117990788
2024-04-25,34848.00336278582,34977.33615877142,34670.76953125,34670.76953125,2622964,34698.54921875,34841.29453125,35525.79921875,34826.68369140625,33558.77016601562,-168.28204728796118,-26.891063192030543,-141.39098409593063,35525.79921875,37101.89828809862,33949.700149401375,33.80041516798451,34.87981073698634,-0.017243628156358493
2024-04-26,35034.81302929928,35178.51611801666,34833.62870509493,35068.34375,4275438,34868.11796875,34784.77109375,35467.359765625,34867.39951171875,33606.91302083333,-152.50884870516165,-52.014620294656766,-100.49422841050489,35467.359765625,37018.887769244146,33915.83176200585,40.88932589941458,49.14086009326773,0.011467129923137476
2024-04-29,35359.24982939571,35441.672323170525,35208.949987806336,35412.58203125,3692589,35014.565625,34778.47890625,35420.14453125,34914.81067708333,33654.54096679688,-110.95233337727404,-63.80216291118023,-47.15017046609381,35420.14453125,36914.100267667076,33926.188794832924,42.8746833364367,61.488741036510405,0.009816211558323129
2024-04-30,35431.96843025239,35747.11319598397,35349.54595306105,35538.6328125,5097163,35193.8875,34866.70234375,35378.0345703125,34966.957291666666,33699.11928710937,-67.07406293944223,-64.45654291683263,-2.6175200226095967,35378.0345703125,36803.900645090114,33952.16849553488,45.89169696295845,75.32934017277626,0.003559491401637027
2024-05-02,35252.582259110124,35504.69809977492,35233.18873290514,35407.73046875,3981801,35219.61171875,34979.677734375,35324.3498046875,35007.66126302083,33740.05914713542,-42.374476052944374,-60.040129544054984,17.66565349111061,35324.3498046875,36652.82066295503,33995.87894641997,44.95391728743899,73.12521792567762,-0.003683381531322083
2024-05-03,35781.05629882143,35800.44982527066,35364.09548016308,35378.640625,6246363,35361.1859375,35029.867578125,35296.7537109375,35030.15703125,33768.85444335938,-24.860605189700436,-53.00422467318408,28.143619483483647,35296.7537109375,36594.783649317455,33998.72377255754,47.63159690116025,79.93363796841597,-0.000821567588910388
2024-05-07,35950.752052533986,36236.80658673486,35950.752052533986,36198.01953125,4327481,35587.12109375,35227.61953125,35284.499609375,35073.175,33809.29449869792,54.50795971955813,-31.501787794635646,86.00974751419378,35284.499609375,36540.92323860372,34028.075980146285,55.9777648503652,98.47200482506182,0.023160271049843306
2024-05-08,36178.618883058596,36358.00897936966,36130.1350732448,36324.0703125,5577808,35769.41875,35391.9921875,35297.2296875,35120.44928385417,33853.213151041666,126.12546794226364,0.023663352744211608,126.10180458951943,35297.2296875,36591.723386021484,34002.73598897852,65.58483088725964,98.72393289951049,0.0034822562914300637
2024-05-09,36343.47009989201,36377.408772610695,35858.631918196545,35916.8125,4485528,35845.0546875,35519.47109375,35281.932421875,35153.03229166667,33892.50398763021,148.31092133108177,29.681114948411725,118.62980638267004,35281.932421875,36537.00563159528,34026.85921215471,65.23325054826951,82.80734960996261,-0.011211789014730855
2024-05-10,36227.10478780553,36353.162700611065,36023.47277481198,36101.046875,5938367,35983.71796875,35601.66484375,35287.1037109375,35188.047135416666,33934.80294596354,178.69929311626765,59.484750581982915,119.21454253428473,35287.1037109375,36555.37605310058,34018.83136877442,62.33032243851008,89.68425545474624,0.005129474532296063
2024-05-13,36202.86130552425,36290.13216443673,35873.17139407713,36033.16796875,5686980,36114.6234375,35737.9046875,35289.599609375,35214.985091145834,33976.73530273438,195.0565458041965,86.59910962642564,108.45743617777086,35289.599609375,36563.822808598314,34015.376410151686,70.71030661802575,82.81915675803924,-0.0018802475863104462
2024-05-14,36130.140345944674,36159.23063607829,35989.53727696556,36105.8984375,6314959,36096.19921875,35841.66015625,35313.215625,35250.95904947917,34016.606689453125,211.45105130551383,111.56949796224329,99.88155334327054,35313.215625,36631.04325134025,33995.387998659746,67.86797725852854,85.05571432046138,0.002018431152461364
2024-05-16,36721.638246333794,36799.2123435006,36421.03861981245,36450.12890625,6494830,36121.4109375,35945.41484375,35361.946875,35293.468424479164,34053.694173177086,249.34603117058577,139.1248046039118,110.22122656667398,35361.946875,36773.77066591815,33950.12308408185,71.0487471476475,83.59911597147956,0.0095339122870981
2024-05-17,36377.404487192965,36406.49477466773,36018.62427500421,36023.47265625,4716522,36142.74296875,35993.898828125,35430.3005859375,35323.19869791667,34087.4251953125,242.15902358714084,159.73164840055762,82.42737518658322,35430.3005859375,36830.623379137105,34029.97779273789,59.111796270493016,63.5536513931357,-0.011705205517856032
2024-05-20,36343.46383642552,36551.94421862486,36222.25431189102,36324.0703125,4447271,36187.34765625,36085.5328125,35532.6052734375,35348.997395833336,34125.01463216146,257.7478304110846,179.33488480266303,78.41294560842155,35532.6052734375,36876.279915440755,34188.93063143424,71.88717512739443,75.82692378402179,0.0083444941335451
2024-05-21,36202.86562405659,36285.288111750306,36086.50446495958,36134.98828125,5812774,36207.71171875,36161.167578125,35595.517578125,35378.43072916667,34158.91866861979,251.94051895792654,193.85601163371572,58.08450732421082,35595.517578125,36927.66993790389,34263.36521834611,64.94578573735228,58.23179364887763,-0.005205419701682867
2024-05-22,36071.959320072456,36241.652677088925,35829.54023862036,36134.98828125,6379874,36213.5296875,36154.864453125,35691.2419921875,35409.14147135417,34191.54887695312,244.51951404211286,203.98871211539517,40.530801926717686,35691.2419921875,36874.15401911014,34508.32996526486,61.20308221667595,57.585309841015956,0.0
2024-05-23,36086.50446495958,36304.68163826647,35858.630528394606,36134.98828125,5226850,36150.5015625,36135.95625,35763.97421875,35436.89830729167,34223.701399739584,235.91878923295008,210.37472753890617,25.544061694043904,35763.97421875,36860.93461996553,34667.01381753448,59.624567053035456,57.585309841015956,0.0
2024-05-24,35601.664507057554,35708.32889751857,35475.60659105817,35572.57421875,5643266,36060.321875,36101.532421875,35810.5017578125,35453.525130208334,34251.12734375,181.62685695530672,204.6251534221863,-22.998296466879566,35810.5017578125,36778.44523651732,34842.558279107674,52.335160882624415,14.526952049192735,-0.01556425196882738
2024-05-27,35669.54596184383,36144.68739235365,35591.97185074019,36067.11328125,6649585,36008.93046875,36098.1390625,35849.901953125,35483.0248046875,34284.78416341146,176.47103059013898,198.99432885577684,-22.523298265637862,35849.901953125,36790.53649225615,34909.26741399385,58.616569524988435,44.68903894534556,0.013902256818943748
2024-05-28,35955.59860514301,36173.775781145094,35902.266406564726,36105.8984375,4056913,36003.1125,36105.412109375,35921.6583984375,35518.040690104164,34319.082698567705,173.51447219189868,193.8983575230012,-20.383885331102533,35921.6583984375,36685.99085982885,35157.32593704615,48.56708158089491,47.61930395654169,0.001075360701799255
2024-05-29,35974.99309033456,36062.26396306044,35504.700053978435,35577.42578125,8392854,35891.6,36052.56484375,35947.1125,35537.30319010417,34345.91215820312,127.06334449024143,180.53135491644926,-53.468010426207826,35947.1125,36620.260878039124,35273.96412196088,39.6783310887214,7.692561777096163,-0.014636740231372292
2024-05-30,35276.82494144691,35281.67332310462,34903.499553803784,34932.58984375,6689431,35651.1203125,35900.8109375,35923.112890625,35547.335221354166,34368.24373372396,37.78209165287262,151.98150226373394,-114.19941061086132,35923.112890625,36702.3669580495,35143.858823200506,37.23266794427311,1.5345304470340504,-0.01812486213771658
2024-05-31,35223.490998051755,35305.91348214906,34918.04296875,34918.04296875,5019907,35520.2140625,35790.26796875,35892.0833984375,35548.90182291667,34388.901627604166,-33.75860748356354,114.83348031427445,-148.592087797838,35892.0833984375,36777.93229992462,35006.234496950376,33.94738264880458,0.7671739635486747,-0.00041642704033872935
2024-06-03,35165.31376905176,35688.93901199366,35150.768623414486,35548.3359375,4712955,35416.45859375,35712.69453125,35899.113671875,35565.6037109375,34417.87706705729,-39.14451833139174,84.03788058514122,-123.18239891653296,35899.113671875,36770.89773178351,35027.32961196649,44.29231135706659,34.015510535187445,0.018050638442540512
2024-06-04,35325.310492666256,35470.76194953971,35213.79770906327,35286.5234375,5221701,35252.58359375,35627.848046875,35894.5078125,35580.017838541666,34443.31733398438,-63.80348531094933,54.469607405923114,-118.27309271687244,35894.5078125,36778.754229416605,35010.261395583395,40.76503675318134,20.204742288913597,-0.007364972033017558
2024-06-05,35582.26864595378,35742.26522114338,35325.30444943715,35640.44921875,5142891,35265.18828125,35578.394140625,35866.629296875,35599.93157552083,34474.65263671875,-54.16268788398156,32.74314834794218,-86.90583623192374,35866.629296875,36745.727862771055,34987.53073097894,40.89421051059335,44.70575692792235,0.010030055295100926
2024-06-07,35979.83589868925,36261.042000579015,35878.01989628088,36110.7421875,5570430,35500.81875,35575.96953125,35855.962890625,35619.30084635417,34509.03131510417,-8.475869738816982,24.499344730590348,-32.975214469407334,35855.962890625,36716.676333593874,34995.249447656126,50.97190815226517,73.23525377949214,0.013195483756770043
2024-06-10,35688.941061285215,36004.08590152208,35572.579889505454,35795.60546875,3841367,35676.33125,35598.27265625,35849.9025390625,35638.28763020833,34541.81883138021,2.2761255428704317,20.054700893046366,-17.778575350175934,35849.9025390625,36710.51884613588,34989.28623198913,44.13356124881728,63.668093164944665,-0.008726952138333188
2024-06-11,35868.32611425914,35907.113166018265,35645.30056664411,35829.5390625,2917811,35732.571875,35574.515234375,35836.3271484375,35652.890299479164,34571.02784830729,13.38106806507858,18.71997432745281,-5.3389062623742305,35836.3271484375,36688.79013137757,34983.86416549743,46.48827268554737,66.08987646679245,0.0009479821141626932
2024-06-12,35756.81694332662,36144.6875,35756.81694332662,36144.6875,2806005,35904.2046875,35578.394140625,35841.903125,35670.030989583334,34601.947574869795,47.06907710024825,24.3897948820119,22.679282218236352,35841.903125,36701.21868736425,34982.587562635745,50.10397656988708,88.5814884417522,0.00879577147085997
2024-06-13,36590.736775163205,36828.30747901679,36391.953125,36391.953125,5844059,36054.50546875,35659.846875,35856.205859375,35686.0236328125,34633.813248697916,92.6513097961797,38.04209786484546,54.609211931334244,35856.205859375,36743.10233858214,34969.309380167855,52.616002780519494,77.32997935529072,0.0068409949594943065
2024-06-14,36411.34025195857,36648.91091405524,36353.15968164918,36513.15625,6306218,36134.98828125,35817.903515625,35859.3572265625,35715.133463541664,34669.3162109375,136.97665524404147,57.829009340684664,79.1476459033568,35859.3572265625,36755.538727302126,34963.17572582287,60.52060130954264,83.62687388758997,0.0033304924466046604
2024-06-17,36333.764616363485,36493.76117792473,36231.94862264269,36314.37109375,7201864,36238.74140625,35957.536328125,35873.9021484375,35737.25774739583,34699.89850260417,154.28599713060248,77.12040689866824,77.16559023193425,35873.9021484375,36790.508445233296,34957.2958516417,52.96157042116454,73.29934179225106,-0.005444206326315593
2024-06-18,36566.48824873663,36760.42348208978,36469.52063206005,36697.39453125,4844002,36412.3125,36072.4421875,35892.568359375,35772.71139322917,34732.12018229167,196.6437785559101,101.02508123011663,95.61869732579348,35892.568359375,36861.486749376716,34923.649969373284,56.54501586730764,93.19864875596346,0.010547434141463752
2024-06-19,37036.79299519168,37264.66696701705,37002.85431853684,37245.2734375,6540410,36632.4296875,36268.3171875,35948.0826171875,35807.15729166667,34768.0318359375,271.2945596178324,135.0789769076598,136.2155827101726,35948.0826171875,37087.678157095885,34808.48707727912,68.37612943931951,99.17864657082237,0.014929640462170823
2024-06-20,37211.3247440069,37477.98570308448,37162.84093326553,37390.71484375,4450633,36832.18203125,36443.34375,36010.8689453125,35828.1400390625,34804.916666666664,338.29212636586453,175.72160679930076,162.57051956656377,36010.8689453125,37319.635502287776,34702.10238833722,80.43222581593649,96.59090579785303,0.0039049627731706504
2024-06-21,37099.816852766155,37172.54257843154,36871.942912347964,37070.7265625,5744918,36943.69609375,36539.3421875,36057.655859375,35845.54602864583,34833.840625,361.4017858394873,212.85764260733805,148.54414323214922,36057.655859375,37449.37908357754,34665.93263517246,74.77693042962979,82.5001653630769,-0.008557961049613039
2024-06-24,36799.21629443694,36901.03230789981,36634.371320258964,36789.51953125,4284623,37038.72578125,36638.73359375,36118.503125,35860.660416666666,34862.252278645836,352.95663580213295,240.87744124629705,112.0791945558359,36118.503125,37527.236540607664,34709.76970939234,65.534045609256,69.59324165429567,-0.0075856897699562165
2024-06-25,36799.2159627546,36983.45446164586,36755.58052880667,36896.18359375,4339239,37078.48359375,36745.398046875,36159.956640625,35871.64459635417,34890.67711588542,350.82658151871874,262.8672693007814,87.95931221793734,36159.956640625,37610.49518587507,34709.41809537493,70.95969229298086,72.97314182725746,0.0028993056680013396
2024-06-26,36721.646879683634,37201.63671875,36658.61791091734,37201.63671875,6350700,37069.75625,36851.09296875,36214.7435546875,35887.400390625,34920.492936197916,369.52634290329297,284.19908402128374,85.32725888200923,36214.7435546875,37737.6519781882,34691.835131186795,70.58841710934635,85.49658123403127,0.008278718697934506
2024-06-27,36818.60938621314,37182.23800143121,36736.18690009705,37157.99609375,5404909,37023.2125,36927.697265625,36293.7720703125,35902.74811197917,34946.84013671875,376.48472327122727,302.65621187127243,73.82851139995483,36293.7720703125,37841.271179927106,34746.2729606979,65.56204513449913,83.2062226821159,-0.0011730834675347523
2024-06-28,37293.749391944475,37376.171875,37138.60118854585,37376.171875,5339707,37084.3015625,37013.998828125,36415.951171875,35919.73619791667,34970.34820963542,395.05035741110623,321.1350409792392,73.91531643186704,36415.951171875,37895.303571003264,34936.598772746736,74.18388900244932,94.44455427394185,0.005871570164858841
2024-07-01,37225.86900711257,37473.13643604754,37191.93034039601,37448.89453125,3782571,37216.1765625,37127.451171875,36542.49375,35937.53723958333,34992.710774739586,410.89532132512977,339.0870970484173,71.80822427671245,36542.49375,37911.18726772517,35173.800232274836,74.48673284590822,98.3098013097465,0.0019456956826187088
2024-07-02,37250.119536649174,37400.419381193766,37070.72939961207,37182.2421875,5676869,37273.38828125,37175.9359375,36624.1890625,35949.217513020834,35020.89208984375,397.35548704038956,350.7407750468118,46.61471199357777,36624.1890625,37936.93829228164,35311.439832718366,65.92268791498117,76.26527169804434,-0.007120432981739588
2024-07-03,37337.38671875,37351.93186355668,37022.24191460525,37337.38671875,4825685,37300.53828125,37185.147265625,36726.7322265625,35972.66458333333,35052.834375,394.5952890305198,359.5116778435534,35.08361118696638,36726.7322265625,37913.92037988005,35539.54407324494,64.93113433708703,88.71630816278523,0.0041725437230937246
2024-07-04,37637.98588814631,37836.76953125,37628.28912506808,37836.76953125,5995175,37436.29296875,37229.752734375,36836.5482421875,35995.8923828125,35089.73427734375,427.7727338771365,373.16388905027003,54.60884482686646,36836.5482421875,38006.8568409879,35666.239643387096,68.67315841971553,100.0,0.01337487318707331
2024-07-05,38035.554188160546,38675.540568381984,38025.85742482386,38534.9375,6869265,37668.04609375,37376.173828125,36957.7580078125,36036.98352864583,35133.3677734375,504.58586641932925,399.4482845240819,105.13758189524737,36957.7580078125,38300.93578139738,35614.58023422763,77.45817743760065,93.62639176251463,0.018452103004548803
2024-07-08,38491.30530780579,38617.36324180289,38399.186048346375,38408.8828125,4212277,37860.04375,37538.11015625,37088.421875,36073.4189453125,35176.98583984375,548.9611847481792,429.35086456890133,119.61032017927789,37088.421875,38463.63896985114,35713.20478014886,72.59942869698968,86.93602913490919,-0.003271179238321098
2024-07-09,38651.30112224843,38660.99788620283,38316.76276582154,38544.63671875,4884271,38132.52265625,37702.95546875,37224.1767578125,36115.86920572917,35224.760416666664,588.3015755642482,461.1410067679707,127.16056879627752,37224.1767578125,38612.131917619285,35836.221598005715,69.25296836636534,93.586820409314,0.003534440377052972
2024-07-10,38394.33904696741,38588.274337013965,38384.64228246508,38530.09375,3486449,38371.0640625,37835.801171875,37343.4470703125,36158.3166015625,35271.975911458336,611.2594047584425,491.1646863660651,120.09471839237744,37343.4470703125,38750.65458732045,35936.23955330454,67.56375933493025,92.8743381512468,-0.000377302005882596
2024-07-11,38840.378054750036,38971.28433455009,38651.29120614995,38767.65234375,7478311,38557.240625,37996.766796875,37462.23203125,36210.551171875,35323.79829101563,641.2309319218912,521.1779354772303,120.05299644466083,37462.23203125,38930.98942404019,35993.47463845981,76.84056907223629,91.28628282033607,0.006165533758920594
2024-07-12,38462.209864593904,38530.08720457932,38069.49096896399,38234.3359375,5269595,38497.1203125,38082.583203125,37548.291015625,36256.53170572917,35370.02198893229,614.8616637374507,539.9146811292744,74.94698260817631,37548.291015625,38984.23603380116,36112.34599744884,71.16494065487356,68.13425448999752,-0.013756737228272753
2024-07-15,38447.66752181515,38481.60619428081,38127.674324281754,38476.7578125,4369898,38510.6953125,38185.36953125,37656.4103515625,36320.204361979166,35422.00766601563,606.5335073110327,553.238446365626,53.2950609454067,37656.4103515625,39025.228693709956,36287.59200941505,72.26795488591048,78.61660821480328,0.006340423314694865
2024-07-16,38350.70016370734,38622.2095453973,38307.06472736431,38501.0,7029476,38501.96796875,38317.2453125,37746.590625,36390.5880859375,35480.763492838545,595.0303853836594,561.5968341692327,33.43355121442676,37746.590625,39086.72989913217,36406.45135086782,69.88145373085442,78.95911259612836,0.0006300475632103897
2024-07-17,38505.845463293655,38525.2389890873,38156.76199900794,38181.00390625,4714961,38432.15,38401.60703125,37793.3771484375,36445.65911458333,35531.67783203125,553.710240949018,560.0195155251898,-6.309274576171788,37793.3771484375,39125.13415589051,36461.620140984494,64.43241360611398,59.452887212046726,-0.008311370970883858
2024-07-18,37691.32036247122,37899.80078125,37531.32376201308,37899.80078125,5775029,38258.5796875,38407.91015625,37818.8314453125,36506.980794270836,35579.9701171875,492.59466207914375,546.5345448359807,-53.93988275683694,37818.8314453125,39137.58046067299,36500.08242995201,57.258187654112426,45.025129143653395,-0.007365000817958323
2024-07-19,37482.83638197816,37545.86533980582,37187.085118325245,37453.74609375,5641558,38102.46171875,38299.791015625,37837.982421875,36553.20416666667,35623.15213216146,403.51576154486975,517.9307881777585,-114.41502663288873,37837.982421875,39121.64587066558,36554.31897308442,50.060941741265516,22.139291311933754,-0.011769314832933753
2024-07-22,37419.81252349471,37463.44796178331,36881.64211793525,37080.42578125,5494148,37823.1953125,38166.9453125,37852.527734375,36593.84420572917,35664.25810546875,299.34559219129005,474.2137489804648,-174.86815678917475,37852.527734375,39092.0011025768,36613.05436617319,48.75443581413975,9.512808543693014,-0.009967502624852131
2024-07-23,37356.77928923566,37507.079115058674,37104.66345237126,37187.0859375,4976800,37560.4125,38031.190234375,37867.0728515625,36625.643815104166,35705.93444010417,222.8279438551108,423.936587955394,-201.1086441002832,37867.0728515625,39065.438849238,36668.706853887,48.139231899379155,14.617039086220354,0.002876454463581979
2024-07-24,36871.94252305328,37235.571147540984,36794.368416495905,36968.91015625,5948102,37317.99375,37875.071875,37855.4365234375,36663.94615885417,35745.31492513021,142.93453376145771,367.73617711660677,-224.80164335514905,37855.4365234375,39085.11923421093,36625.75381266407,38.45154234482988,8.017844800827568,-0.005866977090291159
2024-07-25,36435.57959754041,36484.06340272676,36154.37352745959,36294.9765625,6100001,36997.02890625,37627.804296875,37812.285546875,36684.3900390625,35775.894775390625,24.950013716450485,299.17894443657553,-274.22893072012505,37812.285546875,39195.94506954759,36428.62602420241,19.999727950378144,4.991391090072722,-0.018229739283673885
2024-07-26,36367.708435237015,36600.43073958195,36290.1343337887,36488.91796875,2981453,36804.06328125,37453.2625,37767.9228515625,36702.32897135417,35808.56982421875,-52.30122187398956,228.88291117446252,-281.18413304845205,37767.9228515625,39262.87474954382,36272.97095358118,24.744755607669205,11.87628804037113,0.005343477930507268
2024-07-29,36721.645299574906,37065.8804218709,36614.9808954832,36925.27734375,2556935,36773.03359375,37298.114453125,37741.7419921875,36725.439713541666,35846.198502604166,-77.42037401038397,167.62225413749323,-245.0426281478772,37741.7419921875,39277.988218805665,36205.49576556933,30.26002769413033,27.366994167864828,0.011958682232608542
2024-07-30,36501.79879927645,36657.56057572355,36443.38813310878,36579.6796875,5637616,36651.55234375,37105.982421875,37711.6138671875,36744.97220052083,35876.316731770836,-123.78738174960745,109.3403269600731,-233.12770870968055,37711.6138671875,39316.176041738756,36107.05169263625,28.000109271126334,15.098318305636965,-0.00935937875381987
2024-07-31,36579.678288934425,37115.109375,36506.664959016394,37115.109375,3964583,36680.7921875,36999.39296875,37700.5,36773.913346354166,35902.03518880208,-115.99178730883432,64.27390410629162,-180.26569141512596,37700.5,39318.99476572316,36082.00523427684,32.533667149169275,38.93029522858109,0.014637353089862248
2024-08-01,37416.89951708082,37446.10485038412,37115.1110729467,37144.31640625,5783088,36850.66015625,36923.84453125,37665.87734375,36789.6849609375,35931.42998046875,-106.23237848989811,30.172647587053678,-136.4050260769518,37665.87734375,39301.63189006422,36030.122797435775,37.10506980161645,40.1138030077733,0.000786931030026139
2024-08-02,36253.54947347761,36326.56279814224,35494.21089696546,35649.97265625,8886834,36682.87109375,36743.4671875,37521.6291015625,36778.45,35949.44964192708,-216.5824014552345,-19.178362221403958,-197.40403923383053,37521.6291015625,39333.98415515906,35709.27404796595,24.200937334891506,4.979598036675293,-0.04023075115062713
2024-08-05,34715.40301319152,34715.40301319152,31585.565080286004,32378.9765625,26274100,35773.6109375,36273.322265625,37220.1337890625,36719.486067708334,35936.2591796875,-561.5049579642,-127.64368136996318,-433.8612765942368,37220.1337890625,40101.7877005725,34338.4798775525,14.917650703599833,11.432979310565958,-0.09175311648314943
2024-08-06,33668.88137022747,34267.59069631364,32933.88049023552,33274.609375,23712220,35112.596875,35882.074609375,36956.632421875,36672.37877604167,35930.21295572917,-753.8980190984003,-252.8945489156506,-501.00347018274965,36956.632421875,40261.1065656667,33652.158278083305,23.623961001571175,26.74978215425391,0.027660936434207306
2024-08-07,33138.31517269737,34394.144390464106,33002.02362968393,34033.9453125,11282630,34496.3640625,35588.578125,36731.825,36639.0583984375,35927.021744791666,-835.4680860086955,-369.40925633425957,-466.05882967443597,36731.825,40193.59854432186,33270.051455678135,30.233867975062935,41.07813575840298,0.022820281041991963
2024-08-08,33444.97073295659,34009.60711849333,33255.1360860951,33780.83203125,9767765,33823.6671875,35337.163671875,36482.483984375,36600.307291666664,35925.63317057292,-910.0466271234909,-477.53673049210585,-432.50989663138506,36482.483984375,40043.78945256575,32921.178516184256,30.842394626304184,37.072730691387676,-0.007437083151127788
2024-08-09,34423.35346481876,34452.558798640726,34063.15434768124,34243.25390625,8290829,33542.3234375,35112.597265625,36282.9298828125,36563.526041666664,35928.497233072914,-921.2178516194399,-566.2729547175727,-354.9448969018672,36282.9298828125,39878.02854385493,32687.83122177007,35.337838001516445,44.88191382064378,0.013688883523420126
2024-08-12,34491.50066860772,34768.951351378055,34418.48733103657,34637.52734375,5631349,33994.03359375,34883.822265625,36090.968359375,36540.426953125,35931.812825520836,-888.0200142402537,-630.622366622109,-257.3976476181447,36090.968359375,39601.85285786808,32580.08386088192,37.20455900821301,52.07647048205083,0.01151390106148864
2024-08-13,34768.95032333246,34939.314772627804,34583.983206954654,34754.34765625,4852824,34289.98125,34701.2890625,35903.6357421875,36514.264908854166,35931.63115234375,-842.5714270999815,-673.0121787176836,-169.55924838229794,35903.6357421875,39269.92073260325,32537.350751771748,38.77156845657789,54.06980756502815,0.0033726516139749307
2024-08-14,35187.554959587906,35280.038504232,34978.25009539337,35080.46875,6244494,34499.2859375,34497.825,35748.608984375,36496.68958333333,35937.56015625,-771.3462481912138,-692.6789926123896,-78.66725557882421,35748.608984375,38955.08062299001,32542.137345759995,43.61698720580748,59.63450137384672,0.00938360567073837
2024-08-16,35859.28110863801,36000.44021711507,35718.122000160954,35912.82421875,8459225,34925.684375,34374.67578125,35649.26015625,36492.98684895833,35951.06416015625,-640.3540478559589,-682.2140036611036,41.85995580514464,35649.26015625,38694.14796706594,32604.372345434058,47.16266101917955,73.8372113869564,0.023727033828474742
2024-08-19,36019.90697217284,36044.244747154036,35450.403037612814,35596.4296875,6736568,35196.31953125,34369.321484375,35556.3943359375,36484.01087239583,35960.45458984375,-555.6667988285553,-656.904562694594,101.23776386603868,35556.3943359375,38480.45113592258,32632.337535952418,43.376983828770555,68.43848458598285,-0.008810071002013031
2024-08-20,35980.970958570266,36122.13007082656,35820.3416239338,35951.765625,5472924,35459.1671875,34726.600390625,35499.961328125,36490.330729166664,35971.9279296875,-454.6381181224351,-616.4512737801623,161.81315565772718,35499.961328125,38342.605268944084,32657.317387305913,46.87349262612148,74.50167929908777,0.009982347685413506
2024-08-21,35722.99417451871,35980.97464750543,35718.12661842462,35903.09375,6776592,35688.91640625,34989.448828125,35435.76171875,36487.5970703125,35985.3109375,-374.1861888726562,-567.9982567986611,193.81206792600494,35435.76171875,38174.05397307427,32697.469464425732,43.65770459419661,73.67117772569455,-0.0013538104222106107
2024-08-22,36015.04739163818,36063.72295237833,35761.93447578939,35956.63671875,5570074,35864.15,35181.71796875,35385.148046875,36485.109375,36001.575032552086,-302.61858652455703,-514.9223227438404,212.30373621928334,35385.148046875,38040.27984027518,32730.016253474823,43.80083969602612,92.1972947171232,0.0014913190802672283
2024-08-23,35737.59464321999,36063.7208814515,35722.99197583649,35932.296875,5766510,35868.04453125,35396.864453125,35367.0140625,36491.02389322917,36014.16354166667,-245.0400982999854,-460.9458778550694,215.905779555084,35367.0140625,38000.85057087484,32733.17755412515,51.74073155282166,95.8154860291345,-0.000676922147652026
2024-08-26,36044.24938610752,36088.05738671184,35625.63960255515,35742.4609375,4216064,35897.25078125,35546.78515625,35329.6912109375,36504.521744791666,36025.928483072916,-212.27987492404645,-411.21267726886487,198.9328023448184,35329.6912109375,37917.339285607944,32742.043136267046,83.44623832171396,88.09161191025143,-0.005283156213486517
2024-08-28,35538.02072463366,35625.63671875,35309.24562888544,35625.63671875,6708121,35832.025,35645.59609375,35264.7091796875,36516.31497395833,36032.6083984375,-193.51320027138718,-367.6727818693693,174.15958159798214,35264.7091796875,37746.76552159033,32782.65283778468,77.66313705194591,84.08729440990678,-0.0032684995852491072
2024-08-29,35065.87227611811,35275.17717726651,34958.78604762358,35153.48828125,6493190,35682.10390625,35685.51015625,35193.399609375,36509.7341796875,36037.6689453125,-214.26894932960568,-336.99201536141663,122.72306603181096,35193.399609375,37597.098034117684,32789.70118463232,64.12779755561098,66.21402783768688,-0.013253052604432658
2024-08-30,35348.18823605372,35445.53934659091,35202.16157024793,35338.453125,4963885,35558.4671875,35711.30859375,35104.566796875,36510.59967447917,36045.308756510414,-213.3337344255924,-312.2603591742518,98.92662474865938,35104.566796875,37334.25338253713,32874.88021121287,70.00001003132783,61.93850481008079,0.005261635552926247
2024-09-02,35338.45216190362,35377.392605057226,34914.97484260808,35299.51171875,6423898,35431.91015625,35649.97734375,35012.3265625,36504.9173828125,36052.424479166664,-213.2762994930963,-292.4635472380207,79.18724774492438,35012.3265625,37029.19728198005,32995.45584301995,65.21735215528787,51.71415151406874,-0.0011019555981200968
2024-09-03,35299.50677496176,35455.26852576137,34997.71838278751,35002.5859375,5515228,35283.93515625,35590.59296875,34979.9572265625,36486.44811197917,36052.87447916667,-234.48718858310167,-280.8682755070369,46.38108692393524,34979.9572265625,36974.39382984443,32985.52062328058,55.411125071652314,27.214743947896896,-0.00841161157173409
2024-09-04,33941.46490284181,34218.915569622535,33727.29245830932,33785.703125,7172762,34915.9484375,35373.98671875,35050.2935546875,36452.94973958333,36045.61868489583,-345.5064606498272,-293.795912535595,-51.71054811423221,35050.2935546875,36733.43853981853,33367.14856955647,39.17300711428349,2.4390241069115652,-0.03476551174455633
2024-09-05,33951.19622564935,34252.98463654401,33547.18915945166,33732.15625,5346956,34631.68203125,35156.89296875,35073.1708984375,36417.993359375,36035.44182942708,-432.8215218342957,-321.60103439533515,-111.22048743896056,35073.1708984375,36664.635310824044,33481.706486050956,33.95137727802771,7.183352819136311,-0.001584897458013157
2024-09-06,33756.49731146713,33780.83508890871,33191.860874822545,33430.37109375,5168464,34250.065625,34904.26640625,35042.9921875,36372.75475260417,36021.39287109375,-520.3723483681752,-361.3552971899031,-159.01705117827203,35042.9921875,36737.018311913496,33348.966063086504,16.180408618538976,8.139532683642484,-0.0089465124616811
2024-09-09,32748.91460990179,33333.02129141014,32612.623050883172,33206.46484375,5952857,33831.45625,34631.683203125,35014.273828125,36319.66328125,36002.84345703125,-600.8975988050515,-409.2637575129328,-191.63384129211875,35014.273828125,36814.535853757625,33214.01180249237,16.59869917314404,16.920946146915146,-0.006697689635932869
2024-09-10,33225.934019855,33308.682463795456,32953.35091040409,33065.3046875,5218848,33444.0,34363.967578125,34955.3763671875,36262.19908854167,35988.666276041666,-668.399985841861,-461.09100317871844,-207.30898266314261,34955.3763671875,36930.4372849701,32980.315449404894,7.091109691655532,13.025181685928553,-0.0042509841657103475
2024-09-11,32992.28950426791,33016.62728053249,32471.461092205845,32753.779296875,5017069,33237.615234375,34076.7818359375,34861.18896484375,36202.85589192708,35970.056819661455,-738.5204058682357,-516.576883716622,-221.9435221516137,34861.18896484375,37066.33548393453,32656.042445752977,6.577112600387451,7.806185199548732,-0.009421518826734698
2024-09-12,33201.59438675905,33503.3828125,33143.183723712405,33503.3828125,4568052,33191.860546875,33911.7712890625,34798.64072265625,36149.62236328125,35961.16687825521,-725.2444384787159,-558.3103946690408,-166.93404380967513,34798.64072265625,37085.9818539002,32511.299591412302,21.621561780409422,28.532952982940273,0.022886015956531836
2024-09-13,33522.855326045596,33727.292660689694,33328.15310257502,33576.3984375,4802842,33221.066015625,33735.5658203125,34723.43720703125,36088.474446614586,35947.81586914063,-700.7535373789069,-586.7990232110141,-113.95451416789285,34723.43720703125,37069.90163282109,32376.972781241417,23.051216584911614,30.551857473632772,0.002179350825814552
2024-09-19,33775.96479496442,33805.170125526434,33065.30175128885,33517.984375,6043733,33283.369921875,33557.4130859375,34603.69521484375,36023.928938802084,35926.034488932295,-678.2395254075018,-605.0871236503117,-73.15240175719009,34603.69521484375,36938.99480589627,32268.395623791224,23.765765666158998,33.17897944512268,-0.0017397358030740717
2024-09-20,33883.04864449786,34072.88327991453,33600.73046875,33600.73046875,6874828,33390.455078125,33417.2275390625,34503.91025390625,35966.09567057292,35905.82084960937,-646.2702888868007,-613.3237566976095,-32.9465321891912,34503.91025390625,36831.13994356229,32176.68056425021,25.925879484500186,37.846590361178556,0.002468707331092279
2024-09-23,33693.2180143342,33775.9664549935,33566.661575678794,33702.953125,4645629,33580.28984375,33408.9525390625,34391.46962890625,35914.65289713542,35887.65665690104,-605.7037487906782,-611.7997551162232,6.096006325544977,34391.46962890625,36640.1361295923,32142.8031282202,31.09135737592726,41.272503679190194,0.003042274820336699
2024-09-24,33883.05338746075,34106.9609375,33610.470283065144,34106.9609375,6212802,33701.00546875,33446.4330078125,34301.66298828125,35868.165852864586,35869.90522460938,-534.7896967348497,-596.3977434399485,61.608046705098786,34301.66298828125,36436.734191665215,32166.591784897282,34.81395454138202,54.8125132641446,0.011987311942712742
2024-09-25,34423.35084733488,34593.715281675475,33605.6015625,33605.6015625,7750557,33706.84609375,33463.9560546875,34184.11123046875,35808.23193359375,35847.816162109375,-513.1302648194833,-579.7442477158554,66.61398289637214,34184.11123046875,36190.53292625823,32177.689534679263,31.250032428842474,38.00984130342169,-0.014699620289205129
2024-09-26,34194.57635580157,34734.875,34179.97368974215,34734.875,6994284,33950.22421875,33616.7970703125,34124.24013671875,35767.84658203125,35835.29734700521,-400.22849534369016,-543.8410972414224,143.61260189773225,34124.24013671875,35976.56185630753,32271.918417129964,47.497771017606226,100.0,0.03360372631329822
2024-09-27,34817.62238319175,35070.73525386503,34593.71484375,34593.71484375,6771255,34148.82109375,33769.6380859375,34066.80283203125,35721.47229817708,35820.604248046875,-318.4723237989165,-498.76734255292126,180.2950187540048,34066.80283203125,35773.35317746667,32360.252486595833,59.45324539290761,81.64793783005423,-0.004063931603323745
2024-09-30,34812.75621039746,34880.9019859771,33800.3046875,33800.3046875,7175102,34168.29140625,33874.290625,33975.53623046875,35660.66246744792,35799.099853515625,-314.0810072889144,-461.8300755001199,147.7490682112055,33975.53623046875,35518.462923859406,32432.6095370781,50.6796371424854,51.12364116472881,-0.02293509557541329
2024-10-02,33255.14188254985,33751.632583957944,33191.8636558998,33444.9765625,6121360,34035.89453125,33868.45,33890.11064453125,35598.37470703125,35773.79611002604,-335.40650994018506,-436.54536238813296,101.1388524479479,33890.11064453125,35345.11508462377,32435.10620443872,50.14411965593215,37.45335850500411,-0.0105125716553498
2024-10-04,33362.22531691358,33722.42442304892,33235.66887421739,33430.37109375,6396033,34000.8484375,33853.847265625,33794.70654296875,35533.25777994792,35752.961181640625,-349.4573370465587,-419.12775731981816,69.67042027325948,33794.70654296875,35091.46816008275,32497.944925854743,52.30459028389239,36.891452840513644,-0.00043670141979934574
2024-10-07,33513.11850264709,34048.549589835355,33269.74073574333,33960.93359375,5638671,33846.06015625,33898.1421875,33727.77763671875,35468.66051432292,35732.27644856771,-314.15932595273625,-398.1340710464018,83.97474509366555,33727.77763671875,34819.48407795385,32636.071195483648,58.53429485175226,57.30340121541412,0.015870673362019305
2024-10-08,33688.350459001296,33805.1717869909,33527.7211330156,33702.953125,4408500,33667.9078125,33908.364453125,33662.79599609375,35388.12744140625,35712.555485026045,-303.50366432990995,-379.20798970310346,75.70432537319351,33662.79599609375,34574.95789434916,32750.63409783834,59.137760706446265,31.796186355320422,-0.007596389187530361
2024-10-10,33975.535342637304,34024.21089470412,33717.554916683184,33766.23046875,6478450,33661.09296875,33914.6921875,33661.82236328125,35310.74990234375,35692.08442382813,-286.64871496067644,-360.69613475461813,74.04741979394169,33661.82236328125,34573.473309822795,32750.171416739708,52.915758502797075,34.95148139096802,0.0018775014615279861
2024-10-11,33970.66446234793,34126.426213715626,33751.624499487116,33810.03515625,5585424,33734.1046875,33884.999609375,33665.71630859375,35231.83987630208,35673.85454101562,-266.68222725019587,-341.8933532537337,75.21112600353786,33665.71630859375,34579.295423912314,32752.13719327519,52.608628523726736,37.13578156565486,0.0012972927949579383
2024-10-14,33878.1859170461,34330.86857369629,33878.1859170461,34209.1796875,5728670,33889.86640625,33945.357421875,33704.65673828125,35159.82464192708,35659.070621744795,-216.15926455964654,-316.7465355149163,100.58727095526973,33704.65673828125,34642.07932259614,32767.234153966358,57.171738133028114,54.14505348326776,0.011805504768196418
2024-10-15,34384.41029526443,34408.74807152098,34111.82720119099,34330.8671875,5409366,33963.853125,33904.956640625,33760.87685546875,35085.87822265625,35648.21469726563,-164.40512838261202,-286.27825408845547,121.87312570584345,33760.87685546875,34707.32123356304,32814.43247737446,57.51505906627758,60.62168020601902,0.0035571592511605132
2024-10-16,33858.71442624123,34155.635297431676,33771.09843146373,34019.34375,6674005,34027.13125,33847.51953125,33808.57880859375,35015.62835286458,35636.08002929688,-146.83432578370412,-258.3894684275052,111.5551426438011,33808.57880859375,34702.10176291287,32915.05585427464,53.12199348743123,44.041332840218644,-0.009074149971178946
2024-10-17,34121.564340203426,34160.50478452891,33921.99456303533,34097.2265625,5635313,34093.33046875,33877.21171875,33875.751171875,34942.63616536458,35631.42026367188,-125.18182786964462,-231.7479403159331,106.56611244628849,33875.751171875,34625.88007590479,33125.62226784522,49.89733837797933,48.18652363368984,0.0022893684567328876
2024-10-18,34160.50424504595,34214.0473551479,33741.894475157955,33897.65625,6168840,34110.8546875,33922.4796875,33895.46484375,34865.91376953125,35628.25092773438,-122.71118545413628,-209.94058934357375,87.22940388943746,33895.46484375,34624.82542605518,33166.10426144482,53.28948873585712,37.56470611746738,-0.005852977870038467
2024-10-21,33917.11912943872,34155.62929553264,33790.56271477663,33995.0,4704271,34068.01875,33978.942578125,33916.394921875,34796.14703776042,35620.903076171875,-111.61176549378433,-190.2748245736159,78.66305907983156,33916.394921875,34631.08073325223,33201.709110497766,39.142736602679925,42.74567484920087,0.0028716955910483843
2024-10-22,33858.72261424731,33892.79550934503,33401.17230864937,33498.5234375,7816564,33901.55,33932.7015625,33915.421875,34722.79241536458,35614.88660481771,-141.2486777414524,-180.4695952071832,39.22091746573079,33915.421875,34632.44081622552,33198.40293377448,35.44633912118145,18.1558805469008,-0.014604399544050573
2024-10-23,33532.587044765816,34058.2829949523,33406.030612313516,33931.7265625,6679313,33884.0265625,33955.57890625,33931.9716796875,34664.09208984375,35608.648128255205,-128.3012949982658,-170.03593516539974,41.73464016713393,33931.9716796875,34633.52019409572,33230.42316527928,51.93131667531561,60.7997684169966,0.012932006564654985
2024-10-24,33732.158597253365,33858.71503643498,33581.26438130606,33649.41015625,7024836,33794.46328125,33943.896875,33929.29453125,34606.90849609375,35600.37635091146,-139.216178020004,-163.8719837363206,24.655805716316593,33929.29453125,34634.91962694971,33223.66943555029,53.070146106924504,35.26968025548716,-0.008320130887828348
2024-10-25,33693.21631409909,33975.53450916088,33547.189661480916,33673.74609375,5844114,33749.68125,33930.26796875,33907.6337890625,34548.35283203125,35586.99832356771,-144.23988704820658,-159.9455643986978,15.705677350491214,33907.6337890625,34616.88292225566,33198.38465586934,53.64431009391539,35.469952239669745,0.0007232203294795791
2024-10-28,33717.55436687527,34038.81300527772,33688.34903611141,33980.40234375,3512787,33746.76171875,33907.390234375,33926.373828125,34498.54436848958,35581.24526367187,-122.06947518086236,-152.3703465551307,30.300871374268354,33926.373828125,34621.69065811655,33231.05699813344,50.31247962362004,57.4874919033196,0.009106686530992114
2024-10-29,33926.86042760573,34068.01953125,33737.025770980676,34068.01953125,4158363,33860.6609375,33881.10546875,33893.0310546875,34461.42841796875,35572.90922851562,-96.31898397218902,-141.16007403854238,44.84109006635336,33893.0310546875,34480.73231182784,33305.32979754716,56.198408497915445,66.1833330230275,0.0025784623328957146
2024-10-31,33423.292686826135,33584.474720826605,33218.15191628007,33296.30078125,7856335,33733.57578125,33808.801171875,33828.1603515625,34408.21813151042,35555.27355143229,-136.60805514520325,-140.24967025987456,3.6416151146713105,33828.1603515625,34375.225387783525,33281.09531534148,43.56838886275181,6.563843216352241,-0.0226522926961491
2024-11-01,33037.43004413503,33266.99231676577,32939.74397067514,33061.8515625,4997821,33616.0640625,33705.263671875,33791.2376953125,34343.82770182292,35534.63370768229,-185.31928157540096,-149.26359252297985,-36.055689052421116,33791.2376953125,34436.9960503285,33145.4793402965,40.26797554989864,8.312270316641865,-0.0070412992809707475
2024-11-04,33144.891902108764,33633.32237517255,33052.090112226644,33613.78515625,6150133,33604.071875,33676.8765625,33799.678125,34294.39612630208,35519.68416341146,-177.34255655261222,-154.87938532890632,-22.4631712237059,33799.678125,34430.62330012322,33168.73294987678,42.55145094750669,45.88422763331649,0.016693971077410108
2024-11-06,33560.05391448935,33672.39291027355,33066.73919387176,33345.14453125,8834595,33477.0203125,33611.891015625,33795.416796875,34231.56337890625,35502.73836263021,-190.50200923786178,-162.0039101106974,-28.49809912716438,33795.416796875,34437.90964634941,33152.92394740058,38.105675168908896,31.813504187042064,-0.007991977807654038
2024-11-07,33198.612082012936,33564.934857671455,33022.77714969684,33330.48828125,6664655,33329.5140625,33595.0875,33763.89453125,34167.99957682292,35478.84226888021,-199.81031821647048,-169.56519173185202,-30.245126484618453,33763.89453125,34433.486031654014,33094.303030845986,41.04638493228444,30.663365987725893,-0.0004395317581024072
2024-11-08,33643.087876870595,33760.31117957746,33193.731883160945,33291.41796875,7350207,33328.5375,33531.056640625,33743.3177734375,34128.69033203125,35453.57016601563,-207.94283230835572,-177.24071984715277,-30.702112461202944,33743.3177734375,34445.30411017479,33041.33143670021,39.41949745857033,27.59735258965545,-0.0011722094249060344
2024-11-11,33081.38897302788,33086.27327672979,32646.685943558005,32754.140625,7768380,33266.9953125,33441.5296875,33692.71328125,34134.94306640625,35427.21456705729,-254.80447239677596,-192.75347035707742,-62.051002039698545,33692.71328125,34522.10215295089,32863.32440954911,36.20839764137877,7.121187240155691,-0.01613861398917682
2024-11-12,32592.958383207526,32685.760152918443,32031.263461273036,32070.337890625,9429911,32958.305859375,33281.1888671875,33605.72841796875,34114.871875,35393.625325520836,-343.1640441837517,-222.83558512241228,-120.3284590613394,33605.72841796875,34704.48064657142,32506.976189366076,29.66399668491367,1.9184638714446405,-0.020876833320214727
2024-11-13,31811.472310072484,31997.075864161652,31200.934303200218,31249.77734375,10612090,32539.232421875,33008.1263671875,33457.75830078125,34068.469075520836,35353.76373697917,-473.93874896204943,-273.0562178903397,-200.8825310717097,33457.75830078125,34943.33223574345,31972.184365819045,27.76265705189367,1.703578256827946,-0.025586276941437225
2024-11-14,31293.73729656353,31503.762379090804,31073.943605546618,31117.90234375,10261930,32096.715234375,32713.1146484375,33297.11005859375,34024.0869140625,35312.197102864586,-581.5164948827951,-334.74827328883083,-246.76822159396426,33297.11005859375,35055.06142127429,31539.15869591322,20.41138395589428,1.4681904966406418,-0.004220030067714209
2024-11-15,31132.553057308713,31533.065977092097,30946.94950911641,31342.578125,8507787,31706.947265625,32517.7423828125,33163.27177734375,33975.74231770833,35269.6341796875,-641.2512307052275,-396.04886477211016,-245.20236593311733,33163.27177734375,35089.25404666369,31237.2895080238,25.444968444932684,12.676057027811732,0.007220145457366378
2024-11-18,31689.362204443343,32329.205985081764,31669.824989767363,32070.337890625,5891926,31570.18671875,32418.591015625,33061.92734375,33932.955826822916,35236.69138997396,-622.6893332432592,-441.37695846634,-181.31237477691917,33061.92734375,34994.28372576834,31129.57096173166,35.155533776587575,35.99369362244017,0.023219524658200097
2024-11-19,32016.61529128804,32255.946206508957,32011.730986895775,32182.681640625,7100086,31592.65546875,32275.4806640625,32976.17861328125,33890.0947265625,35202.17981770833,-592.0884667617356,-471.5192601254191,-120.5692066363165,32976.17861328125,34904.585588510454,31047.771638052043,32.73540918651881,39.593220361773014,0.0035030422935717898
2024-11-20,32128.95053641415,32319.438385444275,32050.80167527359,32246.173828125,4688772,31791.934765625,32165.58359375,32888.7373046875,33842.85647786458,35169.77303059896,-556.3010781592748,-488.4756237321903,-67.82545442708448,32888.7373046875,34780.88558330899,30996.58902606601,32.422271761928,46.180494056268095,0.0019728681471917753
2024-11-21,32075.224924357033,32461.084947049923,32060.57201210287,32285.25,7895737,32025.404296875,32061.059765625,32828.0736328125,33782.39690755208,35137.69187825521,-518.8057249090889,-494.54164396757005,-24.26408094151884,32828.0736328125,34715.69677995981,30940.450485665184,38.63889154693043,47.56944352143218,0.0012118080142866638
2024-11-22,32436.661369301994,32724.83529202279,32378.04972400285,32573.421875,5007775,32271.573046875,31989.26015625,32760.1583984375,33732.013444010416,35108.01215820313,-460.52863789074763,-487.7390427522056,27.21040486145796,32760.1583984375,34577.00202286248,30943.314774012524,44.577023630052025,57.81241647530677,0.008925805902076034
2024-11-25,32866.48096723544,33086.27464289684,32744.373369645768,32954.3984375,6798558,32448.38515625,32009.2859375,32725.4078125,33682.05732421875,35086.194026692705,-379.23046913973303,-466.0373280297111,86.80685888997806,32725.4078125,34496.65073195737,30954.164893042635,42.390015589371096,71.3541010194616,0.011695933081946164
2024-11-26,32744.373438893846,32881.1339484835,32690.64609584077,32851.828125,5023904,32582.214453125,32087.4349609375,32684.3119140625,33631.202897135416,35059.39998372396,-319.39585508534947,-436.70903344083877,117.3131783554893,32684.3119140625,34400.18463484019,30968.439193284805,44.079694348733085,67.70827355344686,-0.003112492333748107
2024-11-27,32749.255206479906,32881.13140194224,32509.924333233444,32597.841796875,5547080,32652.548046875,32222.24140625,32615.18388671875,33575.222981770836,35030.166178385414,-289.13806278393895,-407.19483930945887,118.05677652551992,32615.18388671875,34218.935683174604,31011.4320902629,41.68512741351083,58.68041443416849,-0.007731269235872973
2024-11-28,32505.042507032897,32651.57162426971,32431.77794841449,32500.158203125,3664913,32695.5296875,32360.4669921875,32536.7908203125,33518.020670572914,35004.522281901045,-269.9292180288867,-379.7417150533445,109.8124970244578,32536.7908203125,33987.502747730214,31086.078892894788,41.13782360479101,72.60274137311215,-0.002996627640525662
2024-11-29,32382.93731689453,32382.93731689453,31664.944589053885,31884.73828125,9016177,32557.79296875,32414.6830078125,32466.2126953125,33453.72529296875,34979.12351888021,-300.8967639911207,-363.97272484089973,63.07596084977905,32466.2126953125,33898.57371317124,31033.851677453767,40.43013175354064,43.83572918981285,-0.018935905420171983
2024-12-02,32197.33342889908,32246.176471115254,31821.242003834574,31943.349609375,7351735,32355.583203125,32401.9841796875,32410.28759765625,33392.353841145836,34954.33440755208,-317.0545158320019,-354.58908303912017,37.53456720711824,32410.28759765625,33832.03031785718,30988.544877455322,48.379095017570734,46.575440288397814,0.0018382251598867416
2024-12-03,32104.53102749209,32490.391053533756,32104.53102749209,32412.2421875,5701518,32267.666015625,32424.940234375,32350.21044921875,33346.66640625,34928.20029296875,-288.6960300924402,-341.4104724497842,52.71444235734401,32350.21044921875,33654.52199524424,31045.898903193254,66.30140768227069,68.4932203733919,0.014678879449367077
2024-12-04,31840.776142515468,32207.098923722504,31723.552852529217,31972.65234375,11354760,32142.628125,32397.5880859375,32281.58583984375,33290.5697265625,34900.584700520834,-298.25485609315365,-332.7793491784581,34.52449308530447,32281.58583984375,33507.55960520086,31055.61207448664,61.034015361776284,47.945158893218704,-0.01356246325715571
2024-12-05,31997.07607091346,32041.034807692307,31625.86896033654,31747.9765625,8795714,31992.191796875,32343.8607421875,32202.46025390625,33231.37747395833,34868.14742838542,-320.2679033889508,-330.27706002055663,10.009156631605833,32202.46025390625,33344.81523704772,31060.105270764787,55.23331101142451,8.361211108778322,-0.00702712364412017
2024-12-06,31831.010129249942,31972.65494952741,31103.248811272613,31586.794921875,12257740,31932.603125,32245.198046875,32117.2291015625,33174.44762369792,34830.44786783854,-346.72261088265077,-333.5661701929755,-13.156440689675264,32117.2291015625,33168.19945222988,31066.258750895126,42.688373884239724,24.384256770186976,-0.005076910659414513
2024-12-09,31142.321189640817,31274.19739292192,30771.114098923645,30800.419921875,10662480,31704.0171875,32029.8001953125,32019.54306640625,33124.69290364583,34788.82132161458,-426.2287479687948,-352.09868574813936,-74.13006222065542,32019.54306640625,33178.85662175244,30860.229511060064,32.63797028634231,1.2658224945844052,-0.0248956882755903
2024-12-10,31103.247270360585,31498.87588670782,31088.594358644023,31425.611328125,5652081,31506.691015625,31887.178515625,31987.30673828125,33086.25048828125,34752.12192382813,-433.7897546121385,-368.4368995209392,-65.35285509119927,31987.30673828125,33176.152157536104,30798.4613190264,40.96774748356415,28.270058027083135,0.020298145539437318
2024-12-11,31283.968129001787,31772.39854475513,31269.315216529187,31752.861328125,4672310,31462.7328125,31802.68046875,32012.4609375,33058.2919921875,34715.52337239583,-408.6647341234493,-376.48246644144126,-32.182267682008046,32012.4609375,33156.02776425643,30868.89411074357,44.48938746712329,42.40514688093797,0.010413480793836527
2024-12-12,31953.1177467205,32304.787645492113,31835.894447129966,32207.1015625,6775672,31554.5578125,31773.3748046875,32066.9208984375,33041.6359375,34680.649609375,-348.08705283176096,-370.80338371950523,22.716330887744277,32066.9208984375,33132.17316041379,31001.668636461207,46.33433687138478,62.02539462390656,0.014305489816524242
2024-12-13,32128.950927734375,32485.50511103091,32050.802065641983,32353.62890625,7191550,31707.924609375,31820.2638671875,32117.4734375,33029.774674479166,34645.98688151042,-284.97031154532306,-353.63676928466884,68.66645773934579,32117.4734375,33132.78144438534,31102.165430614656,43.692304789840556,74.99999621598185,0.004549535246618053
2024-12-16,32573.425197975852,32666.226979166666,32172.91224757339,32236.408203125,4979861,31995.122265625,31849.5697265625,32125.776953125,33021.15182291667,34612.00385742188,-241.62328757822252,-331.2340729433796,89.61078536515708,32125.776953125,33142.17761058212,31109.376295667887,43.55830227599361,69.44464872895121,-0.003623108352533433
2024-12-17,32192.44561277351,32211.982827528645,31816.354228737164,31865.197265625,5459570,32083.039453125,31794.865234375,32109.902734375,32993.84873046875,34571.735546875,-234.52067079398694,-311.89139251350105,77.37072171951411,32109.902734375,33132.459665945236,31087.34580280476,42.51497746794989,57.731820521480216,-0.011515269789393434
2024-12-18,31943.34759012243,32412.240765757255,31943.34759012243,32314.5546875,4437805,32195.378125,31829.05546875,32113.32177734375,32972.81800130208,34530.646223958334,-190.43716620327177,-287.6005472514552,97.16338104818345,32113.32177734375,33138.25171443734,31088.391840250155,48.2309133780695,81.44320080703747,0.014101824574604072
2024-12-19,31508.643646513974,31743.09022766925,31430.494786128886,31581.908203125,5702060,32070.339453125,31812.4486328125,32078.1546875,32940.550065104166,34482.239501953125,-212.17331758572618,-272.5151013183094,60.341783732583224,32078.1546875,33126.25001509717,31030.059359902833,47.1766573519734,42.78342006189006,-0.02267233732477847
2024-12-20,31450.033991362485,31450.033991362485,30893.2233258841,31127.669921875,9703770,31825.14765625,31766.5361328125,32005.86708984375,32899.33238932292,34432.714029947914,-263.02066868211114,-270.61621479106975,7.595546108958615,32005.86708984375,33108.16277010143,30903.57140958607,42.9177228885342,18.814489979384877,-0.014382863705653226
2024-12-23,31396.305261381174,31757.743747588735,31283.96627242477,31650.2890625,6926535,31707.923828125,31851.523046875,31940.66162109375,32865.121321614584,34389.887109375,-258.17053460598254,-268.1270787540523,9.956544148069781,31940.66162109375,32957.69589002318,30923.627352164327,43.44536629131929,46.39169374774202,0.016789536188756893
2024-12-24,31791.932271287104,31826.122396636467,31542.83278659888,31674.708984375,5201448,31669.826171875,31876.4328125,31881.8056640625,32824.5837890625,34346.374820963545,-249.48042970039387,-264.39774894332066,14.917319242926794,31881.8056640625,32809.1027865376,30954.5085415874,47.23981062068661,47.680267221627574,0.0007715544659570028
2024-12-26,31787.049961464636,31787.049961464636,31464.685902236506,31489.107421875,3206208,31504.73671875,31850.057421875,31826.3689453125,32789.30888671875,34298.77041015625,-254.63468378063044,-262.44513591078265,7.810452130152214,31826.3689453125,32704.7010187843,30948.0368718407,47.58431064065407,37.88657290215256,-0.005859613819705678
2024-12-27,31435.379580076606,31572.140087883028,31137.43704521261,31401.189453125,4849717,31468.59296875,31769.4662109375,31771.4205078125,32733.7474609375,34250.79702148437,-262.78449649271715,-262.5130080271696,-0.2714884655475771,31771.4205078125,32608.81852920262,30934.022486422382,48.24397429842126,33.247378600506224,-0.002792012093963847
2024-12-30,31288.850426933874,31699.13194985964,31205.81726157985,31318.15625,4162622,31506.690234375,31665.9189453125,31743.09140625,32679.154817708335,34200.31355794271,-272.7987135791991,-264.57014913757547,-8.228564441623632,31743.09140625,32602.39653302825,30883.78627947175,55.65032410160654,23.966838609112408,-0.002644269359571516
